record_id,collection_version,review_status,production_ready,sector,subsector,technology,fuel_or_material,pollutant,ef_value,ef_expression,ef_lower,ef_upper,unit,activity_basis,control_basis,geographic_scope,applicability,evidence_origin,factor_reference_period_start,factor_reference_period_end,source_id,source_table_or_location,quality_flag,notes,source_title,publication_year,source_url
EF00001,1.0.0,superseded_pending_capss_vii_diff,false,Buildings and services,Commercial/public stationary combustion,Solid fuel,Non-civil anthracite,CO,0.3,,,,kg/ton-fuel,fuel consumed,controlled only for SRF/Bio-SRF; otherwise handbook basis,Korea,CAPSS inventory default,CAPSS; mixed domestic and international source factors,,,capss_handbook_vi_mirror,CAPSS VI Table 2-3,CAPSS_VI_needs_VII_diff,S = fuel sulfur content in percent where an expression is shown.,National Air Pollutant Emissions Estimation Method Handbook VI,2023,https://www.scribd.com/document/742589271/
EF00002,1.0.0,superseded_pending_capss_vii_diff,false,Buildings and services,Commercial/public stationary combustion,Solid fuel,Non-civil anthracite,NOx,5.83,,,,kg/ton-fuel,fuel consumed,controlled only for SRF/Bio-SRF; otherwise handbook basis,Korea,CAPSS inventory default,CAPSS; mixed domestic and international source factors,,,capss_handbook_vi_mirror,CAPSS VI Table 2-3,CAPSS_VI_needs_VII_diff,S = fuel sulfur content in percent where an expression is shown.,National Air Pollutant Emissions Estimation Method Handbook VI,2023,https://www.scribd.com/document/742589271/
EF00003,1.0.0,superseded_pending_capss_vii_diff,false,Buildings and services,Commercial/public stationary combustion,Solid fuel,Non-civil anthracite,SOx,,19.5*S,,,kg/ton-fuel,fuel consumed,controlled only for SRF/Bio-SRF; otherwise handbook basis,Korea,CAPSS inventory default,CAPSS; mixed domestic and international source factors,,,capss_handbook_vi_mirror,CAPSS VI Table 2-3,CAPSS_VI_needs_VII_diff,S = fuel sulfur content in percent where an expression is shown.,National Air Pollutant Emissions Estimation Method Handbook VI,2023,https://www.scribd.com/document/742589271/
EF00004,1.0.0,superseded_pending_capss_vii_diff,false,Buildings and services,Commercial/public stationary combustion,Solid fuel,Non-civil anthracite,TSP,200.0,,,,kg/ton-fuel,fuel consumed,controlled only for SRF/Bio-SRF; otherwise handbook basis,Korea,CAPSS inventory default,CAPSS; mixed domestic and international source factors,,,capss_handbook_vi_mirror,CAPSS VI Table 2-3,CAPSS_VI_needs_VII_diff,S = fuel sulfur content in percent where an expression is shown.,National Air Pollutant Emissions Estimation Method Handbook VI,2023,https://www.scribd.com/document/742589271/
EF00005,1.0.0,superseded_pending_capss_vii_diff,false,Buildings and services,Commercial/public stationary combustion,Solid fuel,Non-civil anthracite,PM10,153.4,,,,kg/ton-fuel,fuel consumed,controlled only for SRF/Bio-SRF; otherwise handbook basis,Korea,CAPSS inventory default,CAPSS; mixed domestic and international source factors,,,capss_handbook_vi_mirror,CAPSS VI Table 2-3,CAPSS_VI_needs_VII_diff,S = fuel sulfur content in percent where an expression is shown.,National Air Pollutant Emissions Estimation Method Handbook VI,2023,https://www.scribd.com/document/742589271/
EF00006,1.0.0,superseded_pending_capss_vii_diff,false,Buildings and services,Commercial/public stationary combustion,Solid fuel,Non-civil anthracite,PM2.5,79.8958,,,,kg/ton-fuel,fuel consumed,controlled only for SRF/Bio-SRF; otherwise handbook basis,Korea,CAPSS inventory default,CAPSS; mixed domestic and international source factors,,,capss_handbook_vi_mirror,CAPSS VI Table 2-3,CAPSS_VI_needs_VII_diff,S = fuel sulfur content in percent where an expression is shown.,National Air Pollutant Emissions Estimation Method Handbook VI,2023,https://www.scribd.com/document/742589271/
EF00007,1.0.0,superseded_pending_capss_vii_diff,false,Buildings and services,Commercial/public stationary combustion,Solid fuel,Non-civil anthracite,VOCs,0.15,,,,kg/ton-fuel,fuel consumed,controlled only for SRF/Bio-SRF; otherwise handbook basis,Korea,CAPSS inventory default,CAPSS; mixed domestic and international source factors,,,capss_handbook_vi_mirror,CAPSS VI Table 2-3,CAPSS_VI_needs_VII_diff,S = fuel sulfur content in percent where an expression is shown.,National Air Pollutant Emissions Estimation Method Handbook VI,2023,https://www.scribd.com/document/742589271/
EF00008,1.0.0,superseded_pending_capss_vii_diff,false,Buildings and services,Commercial/public stationary combustion,Solid fuel,Non-civil anthracite,NH3,0.00028,,,,kg/ton-fuel,fuel consumed,controlled only for SRF/Bio-SRF; otherwise handbook basis,Korea,CAPSS inventory default,CAPSS; mixed domestic and international source factors,,,capss_handbook_vi_mirror,CAPSS VI Table 2-3,CAPSS_VI_needs_VII_diff,S = fuel sulfur content in percent where an expression is shown.,National Air Pollutant Emissions Estimation Method Handbook VI,2023,https://www.scribd.com/document/742589271/
EF00009,1.0.0,superseded_pending_capss_vii_diff,false,Buildings and services,Commercial/public stationary combustion,Solid fuel,Bituminous coal,CO,0.25,,,,kg/ton-fuel,fuel consumed,controlled only for SRF/Bio-SRF; otherwise handbook basis,Korea,CAPSS inventory default,CAPSS; mixed domestic and international source factors,,,capss_handbook_vi_mirror,CAPSS VI Table 2-3,CAPSS_VI_needs_VII_diff,S = fuel sulfur content in percent where an expression is shown.,National Air Pollutant Emissions Estimation Method Handbook VI,2023,https://www.scribd.com/document/742589271/
EF00010,1.0.0,superseded_pending_capss_vii_diff,false,Buildings and services,Commercial/public stationary combustion,Solid fuel,Bituminous coal,NOx,4.55,,,,kg/ton-fuel,fuel consumed,controlled only for SRF/Bio-SRF; otherwise handbook basis,Korea,CAPSS inventory default,CAPSS; mixed domestic and international source factors,,,capss_handbook_vi_mirror,CAPSS VI Table 2-3,CAPSS_VI_needs_VII_diff,S = fuel sulfur content in percent where an expression is shown.,National Air Pollutant Emissions Estimation Method Handbook VI,2023,https://www.scribd.com/document/742589271/
EF00011,1.0.0,superseded_pending_capss_vii_diff,false,Buildings and services,Commercial/public stationary combustion,Solid fuel,Bituminous coal,SOx,,19*S,,,kg/ton-fuel,fuel consumed,controlled only for SRF/Bio-SRF; otherwise handbook basis,Korea,CAPSS inventory default,CAPSS; mixed domestic and international source factors,,,capss_handbook_vi_mirror,CAPSS VI Table 2-3,CAPSS_VI_needs_VII_diff,S = fuel sulfur content in percent where an expression is shown.,National Air Pollutant Emissions Estimation Method Handbook VI,2023,https://www.scribd.com/document/742589271/
EF00012,1.0.0,superseded_pending_capss_vii_diff,false,Buildings and services,Commercial/public stationary combustion,Solid fuel,Bituminous coal,TSP,50.0,,,,kg/ton-fuel,fuel consumed,controlled only for SRF/Bio-SRF; otherwise handbook basis,Korea,CAPSS inventory default,CAPSS; mixed domestic and international source factors,,,capss_handbook_vi_mirror,CAPSS VI Table 2-3,CAPSS_VI_needs_VII_diff,S = fuel sulfur content in percent where an expression is shown.,National Air Pollutant Emissions Estimation Method Handbook VI,2023,https://www.scribd.com/document/742589271/
EF00013,1.0.0,superseded_pending_capss_vii_diff,false,Buildings and services,Commercial/public stationary combustion,Solid fuel,Bituminous coal,PM10,38.35,,,,kg/ton-fuel,fuel consumed,controlled only for SRF/Bio-SRF; otherwise handbook basis,Korea,CAPSS inventory default,CAPSS; mixed domestic and international source factors,,,capss_handbook_vi_mirror,CAPSS VI Table 2-3,CAPSS_VI_needs_VII_diff,S = fuel sulfur content in percent where an expression is shown.,National Air Pollutant Emissions Estimation Method Handbook VI,2023,https://www.scribd.com/document/742589271/
EF00014,1.0.0,superseded_pending_capss_vii_diff,false,Buildings and services,Commercial/public stationary combustion,Solid fuel,Bituminous coal,PM2.5,13.3644,,,,kg/ton-fuel,fuel consumed,controlled only for SRF/Bio-SRF; otherwise handbook basis,Korea,CAPSS inventory default,CAPSS; mixed domestic and international source factors,,,capss_handbook_vi_mirror,CAPSS VI Table 2-3,CAPSS_VI_needs_VII_diff,S = fuel sulfur content in percent where an expression is shown.,National Air Pollutant Emissions Estimation Method Handbook VI,2023,https://www.scribd.com/document/742589271/
EF00015,1.0.0,superseded_pending_capss_vii_diff,false,Buildings and services,Commercial/public stationary combustion,Solid fuel,Bituminous coal,VOCs,0.03,,,,kg/ton-fuel,fuel consumed,controlled only for SRF/Bio-SRF; otherwise handbook basis,Korea,CAPSS inventory default,CAPSS; mixed domestic and international source factors,,,capss_handbook_vi_mirror,CAPSS VI Table 2-3,CAPSS_VI_needs_VII_diff,S = fuel sulfur content in percent where an expression is shown.,National Air Pollutant Emissions Estimation Method Handbook VI,2023,https://www.scribd.com/document/742589271/
EF00016,1.0.0,superseded_pending_capss_vii_diff,false,Buildings and services,Commercial/public stationary combustion,Solid fuel,Bituminous coal,NH3,0.00028,,,,kg/ton-fuel,fuel consumed,controlled only for SRF/Bio-SRF; otherwise handbook basis,Korea,CAPSS inventory default,CAPSS; mixed domestic and international source factors,,,capss_handbook_vi_mirror,CAPSS VI Table 2-3,CAPSS_VI_needs_VII_diff,S = fuel sulfur content in percent where an expression is shown.,National Air Pollutant Emissions Estimation Method Handbook VI,2023,https://www.scribd.com/document/742589271/
EF00017,1.0.0,superseded_pending_capss_vii_diff,false,Buildings and services,Commercial/public stationary combustion,Solid recovered fuel,SRF,CO,0.2633,,,,kg/ton-fuel,fuel consumed,controlled only for SRF/Bio-SRF; otherwise handbook basis,Korea,CAPSS inventory default,CAPSS; mixed domestic and international source factors,,,capss_handbook_vi_mirror,CAPSS VI Table 2-3,CAPSS_VI_needs_VII_diff,S = fuel sulfur content in percent where an expression is shown.,National Air Pollutant Emissions Estimation Method Handbook VI,2023,https://www.scribd.com/document/742589271/
EF00018,1.0.0,superseded_pending_capss_vii_diff,false,Buildings and services,Commercial/public stationary combustion,Solid recovered fuel,SRF,NOx,0.9585,,,,kg/ton-fuel,fuel consumed,controlled only for SRF/Bio-SRF; otherwise handbook basis,Korea,CAPSS inventory default,CAPSS; mixed domestic and international source factors,,,capss_handbook_vi_mirror,CAPSS VI Table 2-3,CAPSS_VI_needs_VII_diff,S = fuel sulfur content in percent where an expression is shown.,National Air Pollutant Emissions Estimation Method Handbook VI,2023,https://www.scribd.com/document/742589271/
EF00019,1.0.0,superseded_pending_capss_vii_diff,false,Buildings and services,Commercial/public stationary combustion,Solid recovered fuel,SRF,SOx,0.1021,,,,kg/ton-fuel,fuel consumed,controlled only for SRF/Bio-SRF; otherwise handbook basis,Korea,CAPSS inventory default,CAPSS; mixed domestic and international source factors,,,capss_handbook_vi_mirror,CAPSS VI Table 2-3,CAPSS_VI_needs_VII_diff,S = fuel sulfur content in percent where an expression is shown.,National Air Pollutant Emissions Estimation Method Handbook VI,2023,https://www.scribd.com/document/742589271/
EF00020,1.0.0,superseded_pending_capss_vii_diff,false,Buildings and services,Commercial/public stationary combustion,Solid recovered fuel,SRF,TSP,0.0587,,,,kg/ton-fuel,fuel consumed,controlled only for SRF/Bio-SRF; otherwise handbook basis,Korea,CAPSS inventory default,CAPSS; mixed domestic and international source factors,,,capss_handbook_vi_mirror,CAPSS VI Table 2-3,CAPSS_VI_needs_VII_diff,S = fuel sulfur content in percent where an expression is shown.,National Air Pollutant Emissions Estimation Method Handbook VI,2023,https://www.scribd.com/document/742589271/
EF00021,1.0.0,superseded_pending_capss_vii_diff,false,Buildings and services,Commercial/public stationary combustion,Solid recovered fuel,SRF,PM10,0.0523,,,,kg/ton-fuel,fuel consumed,controlled only for SRF/Bio-SRF; otherwise handbook basis,Korea,CAPSS inventory default,CAPSS; mixed domestic and international source factors,,,capss_handbook_vi_mirror,CAPSS VI Table 2-3,CAPSS_VI_needs_VII_diff,S = fuel sulfur content in percent where an expression is shown.,National Air Pollutant Emissions Estimation Method Handbook VI,2023,https://www.scribd.com/document/742589271/
EF00022,1.0.0,superseded_pending_capss_vii_diff,false,Buildings and services,Commercial/public stationary combustion,Solid recovered fuel,SRF,PM2.5,0.0283,,,,kg/ton-fuel,fuel consumed,controlled only for SRF/Bio-SRF; otherwise handbook basis,Korea,CAPSS inventory default,CAPSS; mixed domestic and international source factors,,,capss_handbook_vi_mirror,CAPSS VI Table 2-3,CAPSS_VI_needs_VII_diff,S = fuel sulfur content in percent where an expression is shown.,National Air Pollutant Emissions Estimation Method Handbook VI,2023,https://www.scribd.com/document/742589271/
EF00023,1.0.0,superseded_pending_capss_vii_diff,false,Buildings and services,Commercial/public stationary combustion,Solid recovered fuel,SRF,VOCs,0.0056,,,,kg/ton-fuel,fuel consumed,controlled only for SRF/Bio-SRF; otherwise handbook basis,Korea,CAPSS inventory default,CAPSS; mixed domestic and international source factors,,,capss_handbook_vi_mirror,CAPSS VI Table 2-3,CAPSS_VI_needs_VII_diff,S = fuel sulfur content in percent where an expression is shown.,National Air Pollutant Emissions Estimation Method Handbook VI,2023,https://www.scribd.com/document/742589271/
EF00024,1.0.0,superseded_pending_capss_vii_diff,false,Buildings and services,Commercial/public stationary combustion,Solid recovered fuel,SRF,NH3,0.7674,,,,kg/ton-fuel,fuel consumed,controlled only for SRF/Bio-SRF; otherwise handbook basis,Korea,CAPSS inventory default,CAPSS; mixed domestic and international source factors,,,capss_handbook_vi_mirror,CAPSS VI Table 2-3,CAPSS_VI_needs_VII_diff,S = fuel sulfur content in percent where an expression is shown.,National Air Pollutant Emissions Estimation Method Handbook VI,2023,https://www.scribd.com/document/742589271/
EF00025,1.0.0,superseded_pending_capss_vii_diff,false,Buildings and services,Commercial/public stationary combustion,Solid recovered fuel,Bio-SRF,CO,0.2175,,,,kg/ton-fuel,fuel consumed,controlled only for SRF/Bio-SRF; otherwise handbook basis,Korea,CAPSS inventory default,CAPSS; mixed domestic and international source factors,,,capss_handbook_vi_mirror,CAPSS VI Table 2-3,CAPSS_VI_needs_VII_diff,S = fuel sulfur content in percent where an expression is shown.,National Air Pollutant Emissions Estimation Method Handbook VI,2023,https://www.scribd.com/document/742589271/
EF00026,1.0.0,superseded_pending_capss_vii_diff,false,Buildings and services,Commercial/public stationary combustion,Solid recovered fuel,Bio-SRF,NOx,0.3354,,,,kg/ton-fuel,fuel consumed,controlled only for SRF/Bio-SRF; otherwise handbook basis,Korea,CAPSS inventory default,CAPSS; mixed domestic and international source factors,,,capss_handbook_vi_mirror,CAPSS VI Table 2-3,CAPSS_VI_needs_VII_diff,S = fuel sulfur content in percent where an expression is shown.,National Air Pollutant Emissions Estimation Method Handbook VI,2023,https://www.scribd.com/document/742589271/
EF00027,1.0.0,superseded_pending_capss_vii_diff,false,Buildings and services,Commercial/public stationary combustion,Solid recovered fuel,Bio-SRF,TSP,0.0097,,,,kg/ton-fuel,fuel consumed,controlled only for SRF/Bio-SRF; otherwise handbook basis,Korea,CAPSS inventory default,CAPSS; mixed domestic and international source factors,,,capss_handbook_vi_mirror,CAPSS VI Table 2-3,CAPSS_VI_needs_VII_diff,S = fuel sulfur content in percent where an expression is shown.,National Air Pollutant Emissions Estimation Method Handbook VI,2023,https://www.scribd.com/document/742589271/
EF00028,1.0.0,superseded_pending_capss_vii_diff,false,Buildings and services,Commercial/public stationary combustion,Solid recovered fuel,Bio-SRF,PM10,0.009,,,,kg/ton-fuel,fuel consumed,controlled only for SRF/Bio-SRF; otherwise handbook basis,Korea,CAPSS inventory default,CAPSS; mixed domestic and international source factors,,,capss_handbook_vi_mirror,CAPSS VI Table 2-3,CAPSS_VI_needs_VII_diff,S = fuel sulfur content in percent where an expression is shown.,National Air Pollutant Emissions Estimation Method Handbook VI,2023,https://www.scribd.com/document/742589271/
EF00029,1.0.0,superseded_pending_capss_vii_diff,false,Buildings and services,Commercial/public stationary combustion,Solid recovered fuel,Bio-SRF,PM2.5,0.0084,,,,kg/ton-fuel,fuel consumed,controlled only for SRF/Bio-SRF; otherwise handbook basis,Korea,CAPSS inventory default,CAPSS; mixed domestic and international source factors,,,capss_handbook_vi_mirror,CAPSS VI Table 2-3,CAPSS_VI_needs_VII_diff,S = fuel sulfur content in percent where an expression is shown.,National Air Pollutant Emissions Estimation Method Handbook VI,2023,https://www.scribd.com/document/742589271/
EF00030,1.0.0,superseded_pending_capss_vii_diff,false,Buildings and services,Commercial/public stationary combustion,Solid recovered fuel,Bio-SRF,VOCs,0.0019,,,,kg/ton-fuel,fuel consumed,controlled only for SRF/Bio-SRF; otherwise handbook basis,Korea,CAPSS inventory default,CAPSS; mixed domestic and international source factors,,,capss_handbook_vi_mirror,CAPSS VI Table 2-3,CAPSS_VI_needs_VII_diff,S = fuel sulfur content in percent where an expression is shown.,National Air Pollutant Emissions Estimation Method Handbook VI,2023,https://www.scribd.com/document/742589271/
EF00031,1.0.0,superseded_pending_capss_vii_diff,false,Buildings and services,Commercial/public stationary combustion,Solid recovered fuel,Bio-SRF,NH3,0.0337,,,,kg/ton-fuel,fuel consumed,controlled only for SRF/Bio-SRF; otherwise handbook basis,Korea,CAPSS inventory default,CAPSS; mixed domestic and international source factors,,,capss_handbook_vi_mirror,CAPSS VI Table 2-3,CAPSS_VI_needs_VII_diff,S = fuel sulfur content in percent where an expression is shown.,National Air Pollutant Emissions Estimation Method Handbook VI,2023,https://www.scribd.com/document/742589271/
EF00032,1.0.0,superseded_pending_capss_vii_diff,false,Buildings and services,Commercial/public stationary combustion,Boiler (classes 1–3),B-A oil,CO,0.6,,,,kg/kL-fuel,fuel consumed,not specified,Korea,CAPSS inventory default,CAPSS default,,,capss_handbook_vi_mirror,CAPSS VI Table 2-3,CAPSS_VI_needs_VII_diff,S = fuel sulfur content in percent.,National Air Pollutant Emissions Estimation Method Handbook VI,2023,https://www.scribd.com/document/742589271/
EF00033,1.0.0,superseded_pending_capss_vii_diff,false,Buildings and services,Commercial/public stationary combustion,Boiler (classes 1–3),B-A oil,NOx,5.99,,,,kg/kL-fuel,fuel consumed,not specified,Korea,CAPSS inventory default,CAPSS default,,,capss_handbook_vi_mirror,CAPSS VI Table 2-3,CAPSS_VI_needs_VII_diff,S = fuel sulfur content in percent.,National Air Pollutant Emissions Estimation Method Handbook VI,2023,https://www.scribd.com/document/742589271/
EF00034,1.0.0,superseded_pending_capss_vii_diff,false,Buildings and services,Commercial/public stationary combustion,Boiler (classes 1–3),B-A oil,SOx,,18*S,,,kg/kL-fuel,fuel consumed,not specified,Korea,CAPSS inventory default,CAPSS default,,,capss_handbook_vi_mirror,CAPSS VI Table 2-3,CAPSS_VI_needs_VII_diff,S = fuel sulfur content in percent.,National Air Pollutant Emissions Estimation Method Handbook VI,2023,https://www.scribd.com/document/742589271/
EF00035,1.0.0,superseded_pending_capss_vii_diff,false,Buildings and services,Commercial/public stationary combustion,Boiler (classes 1–3),B-A oil,TSP,0.84,,,,kg/kL-fuel,fuel consumed,not specified,Korea,CAPSS inventory default,CAPSS default,,,capss_handbook_vi_mirror,CAPSS VI Table 2-3,CAPSS_VI_needs_VII_diff,S = fuel sulfur content in percent.,National Air Pollutant Emissions Estimation Method Handbook VI,2023,https://www.scribd.com/document/742589271/
EF00036,1.0.0,superseded_pending_capss_vii_diff,false,Buildings and services,Commercial/public stationary combustion,Boiler (classes 1–3),B-A oil,PM10,0.77028,,,,kg/kL-fuel,fuel consumed,not specified,Korea,CAPSS inventory default,CAPSS default,,,capss_handbook_vi_mirror,CAPSS VI Table 2-3,CAPSS_VI_needs_VII_diff,S = fuel sulfur content in percent.,National Air Pollutant Emissions Estimation Method Handbook VI,2023,https://www.scribd.com/document/742589271/
EF00037,1.0.0,superseded_pending_capss_vii_diff,false,Buildings and services,Commercial/public stationary combustion,Boiler (classes 1–3),B-A oil,PM2.5,0.7678,,,,kg/kL-fuel,fuel consumed,not specified,Korea,CAPSS inventory default,CAPSS default,,,capss_handbook_vi_mirror,CAPSS VI Table 2-3,CAPSS_VI_needs_VII_diff,S = fuel sulfur content in percent.,National Air Pollutant Emissions Estimation Method Handbook VI,2023,https://www.scribd.com/document/742589271/
EF00038,1.0.0,superseded_pending_capss_vii_diff,false,Buildings and services,Commercial/public stationary combustion,Boiler (classes 1–3),B-A oil,VOCs,0.03,,,,kg/kL-fuel,fuel consumed,not specified,Korea,CAPSS inventory default,CAPSS default,,,capss_handbook_vi_mirror,CAPSS VI Table 2-3,CAPSS_VI_needs_VII_diff,S = fuel sulfur content in percent.,National Air Pollutant Emissions Estimation Method Handbook VI,2023,https://www.scribd.com/document/742589271/
EF00039,1.0.0,superseded_pending_capss_vii_diff,false,Buildings and services,Commercial/public stationary combustion,Boiler (classes 1–3),B-A oil,NH3,0.096,,,,kg/kL-fuel,fuel consumed,not specified,Korea,CAPSS inventory default,CAPSS default,,,capss_handbook_vi_mirror,CAPSS VI Table 2-3,CAPSS_VI_needs_VII_diff,S = fuel sulfur content in percent.,National Air Pollutant Emissions Estimation Method Handbook VI,2023,https://www.scribd.com/document/742589271/
EF00040,1.0.0,superseded_pending_capss_vii_diff,false,Buildings and services,Commercial/public stationary combustion,Boiler (classes 1–3),B-B oil,CO,0.6,,,,kg/kL-fuel,fuel consumed,not specified,Korea,CAPSS inventory default,CAPSS default,,,capss_handbook_vi_mirror,CAPSS VI Table 2-3,CAPSS_VI_needs_VII_diff,S = fuel sulfur content in percent.,National Air Pollutant Emissions Estimation Method Handbook VI,2023,https://www.scribd.com/document/742589271/
EF00041,1.0.0,superseded_pending_capss_vii_diff,false,Buildings and services,Commercial/public stationary combustion,Boiler (classes 1–3),B-B oil,NOx,2.47,,,,kg/kL-fuel,fuel consumed,not specified,Korea,CAPSS inventory default,CAPSS default,,,capss_handbook_vi_mirror,CAPSS VI Table 2-3,CAPSS_VI_needs_VII_diff,S = fuel sulfur content in percent.,National Air Pollutant Emissions Estimation Method Handbook VI,2023,https://www.scribd.com/document/742589271/
EF00042,1.0.0,superseded_pending_capss_vii_diff,false,Buildings and services,Commercial/public stationary combustion,Boiler (classes 1–3),B-B oil,SOx,,14.3*S,,,kg/kL-fuel,fuel consumed,not specified,Korea,CAPSS inventory default,CAPSS default,,,capss_handbook_vi_mirror,CAPSS VI Table 2-3,CAPSS_VI_needs_VII_diff,S = fuel sulfur content in percent.,National Air Pollutant Emissions Estimation Method Handbook VI,2023,https://www.scribd.com/document/742589271/
EF00043,1.0.0,superseded_pending_capss_vii_diff,false,Buildings and services,Commercial/public stationary combustion,Boiler (classes 1–3),B-B oil,TSP,1.2,,,,kg/kL-fuel,fuel consumed,not specified,Korea,CAPSS inventory default,CAPSS default,,,capss_handbook_vi_mirror,CAPSS VI Table 2-3,CAPSS_VI_needs_VII_diff,S = fuel sulfur content in percent.,National Air Pollutant Emissions Estimation Method Handbook VI,2023,https://www.scribd.com/document/742589271/
EF00044,1.0.0,superseded_pending_capss_vii_diff,false,Buildings and services,Commercial/public stationary combustion,Boiler (classes 1–3),B-B oil,PM10,1.1004,,,,kg/kL-fuel,fuel consumed,not specified,Korea,CAPSS inventory default,CAPSS default,,,capss_handbook_vi_mirror,CAPSS VI Table 2-3,CAPSS_VI_needs_VII_diff,S = fuel sulfur content in percent.,National Air Pollutant Emissions Estimation Method Handbook VI,2023,https://www.scribd.com/document/742589271/
EF00045,1.0.0,superseded_pending_capss_vii_diff,false,Buildings and services,Commercial/public stationary combustion,Boiler (classes 1–3),B-B oil,PM2.5,0.7678,,,,kg/kL-fuel,fuel consumed,not specified,Korea,CAPSS inventory default,CAPSS default,,,capss_handbook_vi_mirror,CAPSS VI Table 2-3,CAPSS_VI_needs_VII_diff,S = fuel sulfur content in percent.,National Air Pollutant Emissions Estimation Method Handbook VI,2023,https://www.scribd.com/document/742589271/
EF00046,1.0.0,superseded_pending_capss_vii_diff,false,Buildings and services,Commercial/public stationary combustion,Boiler (classes 1–3),B-B oil,VOCs,0.154,,,,kg/kL-fuel,fuel consumed,not specified,Korea,CAPSS inventory default,CAPSS default,,,capss_handbook_vi_mirror,CAPSS VI Table 2-3,CAPSS_VI_needs_VII_diff,S = fuel sulfur content in percent.,National Air Pollutant Emissions Estimation Method Handbook VI,2023,https://www.scribd.com/document/742589271/
EF00047,1.0.0,superseded_pending_capss_vii_diff,false,Buildings and services,Commercial/public stationary combustion,Boiler (classes 1–3),B-B oil,NH3,0.096,,,,kg/kL-fuel,fuel consumed,not specified,Korea,CAPSS inventory default,CAPSS default,,,capss_handbook_vi_mirror,CAPSS VI Table 2-3,CAPSS_VI_needs_VII_diff,S = fuel sulfur content in percent.,National Air Pollutant Emissions Estimation Method Handbook VI,2023,https://www.scribd.com/document/742589271/
EF00048,1.0.0,superseded_pending_capss_vii_diff,false,Buildings and services,Commercial/public stationary combustion,Boiler (classes 1–3),B-C oil,CO,0.6,,,,kg/kL-fuel,fuel consumed,not specified,Korea,CAPSS inventory default,CAPSS default,,,capss_handbook_vi_mirror,CAPSS VI Table 2-3,CAPSS_VI_needs_VII_diff,S = fuel sulfur content in percent.,National Air Pollutant Emissions Estimation Method Handbook VI,2023,https://www.scribd.com/document/742589271/
EF00049,1.0.0,superseded_pending_capss_vii_diff,false,Buildings and services,Commercial/public stationary combustion,Boiler (classes 1–3),B-C oil,NOx,6.64,,,,kg/kL-fuel,fuel consumed,not specified,Korea,CAPSS inventory default,CAPSS default,,,capss_handbook_vi_mirror,CAPSS VI Table 2-3,CAPSS_VI_needs_VII_diff,S = fuel sulfur content in percent.,National Air Pollutant Emissions Estimation Method Handbook VI,2023,https://www.scribd.com/document/742589271/
EF00050,1.0.0,superseded_pending_capss_vii_diff,false,Buildings and services,Commercial/public stationary combustion,Boiler (classes 1–3),B-C oil,SOx,,14.3*S,,,kg/kL-fuel,fuel consumed,not specified,Korea,CAPSS inventory default,CAPSS default,,,capss_handbook_vi_mirror,CAPSS VI Table 2-3,CAPSS_VI_needs_VII_diff,S = fuel sulfur content in percent.,National Air Pollutant Emissions Estimation Method Handbook VI,2023,https://www.scribd.com/document/742589271/
EF00051,1.0.0,superseded_pending_capss_vii_diff,false,Buildings and services,Commercial/public stationary combustion,Boiler (classes 1–3),B-C oil,TSP,,1.1*S+0.39,,,kg/kL-fuel,fuel consumed,not specified,Korea,CAPSS inventory default,CAPSS default,,,capss_handbook_vi_mirror,CAPSS VI Table 2-3,CAPSS_VI_needs_VII_diff,S = fuel sulfur content in percent.,National Air Pollutant Emissions Estimation Method Handbook VI,2023,https://www.scribd.com/document/742589271/
EF00052,1.0.0,superseded_pending_capss_vii_diff,false,Buildings and services,Commercial/public stationary combustion,Boiler (classes 1–3),B-C oil,PM10,,1.0087*S+0.35763,,,kg/kL-fuel,fuel consumed,not specified,Korea,CAPSS inventory default,CAPSS default,,,capss_handbook_vi_mirror,CAPSS VI Table 2-3,CAPSS_VI_needs_VII_diff,S = fuel sulfur content in percent.,National Air Pollutant Emissions Estimation Method Handbook VI,2023,https://www.scribd.com/document/742589271/
EF00053,1.0.0,superseded_pending_capss_vii_diff,false,Buildings and services,Commercial/public stationary combustion,Boiler (classes 1–3),B-C oil,PM2.5,,0.57715*S+0.19066,,,kg/kL-fuel,fuel consumed,not specified,Korea,CAPSS inventory default,CAPSS default,,,capss_handbook_vi_mirror,CAPSS VI Table 2-3,CAPSS_VI_needs_VII_diff,S = fuel sulfur content in percent.,National Air Pollutant Emissions Estimation Method Handbook VI,2023,https://www.scribd.com/document/742589271/
EF00054,1.0.0,superseded_pending_capss_vii_diff,false,Buildings and services,Commercial/public stationary combustion,Boiler (classes 1–3),B-C oil,VOCs,0.154,,,,kg/kL-fuel,fuel consumed,not specified,Korea,CAPSS inventory default,CAPSS default,,,capss_handbook_vi_mirror,CAPSS VI Table 2-3,CAPSS_VI_needs_VII_diff,S = fuel sulfur content in percent.,National Air Pollutant Emissions Estimation Method Handbook VI,2023,https://www.scribd.com/document/742589271/
EF00055,1.0.0,superseded_pending_capss_vii_diff,false,Buildings and services,Commercial/public stationary combustion,Boiler (classes 1–3),B-C oil,NH3,0.096,,,,kg/kL-fuel,fuel consumed,not specified,Korea,CAPSS inventory default,CAPSS default,,,capss_handbook_vi_mirror,CAPSS VI Table 2-3,CAPSS_VI_needs_VII_diff,S = fuel sulfur content in percent.,National Air Pollutant Emissions Estimation Method Handbook VI,2023,https://www.scribd.com/document/742589271/
EF00056,1.0.0,superseded_pending_capss_vii_diff,false,Buildings and services,Commercial/public stationary combustion,Boiler (classes 1–3),Diesel,CO,0.6,,,,kg/kL-fuel,fuel consumed,not specified,Korea,CAPSS inventory default,CAPSS default,,,capss_handbook_vi_mirror,CAPSS VI Table 2-3,CAPSS_VI_needs_VII_diff,S = fuel sulfur content in percent.,National Air Pollutant Emissions Estimation Method Handbook VI,2023,https://www.scribd.com/document/742589271/
EF00057,1.0.0,superseded_pending_capss_vii_diff,false,Buildings and services,Commercial/public stationary combustion,Boiler (classes 1–3),Diesel,NOx,2.4,,,,kg/kL-fuel,fuel consumed,not specified,Korea,CAPSS inventory default,CAPSS default,,,capss_handbook_vi_mirror,CAPSS VI Table 2-3,CAPSS_VI_needs_VII_diff,S = fuel sulfur content in percent.,National Air Pollutant Emissions Estimation Method Handbook VI,2023,https://www.scribd.com/document/742589271/
EF00058,1.0.0,superseded_pending_capss_vii_diff,false,Buildings and services,Commercial/public stationary combustion,Boiler (classes 1–3),Diesel,SOx,,17*S,,,kg/kL-fuel,fuel consumed,not specified,Korea,CAPSS inventory default,CAPSS default,,,capss_handbook_vi_mirror,CAPSS VI Table 2-3,CAPSS_VI_needs_VII_diff,S = fuel sulfur content in percent.,National Air Pollutant Emissions Estimation Method Handbook VI,2023,https://www.scribd.com/document/742589271/
EF00059,1.0.0,superseded_pending_capss_vii_diff,false,Buildings and services,Commercial/public stationary combustion,Boiler (classes 1–3),Diesel,TSP,0.24,,,,kg/kL-fuel,fuel consumed,not specified,Korea,CAPSS inventory default,CAPSS default,,,capss_handbook_vi_mirror,CAPSS VI Table 2-3,CAPSS_VI_needs_VII_diff,S = fuel sulfur content in percent.,National Air Pollutant Emissions Estimation Method Handbook VI,2023,https://www.scribd.com/document/742589271/
EF00060,1.0.0,superseded_pending_capss_vii_diff,false,Buildings and services,Commercial/public stationary combustion,Boiler (classes 1–3),Diesel,PM10,0.22008,,,,kg/kL-fuel,fuel consumed,not specified,Korea,CAPSS inventory default,CAPSS default,,,capss_handbook_vi_mirror,CAPSS VI Table 2-3,CAPSS_VI_needs_VII_diff,S = fuel sulfur content in percent.,National Air Pollutant Emissions Estimation Method Handbook VI,2023,https://www.scribd.com/document/742589271/
EF00061,1.0.0,superseded_pending_capss_vii_diff,false,Buildings and services,Commercial/public stationary combustion,Boiler (classes 1–3),Diesel,PM2.5,0.0995,,,,kg/kL-fuel,fuel consumed,not specified,Korea,CAPSS inventory default,CAPSS default,,,capss_handbook_vi_mirror,CAPSS VI Table 2-3,CAPSS_VI_needs_VII_diff,S = fuel sulfur content in percent.,National Air Pollutant Emissions Estimation Method Handbook VI,2023,https://www.scribd.com/document/742589271/
EF00062,1.0.0,superseded_pending_capss_vii_diff,false,Buildings and services,Commercial/public stationary combustion,Boiler (classes 1–3),Diesel,VOCs,0.03,,,,kg/kL-fuel,fuel consumed,not specified,Korea,CAPSS inventory default,CAPSS default,,,capss_handbook_vi_mirror,CAPSS VI Table 2-3,CAPSS_VI_needs_VII_diff,S = fuel sulfur content in percent.,National Air Pollutant Emissions Estimation Method Handbook VI,2023,https://www.scribd.com/document/742589271/
EF00063,1.0.0,superseded_pending_capss_vii_diff,false,Buildings and services,Commercial/public stationary combustion,Boiler (classes 1–3),Diesel,NH3,0.096,,,,kg/kL-fuel,fuel consumed,not specified,Korea,CAPSS inventory default,CAPSS default,,,capss_handbook_vi_mirror,CAPSS VI Table 2-3,CAPSS_VI_needs_VII_diff,S = fuel sulfur content in percent.,National Air Pollutant Emissions Estimation Method Handbook VI,2023,https://www.scribd.com/document/742589271/
EF00064,1.0.0,superseded_pending_capss_vii_diff,false,Buildings and services,Commercial/public stationary combustion,Boiler (classes 1–3),Kerosene,CO,0.6,,,,kg/kL-fuel,fuel consumed,not specified,Korea,CAPSS inventory default,CAPSS default,,,capss_handbook_vi_mirror,CAPSS VI Table 2-3,CAPSS_VI_needs_VII_diff,S = fuel sulfur content in percent.,National Air Pollutant Emissions Estimation Method Handbook VI,2023,https://www.scribd.com/document/742589271/
EF00065,1.0.0,superseded_pending_capss_vii_diff,false,Buildings and services,Commercial/public stationary combustion,Boiler (classes 1–3),Kerosene,NOx,2.4,,,,kg/kL-fuel,fuel consumed,not specified,Korea,CAPSS inventory default,CAPSS default,,,capss_handbook_vi_mirror,CAPSS VI Table 2-3,CAPSS_VI_needs_VII_diff,S = fuel sulfur content in percent.,National Air Pollutant Emissions Estimation Method Handbook VI,2023,https://www.scribd.com/document/742589271/
EF00066,1.0.0,superseded_pending_capss_vii_diff,false,Buildings and services,Commercial/public stationary combustion,Boiler (classes 1–3),Kerosene,SOx,,17*S,,,kg/kL-fuel,fuel consumed,not specified,Korea,CAPSS inventory default,CAPSS default,,,capss_handbook_vi_mirror,CAPSS VI Table 2-3,CAPSS_VI_needs_VII_diff,S = fuel sulfur content in percent.,National Air Pollutant Emissions Estimation Method Handbook VI,2023,https://www.scribd.com/document/742589271/
EF00067,1.0.0,superseded_pending_capss_vii_diff,false,Buildings and services,Commercial/public stationary combustion,Boiler (classes 1–3),Kerosene,TSP,0.24,,,,kg/kL-fuel,fuel consumed,not specified,Korea,CAPSS inventory default,CAPSS default,,,capss_handbook_vi_mirror,CAPSS VI Table 2-3,CAPSS_VI_needs_VII_diff,S = fuel sulfur content in percent.,National Air Pollutant Emissions Estimation Method Handbook VI,2023,https://www.scribd.com/document/742589271/
EF00068,1.0.0,superseded_pending_capss_vii_diff,false,Buildings and services,Commercial/public stationary combustion,Boiler (classes 1–3),Kerosene,PM10,0.22008,,,,kg/kL-fuel,fuel consumed,not specified,Korea,CAPSS inventory default,CAPSS default,,,capss_handbook_vi_mirror,CAPSS VI Table 2-3,CAPSS_VI_needs_VII_diff,S = fuel sulfur content in percent.,National Air Pollutant Emissions Estimation Method Handbook VI,2023,https://www.scribd.com/document/742589271/
EF00069,1.0.0,superseded_pending_capss_vii_diff,false,Buildings and services,Commercial/public stationary combustion,Boiler (classes 1–3),Kerosene,PM2.5,0.07195,,,,kg/kL-fuel,fuel consumed,not specified,Korea,CAPSS inventory default,CAPSS default,,,capss_handbook_vi_mirror,CAPSS VI Table 2-3,CAPSS_VI_needs_VII_diff,S = fuel sulfur content in percent.,National Air Pollutant Emissions Estimation Method Handbook VI,2023,https://www.scribd.com/document/742589271/
EF00070,1.0.0,superseded_pending_capss_vii_diff,false,Buildings and services,Commercial/public stationary combustion,Boiler (classes 1–3),Kerosene,VOCs,0.03,,,,kg/kL-fuel,fuel consumed,not specified,Korea,CAPSS inventory default,CAPSS default,,,capss_handbook_vi_mirror,CAPSS VI Table 2-3,CAPSS_VI_needs_VII_diff,S = fuel sulfur content in percent.,National Air Pollutant Emissions Estimation Method Handbook VI,2023,https://www.scribd.com/document/742589271/
EF00071,1.0.0,superseded_pending_capss_vii_diff,false,Buildings and services,Commercial/public stationary combustion,Boiler (classes 1–3),Kerosene,NH3,0.096,,,,kg/kL-fuel,fuel consumed,not specified,Korea,CAPSS inventory default,CAPSS default,,,capss_handbook_vi_mirror,CAPSS VI Table 2-3,CAPSS_VI_needs_VII_diff,S = fuel sulfur content in percent.,National Air Pollutant Emissions Estimation Method Handbook VI,2023,https://www.scribd.com/document/742589271/
EF00072,1.0.0,superseded_pending_capss_vii_diff,false,Buildings and services,Commercial/public stationary combustion,Boiler (classes 1–3),LPG,CO,0.384,,,,kg/kL-fuel,fuel consumed,not specified,Korea,CAPSS inventory default,CAPSS default,,,capss_handbook_vi_mirror,CAPSS VI Table 2-3,CAPSS_VI_needs_VII_diff,S = fuel sulfur content in percent.,National Air Pollutant Emissions Estimation Method Handbook VI,2023,https://www.scribd.com/document/742589271/
EF00073,1.0.0,superseded_pending_capss_vii_diff,false,Buildings and services,Commercial/public stationary combustion,Boiler (classes 1–3),LPG,NOx,2.18,,,,kg/kL-fuel,fuel consumed,not specified,Korea,CAPSS inventory default,CAPSS default,,,capss_handbook_vi_mirror,CAPSS VI Table 2-3,CAPSS_VI_needs_VII_diff,S = fuel sulfur content in percent.,National Air Pollutant Emissions Estimation Method Handbook VI,2023,https://www.scribd.com/document/742589271/
EF00074,1.0.0,superseded_pending_capss_vii_diff,false,Buildings and services,Commercial/public stationary combustion,Boiler (classes 1–3),LPG,SOx,0.01,,,,kg/kL-fuel,fuel consumed,not specified,Korea,CAPSS inventory default,CAPSS default,,,capss_handbook_vi_mirror,CAPSS VI Table 2-3,CAPSS_VI_needs_VII_diff,S = fuel sulfur content in percent.,National Air Pollutant Emissions Estimation Method Handbook VI,2023,https://www.scribd.com/document/742589271/
EF00075,1.0.0,superseded_pending_capss_vii_diff,false,Buildings and services,Commercial/public stationary combustion,Boiler (classes 1–3),LPG,TSP,0.07,,,,kg/kL-fuel,fuel consumed,not specified,Korea,CAPSS inventory default,CAPSS default,,,capss_handbook_vi_mirror,CAPSS VI Table 2-3,CAPSS_VI_needs_VII_diff,S = fuel sulfur content in percent.,National Air Pollutant Emissions Estimation Method Handbook VI,2023,https://www.scribd.com/document/742589271/
EF00076,1.0.0,superseded_pending_capss_vii_diff,false,Buildings and services,Commercial/public stationary combustion,Boiler (classes 1–3),LPG,PM10,0.07,,,,kg/kL-fuel,fuel consumed,not specified,Korea,CAPSS inventory default,CAPSS default,,,capss_handbook_vi_mirror,CAPSS VI Table 2-3,CAPSS_VI_needs_VII_diff,S = fuel sulfur content in percent.,National Air Pollutant Emissions Estimation Method Handbook VI,2023,https://www.scribd.com/document/742589271/
EF00077,1.0.0,superseded_pending_capss_vii_diff,false,Buildings and services,Commercial/public stationary combustion,Boiler (classes 1–3),LPG,PM2.5,0.07,,,,kg/kL-fuel,fuel consumed,not specified,Korea,CAPSS inventory default,CAPSS default,,,capss_handbook_vi_mirror,CAPSS VI Table 2-3,CAPSS_VI_needs_VII_diff,S = fuel sulfur content in percent.,National Air Pollutant Emissions Estimation Method Handbook VI,2023,https://www.scribd.com/document/742589271/
EF00078,1.0.0,superseded_pending_capss_vii_diff,false,Buildings and services,Commercial/public stationary combustion,Boiler (classes 1–3),LPG,VOCs,0.06,,,,kg/kL-fuel,fuel consumed,not specified,Korea,CAPSS inventory default,CAPSS default,,,capss_handbook_vi_mirror,CAPSS VI Table 2-3,CAPSS_VI_needs_VII_diff,S = fuel sulfur content in percent.,National Air Pollutant Emissions Estimation Method Handbook VI,2023,https://www.scribd.com/document/742589271/
EF00079,1.0.0,superseded_pending_capss_vii_diff,false,Buildings and services,Commercial/public stationary combustion,Boiler (classes 1–3),LPG,NH3,0.013,,,,kg/kL-fuel,fuel consumed,not specified,Korea,CAPSS inventory default,CAPSS default,,,capss_handbook_vi_mirror,CAPSS VI Table 2-3,CAPSS_VI_needs_VII_diff,S = fuel sulfur content in percent.,National Air Pollutant Emissions Estimation Method Handbook VI,2023,https://www.scribd.com/document/742589271/
EF00080,1.0.0,superseded_pending_capss_vii_diff,false,Buildings and services,Commercial/public stationary combustion,Boiler (classes 1–3),LNG,CO,1.344,,,,kg/1000m3-fuel,fuel consumed,not specified,Korea,CAPSS inventory default,CAPSS default,,,capss_handbook_vi_mirror,CAPSS VI Table 2-3,CAPSS_VI_needs_VII_diff,S = fuel sulfur content in percent.,National Air Pollutant Emissions Estimation Method Handbook VI,2023,https://www.scribd.com/document/742589271/
EF00081,1.0.0,superseded_pending_capss_vii_diff,false,Buildings and services,Commercial/public stationary combustion,Boiler (classes 1–3),LNG,NOx,3.7,,,,kg/1000m3-fuel,fuel consumed,not specified,Korea,CAPSS inventory default,CAPSS default,,,capss_handbook_vi_mirror,CAPSS VI Table 2-3,CAPSS_VI_needs_VII_diff,S = fuel sulfur content in percent.,National Air Pollutant Emissions Estimation Method Handbook VI,2023,https://www.scribd.com/document/742589271/
EF00082,1.0.0,superseded_pending_capss_vii_diff,false,Buildings and services,Commercial/public stationary combustion,Boiler (classes 1–3),LNG,SOx,0.01,,,,kg/1000m3-fuel,fuel consumed,not specified,Korea,CAPSS inventory default,CAPSS default,,,capss_handbook_vi_mirror,CAPSS VI Table 2-3,CAPSS_VI_needs_VII_diff,S = fuel sulfur content in percent.,National Air Pollutant Emissions Estimation Method Handbook VI,2023,https://www.scribd.com/document/742589271/
EF00083,1.0.0,superseded_pending_capss_vii_diff,false,Buildings and services,Commercial/public stationary combustion,Boiler (classes 1–3),LNG,TSP,0.03,,,,kg/1000m3-fuel,fuel consumed,not specified,Korea,CAPSS inventory default,CAPSS default,,,capss_handbook_vi_mirror,CAPSS VI Table 2-3,CAPSS_VI_needs_VII_diff,S = fuel sulfur content in percent.,National Air Pollutant Emissions Estimation Method Handbook VI,2023,https://www.scribd.com/document/742589271/
EF00084,1.0.0,superseded_pending_capss_vii_diff,false,Buildings and services,Commercial/public stationary combustion,Boiler (classes 1–3),LNG,PM10,0.03,,,,kg/1000m3-fuel,fuel consumed,not specified,Korea,CAPSS inventory default,CAPSS default,,,capss_handbook_vi_mirror,CAPSS VI Table 2-3,CAPSS_VI_needs_VII_diff,S = fuel sulfur content in percent.,National Air Pollutant Emissions Estimation Method Handbook VI,2023,https://www.scribd.com/document/742589271/
EF00085,1.0.0,superseded_pending_capss_vii_diff,false,Buildings and services,Commercial/public stationary combustion,Boiler (classes 1–3),LNG,PM2.5,0.03,,,,kg/1000m3-fuel,fuel consumed,not specified,Korea,CAPSS inventory default,CAPSS default,,,capss_handbook_vi_mirror,CAPSS VI Table 2-3,CAPSS_VI_needs_VII_diff,S = fuel sulfur content in percent.,National Air Pollutant Emissions Estimation Method Handbook VI,2023,https://www.scribd.com/document/742589271/
EF00086,1.0.0,superseded_pending_capss_vii_diff,false,Buildings and services,Commercial/public stationary combustion,Boiler (classes 1–3),LNG,VOCs,0.18,,,,kg/1000m3-fuel,fuel consumed,not specified,Korea,CAPSS inventory default,CAPSS default,,,capss_handbook_vi_mirror,CAPSS VI Table 2-3,CAPSS_VI_needs_VII_diff,S = fuel sulfur content in percent.,National Air Pollutant Emissions Estimation Method Handbook VI,2023,https://www.scribd.com/document/742589271/
EF00087,1.0.0,superseded_pending_capss_vii_diff,false,Buildings and services,Commercial/public stationary combustion,Boiler (classes 1–3),LNG,NH3,0.051,,,,kg/1000m3-fuel,fuel consumed,not specified,Korea,CAPSS inventory default,CAPSS default,,,capss_handbook_vi_mirror,CAPSS VI Table 2-3,CAPSS_VI_needs_VII_diff,S = fuel sulfur content in percent.,National Air Pollutant Emissions Estimation Method Handbook VI,2023,https://www.scribd.com/document/742589271/
EF00088,1.0.0,superseded_pending_capss_vii_diff,false,Industry,Manufacturing combustion,Solid fuel combustion,Non-civil anthracite,CO,0.3,,,,kg/ton-fuel,fuel consumed,controlled only for SRF/Bio-SRF; otherwise handbook basis,Korea,CAPSS inventory default,CAPSS default,,,capss_handbook_vi_mirror,CAPSS VI Table 3-3,CAPSS_VI_needs_VII_diff,S = fuel sulfur content in percent.,National Air Pollutant Emissions Estimation Method Handbook VI,2023,https://www.scribd.com/document/742589271/
EF00089,1.0.0,superseded_pending_capss_vii_diff,false,Industry,Manufacturing combustion,Solid fuel combustion,Non-civil anthracite,NOx,5.83,,,,kg/ton-fuel,fuel consumed,controlled only for SRF/Bio-SRF; otherwise handbook basis,Korea,CAPSS inventory default,CAPSS default,,,capss_handbook_vi_mirror,CAPSS VI Table 3-3,CAPSS_VI_needs_VII_diff,S = fuel sulfur content in percent.,National Air Pollutant Emissions Estimation Method Handbook VI,2023,https://www.scribd.com/document/742589271/
EF00090,1.0.0,superseded_pending_capss_vii_diff,false,Industry,Manufacturing combustion,Solid fuel combustion,Non-civil anthracite,SOx,,19.5*S,,,kg/ton-fuel,fuel consumed,controlled only for SRF/Bio-SRF; otherwise handbook basis,Korea,CAPSS inventory default,CAPSS default,,,capss_handbook_vi_mirror,CAPSS VI Table 3-3,CAPSS_VI_needs_VII_diff,S = fuel sulfur content in percent.,National Air Pollutant Emissions Estimation Method Handbook VI,2023,https://www.scribd.com/document/742589271/
EF00091,1.0.0,superseded_pending_capss_vii_diff,false,Industry,Manufacturing combustion,Solid fuel combustion,Non-civil anthracite,TSP,200.0,,,,kg/ton-fuel,fuel consumed,controlled only for SRF/Bio-SRF; otherwise handbook basis,Korea,CAPSS inventory default,CAPSS default,,,capss_handbook_vi_mirror,CAPSS VI Table 3-3,CAPSS_VI_needs_VII_diff,S = fuel sulfur content in percent.,National Air Pollutant Emissions Estimation Method Handbook VI,2023,https://www.scribd.com/document/742589271/
EF00092,1.0.0,superseded_pending_capss_vii_diff,false,Industry,Manufacturing combustion,Solid fuel combustion,Non-civil anthracite,PM10,116.4,,,,kg/ton-fuel,fuel consumed,controlled only for SRF/Bio-SRF; otherwise handbook basis,Korea,CAPSS inventory default,CAPSS default,,,capss_handbook_vi_mirror,CAPSS VI Table 3-3,CAPSS_VI_needs_VII_diff,S = fuel sulfur content in percent.,National Air Pollutant Emissions Estimation Method Handbook VI,2023,https://www.scribd.com/document/742589271/
EF00093,1.0.0,superseded_pending_capss_vii_diff,false,Industry,Manufacturing combustion,Solid fuel combustion,Non-civil anthracite,PM2.5,60.625,,,,kg/ton-fuel,fuel consumed,controlled only for SRF/Bio-SRF; otherwise handbook basis,Korea,CAPSS inventory default,CAPSS default,,,capss_handbook_vi_mirror,CAPSS VI Table 3-3,CAPSS_VI_needs_VII_diff,S = fuel sulfur content in percent.,National Air Pollutant Emissions Estimation Method Handbook VI,2023,https://www.scribd.com/document/742589271/
EF00094,1.0.0,superseded_pending_capss_vii_diff,false,Industry,Manufacturing combustion,Solid fuel combustion,Non-civil anthracite,VOCs,0.15,,,,kg/ton-fuel,fuel consumed,controlled only for SRF/Bio-SRF; otherwise handbook basis,Korea,CAPSS inventory default,CAPSS default,,,capss_handbook_vi_mirror,CAPSS VI Table 3-3,CAPSS_VI_needs_VII_diff,S = fuel sulfur content in percent.,National Air Pollutant Emissions Estimation Method Handbook VI,2023,https://www.scribd.com/document/742589271/
EF00095,1.0.0,superseded_pending_capss_vii_diff,false,Industry,Manufacturing combustion,Solid fuel combustion,Non-civil anthracite,NH3,0.00028,,,,kg/ton-fuel,fuel consumed,controlled only for SRF/Bio-SRF; otherwise handbook basis,Korea,CAPSS inventory default,CAPSS default,,,capss_handbook_vi_mirror,CAPSS VI Table 3-3,CAPSS_VI_needs_VII_diff,S = fuel sulfur content in percent.,National Air Pollutant Emissions Estimation Method Handbook VI,2023,https://www.scribd.com/document/742589271/
EF00096,1.0.0,superseded_pending_capss_vii_diff,false,Industry,Manufacturing combustion,Solid fuel combustion,Bituminous coal,CO,0.25,,,,kg/ton-fuel,fuel consumed,controlled only for SRF/Bio-SRF; otherwise handbook basis,Korea,CAPSS inventory default,CAPSS default,,,capss_handbook_vi_mirror,CAPSS VI Table 3-3,CAPSS_VI_needs_VII_diff,S = fuel sulfur content in percent.,National Air Pollutant Emissions Estimation Method Handbook VI,2023,https://www.scribd.com/document/742589271/
EF00097,1.0.0,superseded_pending_capss_vii_diff,false,Industry,Manufacturing combustion,Solid fuel combustion,Bituminous coal,NOx,5.55,,,,kg/ton-fuel,fuel consumed,controlled only for SRF/Bio-SRF; otherwise handbook basis,Korea,CAPSS inventory default,CAPSS default,,,capss_handbook_vi_mirror,CAPSS VI Table 3-3,CAPSS_VI_needs_VII_diff,S = fuel sulfur content in percent.,National Air Pollutant Emissions Estimation Method Handbook VI,2023,https://www.scribd.com/document/742589271/
EF00098,1.0.0,superseded_pending_capss_vii_diff,false,Industry,Manufacturing combustion,Solid fuel combustion,Bituminous coal,SOx,,19*S,,,kg/ton-fuel,fuel consumed,controlled only for SRF/Bio-SRF; otherwise handbook basis,Korea,CAPSS inventory default,CAPSS default,,,capss_handbook_vi_mirror,CAPSS VI Table 3-3,CAPSS_VI_needs_VII_diff,S = fuel sulfur content in percent.,National Air Pollutant Emissions Estimation Method Handbook VI,2023,https://www.scribd.com/document/742589271/
EF00099,1.0.0,superseded_pending_capss_vii_diff,false,Industry,Manufacturing combustion,Solid fuel combustion,Bituminous coal,TSP,50.0,,,,kg/ton-fuel,fuel consumed,controlled only for SRF/Bio-SRF; otherwise handbook basis,Korea,CAPSS inventory default,CAPSS default,,,capss_handbook_vi_mirror,CAPSS VI Table 3-3,CAPSS_VI_needs_VII_diff,S = fuel sulfur content in percent.,National Air Pollutant Emissions Estimation Method Handbook VI,2023,https://www.scribd.com/document/742589271/
EF00100,1.0.0,superseded_pending_capss_vii_diff,false,Industry,Manufacturing combustion,Solid fuel combustion,Bituminous coal,PM10,29.1,,,,kg/ton-fuel,fuel consumed,controlled only for SRF/Bio-SRF; otherwise handbook basis,Korea,CAPSS inventory default,CAPSS default,,,capss_handbook_vi_mirror,CAPSS VI Table 3-3,CAPSS_VI_needs_VII_diff,S = fuel sulfur content in percent.,National Air Pollutant Emissions Estimation Method Handbook VI,2023,https://www.scribd.com/document/742589271/
EF00101,1.0.0,superseded_pending_capss_vii_diff,false,Industry,Manufacturing combustion,Solid fuel combustion,Bituminous coal,PM2.5,10.1409,,,,kg/ton-fuel,fuel consumed,controlled only for SRF/Bio-SRF; otherwise handbook basis,Korea,CAPSS inventory default,CAPSS default,,,capss_handbook_vi_mirror,CAPSS VI Table 3-3,CAPSS_VI_needs_VII_diff,S = fuel sulfur content in percent.,National Air Pollutant Emissions Estimation Method Handbook VI,2023,https://www.scribd.com/document/742589271/
EF00102,1.0.0,superseded_pending_capss_vii_diff,false,Industry,Manufacturing combustion,Solid fuel combustion,Bituminous coal,VOCs,0.03,,,,kg/ton-fuel,fuel consumed,controlled only for SRF/Bio-SRF; otherwise handbook basis,Korea,CAPSS inventory default,CAPSS default,,,capss_handbook_vi_mirror,CAPSS VI Table 3-3,CAPSS_VI_needs_VII_diff,S = fuel sulfur content in percent.,National Air Pollutant Emissions Estimation Method Handbook VI,2023,https://www.scribd.com/document/742589271/
EF00103,1.0.0,superseded_pending_capss_vii_diff,false,Industry,Manufacturing combustion,Solid fuel combustion,Bituminous coal,NH3,0.00028,,,,kg/ton-fuel,fuel consumed,controlled only for SRF/Bio-SRF; otherwise handbook basis,Korea,CAPSS inventory default,CAPSS default,,,capss_handbook_vi_mirror,CAPSS VI Table 3-3,CAPSS_VI_needs_VII_diff,S = fuel sulfur content in percent.,National Air Pollutant Emissions Estimation Method Handbook VI,2023,https://www.scribd.com/document/742589271/
EF00104,1.0.0,superseded_pending_capss_vii_diff,false,Industry,Manufacturing combustion,Solid recovered fuel,SRF,CO,0.2633,,,,kg/ton-fuel,fuel consumed,controlled only for SRF/Bio-SRF; otherwise handbook basis,Korea,CAPSS inventory default,CAPSS default,,,capss_handbook_vi_mirror,CAPSS VI Table 3-3,CAPSS_VI_needs_VII_diff,S = fuel sulfur content in percent.,National Air Pollutant Emissions Estimation Method Handbook VI,2023,https://www.scribd.com/document/742589271/
EF00105,1.0.0,superseded_pending_capss_vii_diff,false,Industry,Manufacturing combustion,Solid recovered fuel,SRF,NOx,0.9585,,,,kg/ton-fuel,fuel consumed,controlled only for SRF/Bio-SRF; otherwise handbook basis,Korea,CAPSS inventory default,CAPSS default,,,capss_handbook_vi_mirror,CAPSS VI Table 3-3,CAPSS_VI_needs_VII_diff,S = fuel sulfur content in percent.,National Air Pollutant Emissions Estimation Method Handbook VI,2023,https://www.scribd.com/document/742589271/
EF00106,1.0.0,superseded_pending_capss_vii_diff,false,Industry,Manufacturing combustion,Solid recovered fuel,SRF,SOx,0.1021,,,,kg/ton-fuel,fuel consumed,controlled only for SRF/Bio-SRF; otherwise handbook basis,Korea,CAPSS inventory default,CAPSS default,,,capss_handbook_vi_mirror,CAPSS VI Table 3-3,CAPSS_VI_needs_VII_diff,S = fuel sulfur content in percent.,National Air Pollutant Emissions Estimation Method Handbook VI,2023,https://www.scribd.com/document/742589271/
EF00107,1.0.0,superseded_pending_capss_vii_diff,false,Industry,Manufacturing combustion,Solid recovered fuel,SRF,TSP,0.0587,,,,kg/ton-fuel,fuel consumed,controlled only for SRF/Bio-SRF; otherwise handbook basis,Korea,CAPSS inventory default,CAPSS default,,,capss_handbook_vi_mirror,CAPSS VI Table 3-3,CAPSS_VI_needs_VII_diff,S = fuel sulfur content in percent.,National Air Pollutant Emissions Estimation Method Handbook VI,2023,https://www.scribd.com/document/742589271/
EF00108,1.0.0,superseded_pending_capss_vii_diff,false,Industry,Manufacturing combustion,Solid recovered fuel,SRF,PM10,0.0523,,,,kg/ton-fuel,fuel consumed,controlled only for SRF/Bio-SRF; otherwise handbook basis,Korea,CAPSS inventory default,CAPSS default,,,capss_handbook_vi_mirror,CAPSS VI Table 3-3,CAPSS_VI_needs_VII_diff,S = fuel sulfur content in percent.,National Air Pollutant Emissions Estimation Method Handbook VI,2023,https://www.scribd.com/document/742589271/
EF00109,1.0.0,superseded_pending_capss_vii_diff,false,Industry,Manufacturing combustion,Solid recovered fuel,SRF,PM2.5,0.0283,,,,kg/ton-fuel,fuel consumed,controlled only for SRF/Bio-SRF; otherwise handbook basis,Korea,CAPSS inventory default,CAPSS default,,,capss_handbook_vi_mirror,CAPSS VI Table 3-3,CAPSS_VI_needs_VII_diff,S = fuel sulfur content in percent.,National Air Pollutant Emissions Estimation Method Handbook VI,2023,https://www.scribd.com/document/742589271/
EF00110,1.0.0,superseded_pending_capss_vii_diff,false,Industry,Manufacturing combustion,Solid recovered fuel,SRF,VOCs,0.0056,,,,kg/ton-fuel,fuel consumed,controlled only for SRF/Bio-SRF; otherwise handbook basis,Korea,CAPSS inventory default,CAPSS default,,,capss_handbook_vi_mirror,CAPSS VI Table 3-3,CAPSS_VI_needs_VII_diff,S = fuel sulfur content in percent.,National Air Pollutant Emissions Estimation Method Handbook VI,2023,https://www.scribd.com/document/742589271/
EF00111,1.0.0,superseded_pending_capss_vii_diff,false,Industry,Manufacturing combustion,Solid recovered fuel,SRF,NH3,0.7674,,,,kg/ton-fuel,fuel consumed,controlled only for SRF/Bio-SRF; otherwise handbook basis,Korea,CAPSS inventory default,CAPSS default,,,capss_handbook_vi_mirror,CAPSS VI Table 3-3,CAPSS_VI_needs_VII_diff,S = fuel sulfur content in percent.,National Air Pollutant Emissions Estimation Method Handbook VI,2023,https://www.scribd.com/document/742589271/
EF00112,1.0.0,superseded_pending_capss_vii_diff,false,Industry,Manufacturing combustion,Solid recovered fuel,Bio-SRF,CO,0.2175,,,,kg/ton-fuel,fuel consumed,controlled only for SRF/Bio-SRF; otherwise handbook basis,Korea,CAPSS inventory default,CAPSS default,,,capss_handbook_vi_mirror,CAPSS VI Table 3-3,CAPSS_VI_needs_VII_diff,S = fuel sulfur content in percent.,National Air Pollutant Emissions Estimation Method Handbook VI,2023,https://www.scribd.com/document/742589271/
EF00113,1.0.0,superseded_pending_capss_vii_diff,false,Industry,Manufacturing combustion,Solid recovered fuel,Bio-SRF,NOx,0.3354,,,,kg/ton-fuel,fuel consumed,controlled only for SRF/Bio-SRF; otherwise handbook basis,Korea,CAPSS inventory default,CAPSS default,,,capss_handbook_vi_mirror,CAPSS VI Table 3-3,CAPSS_VI_needs_VII_diff,S = fuel sulfur content in percent.,National Air Pollutant Emissions Estimation Method Handbook VI,2023,https://www.scribd.com/document/742589271/
EF00114,1.0.0,superseded_pending_capss_vii_diff,false,Industry,Manufacturing combustion,Solid recovered fuel,Bio-SRF,TSP,0.0097,,,,kg/ton-fuel,fuel consumed,controlled only for SRF/Bio-SRF; otherwise handbook basis,Korea,CAPSS inventory default,CAPSS default,,,capss_handbook_vi_mirror,CAPSS VI Table 3-3,CAPSS_VI_needs_VII_diff,S = fuel sulfur content in percent.,National Air Pollutant Emissions Estimation Method Handbook VI,2023,https://www.scribd.com/document/742589271/
EF00115,1.0.0,superseded_pending_capss_vii_diff,false,Industry,Manufacturing combustion,Solid recovered fuel,Bio-SRF,PM10,0.009,,,,kg/ton-fuel,fuel consumed,controlled only for SRF/Bio-SRF; otherwise handbook basis,Korea,CAPSS inventory default,CAPSS default,,,capss_handbook_vi_mirror,CAPSS VI Table 3-3,CAPSS_VI_needs_VII_diff,S = fuel sulfur content in percent.,National Air Pollutant Emissions Estimation Method Handbook VI,2023,https://www.scribd.com/document/742589271/
EF00116,1.0.0,superseded_pending_capss_vii_diff,false,Industry,Manufacturing combustion,Solid recovered fuel,Bio-SRF,PM2.5,0.0084,,,,kg/ton-fuel,fuel consumed,controlled only for SRF/Bio-SRF; otherwise handbook basis,Korea,CAPSS inventory default,CAPSS default,,,capss_handbook_vi_mirror,CAPSS VI Table 3-3,CAPSS_VI_needs_VII_diff,S = fuel sulfur content in percent.,National Air Pollutant Emissions Estimation Method Handbook VI,2023,https://www.scribd.com/document/742589271/
EF00117,1.0.0,superseded_pending_capss_vii_diff,false,Industry,Manufacturing combustion,Solid recovered fuel,Bio-SRF,VOCs,0.0019,,,,kg/ton-fuel,fuel consumed,controlled only for SRF/Bio-SRF; otherwise handbook basis,Korea,CAPSS inventory default,CAPSS default,,,capss_handbook_vi_mirror,CAPSS VI Table 3-3,CAPSS_VI_needs_VII_diff,S = fuel sulfur content in percent.,National Air Pollutant Emissions Estimation Method Handbook VI,2023,https://www.scribd.com/document/742589271/
EF00118,1.0.0,superseded_pending_capss_vii_diff,false,Industry,Manufacturing combustion,Solid recovered fuel,Bio-SRF,NH3,0.0337,,,,kg/ton-fuel,fuel consumed,controlled only for SRF/Bio-SRF; otherwise handbook basis,Korea,CAPSS inventory default,CAPSS default,,,capss_handbook_vi_mirror,CAPSS VI Table 3-3,CAPSS_VI_needs_VII_diff,S = fuel sulfur content in percent.,National Air Pollutant Emissions Estimation Method Handbook VI,2023,https://www.scribd.com/document/742589271/
EF00119,1.0.0,superseded_pending_capss_vii_diff,false,Industry,Manufacturing combustion,Industrial boiler,B-A oil,CO,0.6,,,,kg/kL-fuel,fuel consumed,not specified,Korea,CAPSS inventory default,CAPSS default,,,capss_handbook_vi_mirror,CAPSS VI Table 3-3,CAPSS_VI_needs_VII_diff,S = fuel sulfur content in percent.,National Air Pollutant Emissions Estimation Method Handbook VI,2023,https://www.scribd.com/document/742589271/
EF00120,1.0.0,superseded_pending_capss_vii_diff,false,Industry,Manufacturing combustion,Industrial boiler,B-A oil,NOx,5.99,,,,kg/kL-fuel,fuel consumed,not specified,Korea,CAPSS inventory default,CAPSS default,,,capss_handbook_vi_mirror,CAPSS VI Table 3-3,CAPSS_VI_needs_VII_diff,S = fuel sulfur content in percent.,National Air Pollutant Emissions Estimation Method Handbook VI,2023,https://www.scribd.com/document/742589271/
EF00121,1.0.0,superseded_pending_capss_vii_diff,false,Industry,Manufacturing combustion,Industrial boiler,B-A oil,SOx,,18*S,,,kg/kL-fuel,fuel consumed,not specified,Korea,CAPSS inventory default,CAPSS default,,,capss_handbook_vi_mirror,CAPSS VI Table 3-3,CAPSS_VI_needs_VII_diff,S = fuel sulfur content in percent.,National Air Pollutant Emissions Estimation Method Handbook VI,2023,https://www.scribd.com/document/742589271/
EF00122,1.0.0,superseded_pending_capss_vii_diff,false,Industry,Manufacturing combustion,Industrial boiler,B-A oil,TSP,0.84,,,,kg/kL-fuel,fuel consumed,not specified,Korea,CAPSS inventory default,CAPSS default,,,capss_handbook_vi_mirror,CAPSS VI Table 3-3,CAPSS_VI_needs_VII_diff,S = fuel sulfur content in percent.,National Air Pollutant Emissions Estimation Method Handbook VI,2023,https://www.scribd.com/document/742589271/
EF00123,1.0.0,superseded_pending_capss_vii_diff,false,Industry,Manufacturing combustion,Industrial boiler,B-A oil,PM10,0.77028,,,,kg/kL-fuel,fuel consumed,not specified,Korea,CAPSS inventory default,CAPSS default,,,capss_handbook_vi_mirror,CAPSS VI Table 3-3,CAPSS_VI_needs_VII_diff,S = fuel sulfur content in percent.,National Air Pollutant Emissions Estimation Method Handbook VI,2023,https://www.scribd.com/document/742589271/
EF00124,1.0.0,superseded_pending_capss_vii_diff,false,Industry,Manufacturing combustion,Industrial boiler,B-A oil,PM2.5,0.7678,,,,kg/kL-fuel,fuel consumed,not specified,Korea,CAPSS inventory default,CAPSS default,,,capss_handbook_vi_mirror,CAPSS VI Table 3-3,CAPSS_VI_needs_VII_diff,S = fuel sulfur content in percent.,National Air Pollutant Emissions Estimation Method Handbook VI,2023,https://www.scribd.com/document/742589271/
EF00125,1.0.0,superseded_pending_capss_vii_diff,false,Industry,Manufacturing combustion,Industrial boiler,B-A oil,VOCs,0.03,,,,kg/kL-fuel,fuel consumed,not specified,Korea,CAPSS inventory default,CAPSS default,,,capss_handbook_vi_mirror,CAPSS VI Table 3-3,CAPSS_VI_needs_VII_diff,S = fuel sulfur content in percent.,National Air Pollutant Emissions Estimation Method Handbook VI,2023,https://www.scribd.com/document/742589271/
EF00126,1.0.0,superseded_pending_capss_vii_diff,false,Industry,Manufacturing combustion,Industrial boiler,B-A oil,NH3,0.096,,,,kg/kL-fuel,fuel consumed,not specified,Korea,CAPSS inventory default,CAPSS default,,,capss_handbook_vi_mirror,CAPSS VI Table 3-3,CAPSS_VI_needs_VII_diff,S = fuel sulfur content in percent.,National Air Pollutant Emissions Estimation Method Handbook VI,2023,https://www.scribd.com/document/742589271/
EF00127,1.0.0,superseded_pending_capss_vii_diff,false,Industry,Manufacturing combustion,Industrial boiler,B-B oil,CO,0.6,,,,kg/kL-fuel,fuel consumed,not specified,Korea,CAPSS inventory default,CAPSS default,,,capss_handbook_vi_mirror,CAPSS VI Table 3-3,CAPSS_VI_needs_VII_diff,S = fuel sulfur content in percent.,National Air Pollutant Emissions Estimation Method Handbook VI,2023,https://www.scribd.com/document/742589271/
EF00128,1.0.0,superseded_pending_capss_vii_diff,false,Industry,Manufacturing combustion,Industrial boiler,B-B oil,NOx,2.47,,,,kg/kL-fuel,fuel consumed,not specified,Korea,CAPSS inventory default,CAPSS default,,,capss_handbook_vi_mirror,CAPSS VI Table 3-3,CAPSS_VI_needs_VII_diff,S = fuel sulfur content in percent.,National Air Pollutant Emissions Estimation Method Handbook VI,2023,https://www.scribd.com/document/742589271/
EF00129,1.0.0,superseded_pending_capss_vii_diff,false,Industry,Manufacturing combustion,Industrial boiler,B-B oil,SOx,,14.3*S,,,kg/kL-fuel,fuel consumed,not specified,Korea,CAPSS inventory default,CAPSS default,,,capss_handbook_vi_mirror,CAPSS VI Table 3-3,CAPSS_VI_needs_VII_diff,S = fuel sulfur content in percent.,National Air Pollutant Emissions Estimation Method Handbook VI,2023,https://www.scribd.com/document/742589271/
EF00130,1.0.0,superseded_pending_capss_vii_diff,false,Industry,Manufacturing combustion,Industrial boiler,B-B oil,TSP,1.2,,,,kg/kL-fuel,fuel consumed,not specified,Korea,CAPSS inventory default,CAPSS default,,,capss_handbook_vi_mirror,CAPSS VI Table 3-3,CAPSS_VI_needs_VII_diff,S = fuel sulfur content in percent.,National Air Pollutant Emissions Estimation Method Handbook VI,2023,https://www.scribd.com/document/742589271/
EF00131,1.0.0,superseded_pending_capss_vii_diff,false,Industry,Manufacturing combustion,Industrial boiler,B-B oil,PM10,1.1004,,,,kg/kL-fuel,fuel consumed,not specified,Korea,CAPSS inventory default,CAPSS default,,,capss_handbook_vi_mirror,CAPSS VI Table 3-3,CAPSS_VI_needs_VII_diff,S = fuel sulfur content in percent.,National Air Pollutant Emissions Estimation Method Handbook VI,2023,https://www.scribd.com/document/742589271/
EF00132,1.0.0,superseded_pending_capss_vii_diff,false,Industry,Manufacturing combustion,Industrial boiler,B-B oil,PM2.5,0.7678,,,,kg/kL-fuel,fuel consumed,not specified,Korea,CAPSS inventory default,CAPSS default,,,capss_handbook_vi_mirror,CAPSS VI Table 3-3,CAPSS_VI_needs_VII_diff,S = fuel sulfur content in percent.,National Air Pollutant Emissions Estimation Method Handbook VI,2023,https://www.scribd.com/document/742589271/
EF00133,1.0.0,superseded_pending_capss_vii_diff,false,Industry,Manufacturing combustion,Industrial boiler,B-B oil,VOCs,0.154,,,,kg/kL-fuel,fuel consumed,not specified,Korea,CAPSS inventory default,CAPSS default,,,capss_handbook_vi_mirror,CAPSS VI Table 3-3,CAPSS_VI_needs_VII_diff,S = fuel sulfur content in percent.,National Air Pollutant Emissions Estimation Method Handbook VI,2023,https://www.scribd.com/document/742589271/
EF00134,1.0.0,superseded_pending_capss_vii_diff,false,Industry,Manufacturing combustion,Industrial boiler,B-B oil,NH3,0.096,,,,kg/kL-fuel,fuel consumed,not specified,Korea,CAPSS inventory default,CAPSS default,,,capss_handbook_vi_mirror,CAPSS VI Table 3-3,CAPSS_VI_needs_VII_diff,S = fuel sulfur content in percent.,National Air Pollutant Emissions Estimation Method Handbook VI,2023,https://www.scribd.com/document/742589271/
EF00135,1.0.0,superseded_pending_capss_vii_diff,false,Industry,Manufacturing combustion,Industrial boiler,B-C oil,CO,0.6,,,,kg/kL-fuel,fuel consumed,not specified,Korea,CAPSS inventory default,CAPSS default,,,capss_handbook_vi_mirror,CAPSS VI Table 3-3,CAPSS_VI_needs_VII_diff,S = fuel sulfur content in percent.,National Air Pollutant Emissions Estimation Method Handbook VI,2023,https://www.scribd.com/document/742589271/
EF00136,1.0.0,superseded_pending_capss_vii_diff,false,Industry,Manufacturing combustion,Industrial boiler,B-C oil,NOx,6.64,,,,kg/kL-fuel,fuel consumed,not specified,Korea,CAPSS inventory default,CAPSS default,,,capss_handbook_vi_mirror,CAPSS VI Table 3-3,CAPSS_VI_needs_VII_diff,S = fuel sulfur content in percent.,National Air Pollutant Emissions Estimation Method Handbook VI,2023,https://www.scribd.com/document/742589271/
EF00137,1.0.0,superseded_pending_capss_vii_diff,false,Industry,Manufacturing combustion,Industrial boiler,B-C oil,SOx,,14.3*S,,,kg/kL-fuel,fuel consumed,not specified,Korea,CAPSS inventory default,CAPSS default,,,capss_handbook_vi_mirror,CAPSS VI Table 3-3,CAPSS_VI_needs_VII_diff,S = fuel sulfur content in percent.,National Air Pollutant Emissions Estimation Method Handbook VI,2023,https://www.scribd.com/document/742589271/
EF00138,1.0.0,superseded_pending_capss_vii_diff,false,Industry,Manufacturing combustion,Industrial boiler,B-C oil,TSP,,1.1*S+0.39,,,kg/kL-fuel,fuel consumed,not specified,Korea,CAPSS inventory default,CAPSS default,,,capss_handbook_vi_mirror,CAPSS VI Table 3-3,CAPSS_VI_needs_VII_diff,S = fuel sulfur content in percent.,National Air Pollutant Emissions Estimation Method Handbook VI,2023,https://www.scribd.com/document/742589271/
EF00139,1.0.0,superseded_pending_capss_vii_diff,false,Industry,Manufacturing combustion,Industrial boiler,B-C oil,PM10,,1.0087*S+0.35763,,,kg/kL-fuel,fuel consumed,not specified,Korea,CAPSS inventory default,CAPSS default,,,capss_handbook_vi_mirror,CAPSS VI Table 3-3,CAPSS_VI_needs_VII_diff,S = fuel sulfur content in percent.,National Air Pollutant Emissions Estimation Method Handbook VI,2023,https://www.scribd.com/document/742589271/
EF00140,1.0.0,superseded_pending_capss_vii_diff,false,Industry,Manufacturing combustion,Industrial boiler,B-C oil,PM2.5,,0.57715*S+0.19066,,,kg/kL-fuel,fuel consumed,not specified,Korea,CAPSS inventory default,CAPSS default,,,capss_handbook_vi_mirror,CAPSS VI Table 3-3,CAPSS_VI_needs_VII_diff,S = fuel sulfur content in percent.,National Air Pollutant Emissions Estimation Method Handbook VI,2023,https://www.scribd.com/document/742589271/
EF00141,1.0.0,superseded_pending_capss_vii_diff,false,Industry,Manufacturing combustion,Industrial boiler,B-C oil,VOCs,0.154,,,,kg/kL-fuel,fuel consumed,not specified,Korea,CAPSS inventory default,CAPSS default,,,capss_handbook_vi_mirror,CAPSS VI Table 3-3,CAPSS_VI_needs_VII_diff,S = fuel sulfur content in percent.,National Air Pollutant Emissions Estimation Method Handbook VI,2023,https://www.scribd.com/document/742589271/
EF00142,1.0.0,superseded_pending_capss_vii_diff,false,Industry,Manufacturing combustion,Industrial boiler,B-C oil,NH3,0.096,,,,kg/kL-fuel,fuel consumed,not specified,Korea,CAPSS inventory default,CAPSS default,,,capss_handbook_vi_mirror,CAPSS VI Table 3-3,CAPSS_VI_needs_VII_diff,S = fuel sulfur content in percent.,National Air Pollutant Emissions Estimation Method Handbook VI,2023,https://www.scribd.com/document/742589271/
EF00143,1.0.0,superseded_pending_capss_vii_diff,false,Industry,Manufacturing combustion,Industrial boiler,Diesel,CO,0.6,,,,kg/kL-fuel,fuel consumed,not specified,Korea,CAPSS inventory default,CAPSS default,,,capss_handbook_vi_mirror,CAPSS VI Table 3-3,CAPSS_VI_needs_VII_diff,S = fuel sulfur content in percent.,National Air Pollutant Emissions Estimation Method Handbook VI,2023,https://www.scribd.com/document/742589271/
EF00144,1.0.0,superseded_pending_capss_vii_diff,false,Industry,Manufacturing combustion,Industrial boiler,Diesel,NOx,2.4,,,,kg/kL-fuel,fuel consumed,not specified,Korea,CAPSS inventory default,CAPSS default,,,capss_handbook_vi_mirror,CAPSS VI Table 3-3,CAPSS_VI_needs_VII_diff,S = fuel sulfur content in percent.,National Air Pollutant Emissions Estimation Method Handbook VI,2023,https://www.scribd.com/document/742589271/
EF00145,1.0.0,superseded_pending_capss_vii_diff,false,Industry,Manufacturing combustion,Industrial boiler,Diesel,SOx,,17*S,,,kg/kL-fuel,fuel consumed,not specified,Korea,CAPSS inventory default,CAPSS default,,,capss_handbook_vi_mirror,CAPSS VI Table 3-3,CAPSS_VI_needs_VII_diff,S = fuel sulfur content in percent.,National Air Pollutant Emissions Estimation Method Handbook VI,2023,https://www.scribd.com/document/742589271/
EF00146,1.0.0,superseded_pending_capss_vii_diff,false,Industry,Manufacturing combustion,Industrial boiler,Diesel,TSP,0.24,,,,kg/kL-fuel,fuel consumed,not specified,Korea,CAPSS inventory default,CAPSS default,,,capss_handbook_vi_mirror,CAPSS VI Table 3-3,CAPSS_VI_needs_VII_diff,S = fuel sulfur content in percent.,National Air Pollutant Emissions Estimation Method Handbook VI,2023,https://www.scribd.com/document/742589271/
EF00147,1.0.0,superseded_pending_capss_vii_diff,false,Industry,Manufacturing combustion,Industrial boiler,Diesel,PM10,0.22008,,,,kg/kL-fuel,fuel consumed,not specified,Korea,CAPSS inventory default,CAPSS default,,,capss_handbook_vi_mirror,CAPSS VI Table 3-3,CAPSS_VI_needs_VII_diff,S = fuel sulfur content in percent.,National Air Pollutant Emissions Estimation Method Handbook VI,2023,https://www.scribd.com/document/742589271/
EF00148,1.0.0,superseded_pending_capss_vii_diff,false,Industry,Manufacturing combustion,Industrial boiler,Diesel,PM2.5,0.0995,,,,kg/kL-fuel,fuel consumed,not specified,Korea,CAPSS inventory default,CAPSS default,,,capss_handbook_vi_mirror,CAPSS VI Table 3-3,CAPSS_VI_needs_VII_diff,S = fuel sulfur content in percent.,National Air Pollutant Emissions Estimation Method Handbook VI,2023,https://www.scribd.com/document/742589271/
EF00149,1.0.0,superseded_pending_capss_vii_diff,false,Industry,Manufacturing combustion,Industrial boiler,Diesel,VOCs,0.03,,,,kg/kL-fuel,fuel consumed,not specified,Korea,CAPSS inventory default,CAPSS default,,,capss_handbook_vi_mirror,CAPSS VI Table 3-3,CAPSS_VI_needs_VII_diff,S = fuel sulfur content in percent.,National Air Pollutant Emissions Estimation Method Handbook VI,2023,https://www.scribd.com/document/742589271/
EF00150,1.0.0,superseded_pending_capss_vii_diff,false,Industry,Manufacturing combustion,Industrial boiler,Diesel,NH3,0.096,,,,kg/kL-fuel,fuel consumed,not specified,Korea,CAPSS inventory default,CAPSS default,,,capss_handbook_vi_mirror,CAPSS VI Table 3-3,CAPSS_VI_needs_VII_diff,S = fuel sulfur content in percent.,National Air Pollutant Emissions Estimation Method Handbook VI,2023,https://www.scribd.com/document/742589271/
EF00151,1.0.0,superseded_pending_capss_vii_diff,false,Industry,Manufacturing combustion,Industrial boiler,Kerosene,CO,0.6,,,,kg/kL-fuel,fuel consumed,not specified,Korea,CAPSS inventory default,CAPSS default,,,capss_handbook_vi_mirror,CAPSS VI Table 3-3,CAPSS_VI_needs_VII_diff,S = fuel sulfur content in percent.,National Air Pollutant Emissions Estimation Method Handbook VI,2023,https://www.scribd.com/document/742589271/
EF00152,1.0.0,superseded_pending_capss_vii_diff,false,Industry,Manufacturing combustion,Industrial boiler,Kerosene,NOx,2.4,,,,kg/kL-fuel,fuel consumed,not specified,Korea,CAPSS inventory default,CAPSS default,,,capss_handbook_vi_mirror,CAPSS VI Table 3-3,CAPSS_VI_needs_VII_diff,S = fuel sulfur content in percent.,National Air Pollutant Emissions Estimation Method Handbook VI,2023,https://www.scribd.com/document/742589271/
EF00153,1.0.0,superseded_pending_capss_vii_diff,false,Industry,Manufacturing combustion,Industrial boiler,Kerosene,SOx,,17*S,,,kg/kL-fuel,fuel consumed,not specified,Korea,CAPSS inventory default,CAPSS default,,,capss_handbook_vi_mirror,CAPSS VI Table 3-3,CAPSS_VI_needs_VII_diff,S = fuel sulfur content in percent.,National Air Pollutant Emissions Estimation Method Handbook VI,2023,https://www.scribd.com/document/742589271/
EF00154,1.0.0,superseded_pending_capss_vii_diff,false,Industry,Manufacturing combustion,Industrial boiler,Kerosene,TSP,0.24,,,,kg/kL-fuel,fuel consumed,not specified,Korea,CAPSS inventory default,CAPSS default,,,capss_handbook_vi_mirror,CAPSS VI Table 3-3,CAPSS_VI_needs_VII_diff,S = fuel sulfur content in percent.,National Air Pollutant Emissions Estimation Method Handbook VI,2023,https://www.scribd.com/document/742589271/
EF00155,1.0.0,superseded_pending_capss_vii_diff,false,Industry,Manufacturing combustion,Industrial boiler,Kerosene,PM10,0.22008,,,,kg/kL-fuel,fuel consumed,not specified,Korea,CAPSS inventory default,CAPSS default,,,capss_handbook_vi_mirror,CAPSS VI Table 3-3,CAPSS_VI_needs_VII_diff,S = fuel sulfur content in percent.,National Air Pollutant Emissions Estimation Method Handbook VI,2023,https://www.scribd.com/document/742589271/
EF00156,1.0.0,superseded_pending_capss_vii_diff,false,Industry,Manufacturing combustion,Industrial boiler,Kerosene,PM2.5,0.07195,,,,kg/kL-fuel,fuel consumed,not specified,Korea,CAPSS inventory default,CAPSS default,,,capss_handbook_vi_mirror,CAPSS VI Table 3-3,CAPSS_VI_needs_VII_diff,S = fuel sulfur content in percent.,National Air Pollutant Emissions Estimation Method Handbook VI,2023,https://www.scribd.com/document/742589271/
EF00157,1.0.0,superseded_pending_capss_vii_diff,false,Industry,Manufacturing combustion,Industrial boiler,Kerosene,VOCs,0.03,,,,kg/kL-fuel,fuel consumed,not specified,Korea,CAPSS inventory default,CAPSS default,,,capss_handbook_vi_mirror,CAPSS VI Table 3-3,CAPSS_VI_needs_VII_diff,S = fuel sulfur content in percent.,National Air Pollutant Emissions Estimation Method Handbook VI,2023,https://www.scribd.com/document/742589271/
EF00158,1.0.0,superseded_pending_capss_vii_diff,false,Industry,Manufacturing combustion,Industrial boiler,Kerosene,NH3,0.096,,,,kg/kL-fuel,fuel consumed,not specified,Korea,CAPSS inventory default,CAPSS default,,,capss_handbook_vi_mirror,CAPSS VI Table 3-3,CAPSS_VI_needs_VII_diff,S = fuel sulfur content in percent.,National Air Pollutant Emissions Estimation Method Handbook VI,2023,https://www.scribd.com/document/742589271/
EF00159,1.0.0,superseded_pending_capss_vii_diff,false,Industry,Manufacturing combustion,Industrial boiler,LPG,CO,0.384,,,,kg/kL-fuel,fuel consumed,not specified,Korea,CAPSS inventory default,CAPSS default,,,capss_handbook_vi_mirror,CAPSS VI Table 3-3,CAPSS_VI_needs_VII_diff,S = fuel sulfur content in percent.,National Air Pollutant Emissions Estimation Method Handbook VI,2023,https://www.scribd.com/document/742589271/
EF00160,1.0.0,superseded_pending_capss_vii_diff,false,Industry,Manufacturing combustion,Industrial boiler,LPG,NOx,2.28,,,,kg/kL-fuel,fuel consumed,not specified,Korea,CAPSS inventory default,CAPSS default,,,capss_handbook_vi_mirror,CAPSS VI Table 3-3,CAPSS_VI_needs_VII_diff,S = fuel sulfur content in percent.,National Air Pollutant Emissions Estimation Method Handbook VI,2023,https://www.scribd.com/document/742589271/
EF00161,1.0.0,superseded_pending_capss_vii_diff,false,Industry,Manufacturing combustion,Industrial boiler,LPG,SOx,0.01,,,,kg/kL-fuel,fuel consumed,not specified,Korea,CAPSS inventory default,CAPSS default,,,capss_handbook_vi_mirror,CAPSS VI Table 3-3,CAPSS_VI_needs_VII_diff,S = fuel sulfur content in percent.,National Air Pollutant Emissions Estimation Method Handbook VI,2023,https://www.scribd.com/document/742589271/
EF00162,1.0.0,superseded_pending_capss_vii_diff,false,Industry,Manufacturing combustion,Industrial boiler,LPG,TSP,0.07,,,,kg/kL-fuel,fuel consumed,not specified,Korea,CAPSS inventory default,CAPSS default,,,capss_handbook_vi_mirror,CAPSS VI Table 3-3,CAPSS_VI_needs_VII_diff,S = fuel sulfur content in percent.,National Air Pollutant Emissions Estimation Method Handbook VI,2023,https://www.scribd.com/document/742589271/
EF00163,1.0.0,superseded_pending_capss_vii_diff,false,Industry,Manufacturing combustion,Industrial boiler,LPG,PM10,0.07,,,,kg/kL-fuel,fuel consumed,not specified,Korea,CAPSS inventory default,CAPSS default,,,capss_handbook_vi_mirror,CAPSS VI Table 3-3,CAPSS_VI_needs_VII_diff,S = fuel sulfur content in percent.,National Air Pollutant Emissions Estimation Method Handbook VI,2023,https://www.scribd.com/document/742589271/
EF00164,1.0.0,superseded_pending_capss_vii_diff,false,Industry,Manufacturing combustion,Industrial boiler,LPG,PM2.5,0.07,,,,kg/kL-fuel,fuel consumed,not specified,Korea,CAPSS inventory default,CAPSS default,,,capss_handbook_vi_mirror,CAPSS VI Table 3-3,CAPSS_VI_needs_VII_diff,S = fuel sulfur content in percent.,National Air Pollutant Emissions Estimation Method Handbook VI,2023,https://www.scribd.com/document/742589271/
EF00165,1.0.0,superseded_pending_capss_vii_diff,false,Industry,Manufacturing combustion,Industrial boiler,LPG,VOCs,0.06,,,,kg/kL-fuel,fuel consumed,not specified,Korea,CAPSS inventory default,CAPSS default,,,capss_handbook_vi_mirror,CAPSS VI Table 3-3,CAPSS_VI_needs_VII_diff,S = fuel sulfur content in percent.,National Air Pollutant Emissions Estimation Method Handbook VI,2023,https://www.scribd.com/document/742589271/
EF00166,1.0.0,superseded_pending_capss_vii_diff,false,Industry,Manufacturing combustion,Industrial boiler,LPG,NH3,0.013,,,,kg/kL-fuel,fuel consumed,not specified,Korea,CAPSS inventory default,CAPSS default,,,capss_handbook_vi_mirror,CAPSS VI Table 3-3,CAPSS_VI_needs_VII_diff,S = fuel sulfur content in percent.,National Air Pollutant Emissions Estimation Method Handbook VI,2023,https://www.scribd.com/document/742589271/
EF00167,1.0.0,superseded_pending_capss_vii_diff,false,Industry,Manufacturing combustion,Industrial boiler,LNG,CO,1.344,,,,kg/1000m3-fuel,fuel consumed,not specified,Korea,CAPSS inventory default,CAPSS default,,,capss_handbook_vi_mirror,CAPSS VI Table 3-3,CAPSS_VI_needs_VII_diff,S = fuel sulfur content in percent.,National Air Pollutant Emissions Estimation Method Handbook VI,2023,https://www.scribd.com/document/742589271/
EF00168,1.0.0,superseded_pending_capss_vii_diff,false,Industry,Manufacturing combustion,Industrial boiler,LNG,NOx,3.7,,,,kg/1000m3-fuel,fuel consumed,not specified,Korea,CAPSS inventory default,CAPSS default,,,capss_handbook_vi_mirror,CAPSS VI Table 3-3,CAPSS_VI_needs_VII_diff,S = fuel sulfur content in percent.,National Air Pollutant Emissions Estimation Method Handbook VI,2023,https://www.scribd.com/document/742589271/
EF00169,1.0.0,superseded_pending_capss_vii_diff,false,Industry,Manufacturing combustion,Industrial boiler,LNG,SOx,0.01,,,,kg/1000m3-fuel,fuel consumed,not specified,Korea,CAPSS inventory default,CAPSS default,,,capss_handbook_vi_mirror,CAPSS VI Table 3-3,CAPSS_VI_needs_VII_diff,S = fuel sulfur content in percent.,National Air Pollutant Emissions Estimation Method Handbook VI,2023,https://www.scribd.com/document/742589271/
EF00170,1.0.0,superseded_pending_capss_vii_diff,false,Industry,Manufacturing combustion,Industrial boiler,LNG,TSP,0.03,,,,kg/1000m3-fuel,fuel consumed,not specified,Korea,CAPSS inventory default,CAPSS default,,,capss_handbook_vi_mirror,CAPSS VI Table 3-3,CAPSS_VI_needs_VII_diff,S = fuel sulfur content in percent.,National Air Pollutant Emissions Estimation Method Handbook VI,2023,https://www.scribd.com/document/742589271/
EF00171,1.0.0,superseded_pending_capss_vii_diff,false,Industry,Manufacturing combustion,Industrial boiler,LNG,PM10,0.03,,,,kg/1000m3-fuel,fuel consumed,not specified,Korea,CAPSS inventory default,CAPSS default,,,capss_handbook_vi_mirror,CAPSS VI Table 3-3,CAPSS_VI_needs_VII_diff,S = fuel sulfur content in percent.,National Air Pollutant Emissions Estimation Method Handbook VI,2023,https://www.scribd.com/document/742589271/
EF00172,1.0.0,superseded_pending_capss_vii_diff,false,Industry,Manufacturing combustion,Industrial boiler,LNG,PM2.5,0.03,,,,kg/1000m3-fuel,fuel consumed,not specified,Korea,CAPSS inventory default,CAPSS default,,,capss_handbook_vi_mirror,CAPSS VI Table 3-3,CAPSS_VI_needs_VII_diff,S = fuel sulfur content in percent.,National Air Pollutant Emissions Estimation Method Handbook VI,2023,https://www.scribd.com/document/742589271/
EF00173,1.0.0,superseded_pending_capss_vii_diff,false,Industry,Manufacturing combustion,Industrial boiler,LNG,VOCs,0.18,,,,kg/1000m3-fuel,fuel consumed,not specified,Korea,CAPSS inventory default,CAPSS default,,,capss_handbook_vi_mirror,CAPSS VI Table 3-3,CAPSS_VI_needs_VII_diff,S = fuel sulfur content in percent.,National Air Pollutant Emissions Estimation Method Handbook VI,2023,https://www.scribd.com/document/742589271/
EF00174,1.0.0,superseded_pending_capss_vii_diff,false,Industry,Manufacturing combustion,Industrial boiler,LNG,NH3,0.051,,,,kg/1000m3-fuel,fuel consumed,not specified,Korea,CAPSS inventory default,CAPSS default,,,capss_handbook_vi_mirror,CAPSS VI Table 3-3,CAPSS_VI_needs_VII_diff,S = fuel sulfur content in percent.,National Air Pollutant Emissions Estimation Method Handbook VI,2023,https://www.scribd.com/document/742589271/
EF00175,1.0.0,superseded_pending_capss_vii_diff,false,Industry,Manufacturing combustion,Gas turbine,Diesel,CO,0.055,,,,kg/kL-fuel,fuel consumed,not specified,Korea,CAPSS inventory default,CAPSS default,,,capss_handbook_vi_mirror,CAPSS VI Table 3-3,CAPSS_VI_needs_VII_diff,S = fuel sulfur content in percent.,National Air Pollutant Emissions Estimation Method Handbook VI,2023,https://www.scribd.com/document/742589271/
EF00176,1.0.0,superseded_pending_capss_vii_diff,false,Industry,Manufacturing combustion,Gas turbine,Diesel,NOx,14.68,,,,kg/kL-fuel,fuel consumed,not specified,Korea,CAPSS inventory default,CAPSS default,,,capss_handbook_vi_mirror,CAPSS VI Table 3-3,CAPSS_VI_needs_VII_diff,S = fuel sulfur content in percent.,National Air Pollutant Emissions Estimation Method Handbook VI,2023,https://www.scribd.com/document/742589271/
EF00177,1.0.0,superseded_pending_capss_vii_diff,false,Industry,Manufacturing combustion,Gas turbine,Diesel,SOx,,17*S,,,kg/kL-fuel,fuel consumed,not specified,Korea,CAPSS inventory default,CAPSS default,,,capss_handbook_vi_mirror,CAPSS VI Table 3-3,CAPSS_VI_needs_VII_diff,S = fuel sulfur content in percent.,National Air Pollutant Emissions Estimation Method Handbook VI,2023,https://www.scribd.com/document/742589271/
EF00178,1.0.0,superseded_pending_capss_vii_diff,false,Industry,Manufacturing combustion,Gas turbine,Diesel,TSP,0.072,,,,kg/kL-fuel,fuel consumed,not specified,Korea,CAPSS inventory default,CAPSS default,,,capss_handbook_vi_mirror,CAPSS VI Table 3-3,CAPSS_VI_needs_VII_diff,S = fuel sulfur content in percent.,National Air Pollutant Emissions Estimation Method Handbook VI,2023,https://www.scribd.com/document/742589271/
EF00179,1.0.0,superseded_pending_capss_vii_diff,false,Industry,Manufacturing combustion,Gas turbine,Diesel,PM10,0.066024,,,,kg/kL-fuel,fuel consumed,not specified,Korea,CAPSS inventory default,CAPSS default,,,capss_handbook_vi_mirror,CAPSS VI Table 3-3,CAPSS_VI_needs_VII_diff,S = fuel sulfur content in percent.,National Air Pollutant Emissions Estimation Method Handbook VI,2023,https://www.scribd.com/document/742589271/
EF00180,1.0.0,superseded_pending_capss_vii_diff,false,Industry,Manufacturing combustion,Gas turbine,Diesel,PM2.5,0.03,,,,kg/kL-fuel,fuel consumed,not specified,Korea,CAPSS inventory default,CAPSS default,,,capss_handbook_vi_mirror,CAPSS VI Table 3-3,CAPSS_VI_needs_VII_diff,S = fuel sulfur content in percent.,National Air Pollutant Emissions Estimation Method Handbook VI,2023,https://www.scribd.com/document/742589271/
EF00181,1.0.0,superseded_pending_capss_vii_diff,false,Industry,Manufacturing combustion,Gas turbine,Diesel,VOCs,0.067,,,,kg/kL-fuel,fuel consumed,not specified,Korea,CAPSS inventory default,CAPSS default,,,capss_handbook_vi_mirror,CAPSS VI Table 3-3,CAPSS_VI_needs_VII_diff,S = fuel sulfur content in percent.,National Air Pollutant Emissions Estimation Method Handbook VI,2023,https://www.scribd.com/document/742589271/
EF00182,1.0.0,superseded_pending_capss_vii_diff,false,Industry,Manufacturing combustion,Gas turbine,Diesel,NH3,0.096,,,,kg/kL-fuel,fuel consumed,not specified,Korea,CAPSS inventory default,CAPSS default,,,capss_handbook_vi_mirror,CAPSS VI Table 3-3,CAPSS_VI_needs_VII_diff,S = fuel sulfur content in percent.,National Air Pollutant Emissions Estimation Method Handbook VI,2023,https://www.scribd.com/document/742589271/
EF00183,1.0.0,superseded_pending_capss_vii_diff,false,Industry,Manufacturing combustion,Gas turbine,Kerosene,CO,0.055,,,,kg/kL-fuel,fuel consumed,not specified,Korea,CAPSS inventory default,CAPSS default,,,capss_handbook_vi_mirror,CAPSS VI Table 3-3,CAPSS_VI_needs_VII_diff,S = fuel sulfur content in percent.,National Air Pollutant Emissions Estimation Method Handbook VI,2023,https://www.scribd.com/document/742589271/
EF00184,1.0.0,superseded_pending_capss_vii_diff,false,Industry,Manufacturing combustion,Gas turbine,Kerosene,NOx,14.68,,,,kg/kL-fuel,fuel consumed,not specified,Korea,CAPSS inventory default,CAPSS default,,,capss_handbook_vi_mirror,CAPSS VI Table 3-3,CAPSS_VI_needs_VII_diff,S = fuel sulfur content in percent.,National Air Pollutant Emissions Estimation Method Handbook VI,2023,https://www.scribd.com/document/742589271/
EF00185,1.0.0,superseded_pending_capss_vii_diff,false,Industry,Manufacturing combustion,Gas turbine,Kerosene,SOx,,16.9*S,,,kg/kL-fuel,fuel consumed,not specified,Korea,CAPSS inventory default,CAPSS default,,,capss_handbook_vi_mirror,CAPSS VI Table 3-3,CAPSS_VI_needs_VII_diff,S = fuel sulfur content in percent.,National Air Pollutant Emissions Estimation Method Handbook VI,2023,https://www.scribd.com/document/742589271/
EF00186,1.0.0,superseded_pending_capss_vii_diff,false,Industry,Manufacturing combustion,Gas turbine,Kerosene,TSP,0.072,,,,kg/kL-fuel,fuel consumed,not specified,Korea,CAPSS inventory default,CAPSS default,,,capss_handbook_vi_mirror,CAPSS VI Table 3-3,CAPSS_VI_needs_VII_diff,S = fuel sulfur content in percent.,National Air Pollutant Emissions Estimation Method Handbook VI,2023,https://www.scribd.com/document/742589271/
EF00187,1.0.0,superseded_pending_capss_vii_diff,false,Industry,Manufacturing combustion,Gas turbine,Kerosene,PM10,0.066024,,,,kg/kL-fuel,fuel consumed,not specified,Korea,CAPSS inventory default,CAPSS default,,,capss_handbook_vi_mirror,CAPSS VI Table 3-3,CAPSS_VI_needs_VII_diff,S = fuel sulfur content in percent.,National Air Pollutant Emissions Estimation Method Handbook VI,2023,https://www.scribd.com/document/742589271/
EF00188,1.0.0,superseded_pending_capss_vii_diff,false,Industry,Manufacturing combustion,Gas turbine,Kerosene,PM2.5,0.05559,,,,kg/kL-fuel,fuel consumed,not specified,Korea,CAPSS inventory default,CAPSS default,,,capss_handbook_vi_mirror,CAPSS VI Table 3-3,CAPSS_VI_needs_VII_diff,S = fuel sulfur content in percent.,National Air Pollutant Emissions Estimation Method Handbook VI,2023,https://www.scribd.com/document/742589271/
EF00189,1.0.0,superseded_pending_capss_vii_diff,false,Industry,Manufacturing combustion,Gas turbine,Kerosene,VOCs,0.067,,,,kg/kL-fuel,fuel consumed,not specified,Korea,CAPSS inventory default,CAPSS default,,,capss_handbook_vi_mirror,CAPSS VI Table 3-3,CAPSS_VI_needs_VII_diff,S = fuel sulfur content in percent.,National Air Pollutant Emissions Estimation Method Handbook VI,2023,https://www.scribd.com/document/742589271/
EF00190,1.0.0,superseded_pending_capss_vii_diff,false,Industry,Manufacturing combustion,Gas turbine,Kerosene,NH3,0.096,,,,kg/kL-fuel,fuel consumed,not specified,Korea,CAPSS inventory default,CAPSS default,,,capss_handbook_vi_mirror,CAPSS VI Table 3-3,CAPSS_VI_needs_VII_diff,S = fuel sulfur content in percent.,National Air Pollutant Emissions Estimation Method Handbook VI,2023,https://www.scribd.com/document/742589271/
EF00191,1.0.0,superseded_pending_capss_vii_diff,false,Industry,Manufacturing combustion,Gas turbine,LNG,CO,1.55,,,,kg/1000m3-fuel,fuel consumed,not specified,Korea,CAPSS inventory default,CAPSS default,,,capss_handbook_vi_mirror,CAPSS VI Table 3-3,CAPSS_VI_needs_VII_diff,S = fuel sulfur content in percent.,National Air Pollutant Emissions Estimation Method Handbook VI,2023,https://www.scribd.com/document/742589271/
EF00192,1.0.0,superseded_pending_capss_vii_diff,false,Industry,Manufacturing combustion,Gas turbine,LNG,NOx,6.04,,,,kg/1000m3-fuel,fuel consumed,not specified,Korea,CAPSS inventory default,CAPSS default,,,capss_handbook_vi_mirror,CAPSS VI Table 3-3,CAPSS_VI_needs_VII_diff,S = fuel sulfur content in percent.,National Air Pollutant Emissions Estimation Method Handbook VI,2023,https://www.scribd.com/document/742589271/
EF00193,1.0.0,superseded_pending_capss_vii_diff,false,Industry,Manufacturing combustion,Gas turbine,LNG,SOx,0.01,,,,kg/1000m3-fuel,fuel consumed,not specified,Korea,CAPSS inventory default,CAPSS default,,,capss_handbook_vi_mirror,CAPSS VI Table 3-3,CAPSS_VI_needs_VII_diff,S = fuel sulfur content in percent.,National Air Pollutant Emissions Estimation Method Handbook VI,2023,https://www.scribd.com/document/742589271/
EF00194,1.0.0,superseded_pending_capss_vii_diff,false,Industry,Manufacturing combustion,Gas turbine,LNG,TSP,0.036,,,,kg/1000m3-fuel,fuel consumed,not specified,Korea,CAPSS inventory default,CAPSS default,,,capss_handbook_vi_mirror,CAPSS VI Table 3-3,CAPSS_VI_needs_VII_diff,S = fuel sulfur content in percent.,National Air Pollutant Emissions Estimation Method Handbook VI,2023,https://www.scribd.com/document/742589271/
EF00195,1.0.0,superseded_pending_capss_vii_diff,false,Industry,Manufacturing combustion,Gas turbine,LNG,PM10,0.036,,,,kg/1000m3-fuel,fuel consumed,not specified,Korea,CAPSS inventory default,CAPSS default,,,capss_handbook_vi_mirror,CAPSS VI Table 3-3,CAPSS_VI_needs_VII_diff,S = fuel sulfur content in percent.,National Air Pollutant Emissions Estimation Method Handbook VI,2023,https://www.scribd.com/document/742589271/
EF00196,1.0.0,superseded_pending_capss_vii_diff,false,Industry,Manufacturing combustion,Gas turbine,LNG,PM2.5,0.036,,,,kg/1000m3-fuel,fuel consumed,not specified,Korea,CAPSS inventory default,CAPSS default,,,capss_handbook_vi_mirror,CAPSS VI Table 3-3,CAPSS_VI_needs_VII_diff,S = fuel sulfur content in percent.,National Air Pollutant Emissions Estimation Method Handbook VI,2023,https://www.scribd.com/document/742589271/
EF00197,1.0.0,superseded_pending_capss_vii_diff,false,Industry,Manufacturing combustion,Gas turbine,LNG,VOCs,0.21,,,,kg/1000m3-fuel,fuel consumed,not specified,Korea,CAPSS inventory default,CAPSS default,,,capss_handbook_vi_mirror,CAPSS VI Table 3-3,CAPSS_VI_needs_VII_diff,S = fuel sulfur content in percent.,National Air Pollutant Emissions Estimation Method Handbook VI,2023,https://www.scribd.com/document/742589271/
EF00198,1.0.0,superseded_pending_capss_vii_diff,false,Industry,Manufacturing combustion,Gas turbine,LNG,NH3,0.051,,,,kg/1000m3-fuel,fuel consumed,not specified,Korea,CAPSS inventory default,CAPSS default,,,capss_handbook_vi_mirror,CAPSS VI Table 3-3,CAPSS_VI_needs_VII_diff,S = fuel sulfur content in percent.,National Air Pollutant Emissions Estimation Method Handbook VI,2023,https://www.scribd.com/document/742589271/
EF00199,1.0.0,superseded_pending_capss_vii_diff,false,Industry,Manufacturing combustion,Stationary engine,B-A oil,CO,14.18,,,,kg/kL-fuel,fuel consumed,not specified,Korea,CAPSS inventory default,CAPSS default,,,capss_handbook_vi_mirror,CAPSS VI Table 3-3,CAPSS_VI_needs_VII_diff,S = fuel sulfur content in percent.,National Air Pollutant Emissions Estimation Method Handbook VI,2023,https://www.scribd.com/document/742589271/
EF00200,1.0.0,superseded_pending_capss_vii_diff,false,Industry,Manufacturing combustion,Stationary engine,B-A oil,NOx,53.376,,,,kg/kL-fuel,fuel consumed,not specified,Korea,CAPSS inventory default,CAPSS default,,,capss_handbook_vi_mirror,CAPSS VI Table 3-3,CAPSS_VI_needs_VII_diff,S = fuel sulfur content in percent.,National Air Pollutant Emissions Estimation Method Handbook VI,2023,https://www.scribd.com/document/742589271/
EF00201,1.0.0,superseded_pending_capss_vii_diff,false,Industry,Manufacturing combustion,Stationary engine,B-A oil,SOx,,18*S,,,kg/kL-fuel,fuel consumed,not specified,Korea,CAPSS inventory default,CAPSS default,,,capss_handbook_vi_mirror,CAPSS VI Table 3-3,CAPSS_VI_needs_VII_diff,S = fuel sulfur content in percent.,National Air Pollutant Emissions Estimation Method Handbook VI,2023,https://www.scribd.com/document/742589271/
EF00202,1.0.0,superseded_pending_capss_vii_diff,false,Industry,Manufacturing combustion,Stationary engine,B-A oil,TSP,1.668,,,,kg/kL-fuel,fuel consumed,not specified,Korea,CAPSS inventory default,CAPSS default,,,capss_handbook_vi_mirror,CAPSS VI Table 3-3,CAPSS_VI_needs_VII_diff,S = fuel sulfur content in percent.,National Air Pollutant Emissions Estimation Method Handbook VI,2023,https://www.scribd.com/document/742589271/
EF00203,1.0.0,superseded_pending_capss_vii_diff,false,Industry,Manufacturing combustion,Stationary engine,B-A oil,PM10,0.987456,,,,kg/kL-fuel,fuel consumed,not specified,Korea,CAPSS inventory default,CAPSS default,,,capss_handbook_vi_mirror,CAPSS VI Table 3-3,CAPSS_VI_needs_VII_diff,S = fuel sulfur content in percent.,National Air Pollutant Emissions Estimation Method Handbook VI,2023,https://www.scribd.com/document/742589271/
EF00204,1.0.0,superseded_pending_capss_vii_diff,false,Industry,Manufacturing combustion,Stationary engine,B-A oil,PM2.5,0.3638,,,,kg/kL-fuel,fuel consumed,not specified,Korea,CAPSS inventory default,CAPSS default,,,capss_handbook_vi_mirror,CAPSS VI Table 3-3,CAPSS_VI_needs_VII_diff,S = fuel sulfur content in percent.,National Air Pollutant Emissions Estimation Method Handbook VI,2023,https://www.scribd.com/document/742589271/
EF00205,1.0.0,superseded_pending_capss_vii_diff,false,Industry,Manufacturing combustion,Stationary engine,B-A oil,VOCs,1.5,,,,kg/kL-fuel,fuel consumed,not specified,Korea,CAPSS inventory default,CAPSS default,,,capss_handbook_vi_mirror,CAPSS VI Table 3-3,CAPSS_VI_needs_VII_diff,S = fuel sulfur content in percent.,National Air Pollutant Emissions Estimation Method Handbook VI,2023,https://www.scribd.com/document/742589271/
EF00206,1.0.0,superseded_pending_capss_vii_diff,false,Industry,Manufacturing combustion,Stationary engine,B-A oil,NH3,0.096,,,,kg/kL-fuel,fuel consumed,not specified,Korea,CAPSS inventory default,CAPSS default,,,capss_handbook_vi_mirror,CAPSS VI Table 3-3,CAPSS_VI_needs_VII_diff,S = fuel sulfur content in percent.,National Air Pollutant Emissions Estimation Method Handbook VI,2023,https://www.scribd.com/document/742589271/
EF00207,1.0.0,superseded_pending_capss_vii_diff,false,Industry,Manufacturing combustion,Stationary engine,B-B oil,CO,14.18,,,,kg/kL-fuel,fuel consumed,not specified,Korea,CAPSS inventory default,CAPSS default,,,capss_handbook_vi_mirror,CAPSS VI Table 3-3,CAPSS_VI_needs_VII_diff,S = fuel sulfur content in percent.,National Air Pollutant Emissions Estimation Method Handbook VI,2023,https://www.scribd.com/document/742589271/
EF00208,1.0.0,superseded_pending_capss_vii_diff,false,Industry,Manufacturing combustion,Stationary engine,B-B oil,NOx,53.376,,,,kg/kL-fuel,fuel consumed,not specified,Korea,CAPSS inventory default,CAPSS default,,,capss_handbook_vi_mirror,CAPSS VI Table 3-3,CAPSS_VI_needs_VII_diff,S = fuel sulfur content in percent.,National Air Pollutant Emissions Estimation Method Handbook VI,2023,https://www.scribd.com/document/742589271/
EF00209,1.0.0,superseded_pending_capss_vii_diff,false,Industry,Manufacturing combustion,Stationary engine,B-B oil,SOx,,14.3*S,,,kg/kL-fuel,fuel consumed,not specified,Korea,CAPSS inventory default,CAPSS default,,,capss_handbook_vi_mirror,CAPSS VI Table 3-3,CAPSS_VI_needs_VII_diff,S = fuel sulfur content in percent.,National Air Pollutant Emissions Estimation Method Handbook VI,2023,https://www.scribd.com/document/742589271/
EF00210,1.0.0,superseded_pending_capss_vii_diff,false,Industry,Manufacturing combustion,Stationary engine,B-B oil,TSP,1.668,,,,kg/kL-fuel,fuel consumed,not specified,Korea,CAPSS inventory default,CAPSS default,,,capss_handbook_vi_mirror,CAPSS VI Table 3-3,CAPSS_VI_needs_VII_diff,S = fuel sulfur content in percent.,National Air Pollutant Emissions Estimation Method Handbook VI,2023,https://www.scribd.com/document/742589271/
EF00211,1.0.0,superseded_pending_capss_vii_diff,false,Industry,Manufacturing combustion,Stationary engine,B-B oil,PM10,0.987456,,,,kg/kL-fuel,fuel consumed,not specified,Korea,CAPSS inventory default,CAPSS default,,,capss_handbook_vi_mirror,CAPSS VI Table 3-3,CAPSS_VI_needs_VII_diff,S = fuel sulfur content in percent.,National Air Pollutant Emissions Estimation Method Handbook VI,2023,https://www.scribd.com/document/742589271/
EF00212,1.0.0,superseded_pending_capss_vii_diff,false,Industry,Manufacturing combustion,Stationary engine,B-B oil,PM2.5,0.3638,,,,kg/kL-fuel,fuel consumed,not specified,Korea,CAPSS inventory default,CAPSS default,,,capss_handbook_vi_mirror,CAPSS VI Table 3-3,CAPSS_VI_needs_VII_diff,S = fuel sulfur content in percent.,National Air Pollutant Emissions Estimation Method Handbook VI,2023,https://www.scribd.com/document/742589271/
EF00213,1.0.0,superseded_pending_capss_vii_diff,false,Industry,Manufacturing combustion,Stationary engine,B-B oil,VOCs,1.5,,,,kg/kL-fuel,fuel consumed,not specified,Korea,CAPSS inventory default,CAPSS default,,,capss_handbook_vi_mirror,CAPSS VI Table 3-3,CAPSS_VI_needs_VII_diff,S = fuel sulfur content in percent.,National Air Pollutant Emissions Estimation Method Handbook VI,2023,https://www.scribd.com/document/742589271/
EF00214,1.0.0,superseded_pending_capss_vii_diff,false,Industry,Manufacturing combustion,Stationary engine,B-B oil,NH3,0.096,,,,kg/kL-fuel,fuel consumed,not specified,Korea,CAPSS inventory default,CAPSS default,,,capss_handbook_vi_mirror,CAPSS VI Table 3-3,CAPSS_VI_needs_VII_diff,S = fuel sulfur content in percent.,National Air Pollutant Emissions Estimation Method Handbook VI,2023,https://www.scribd.com/document/742589271/
EF00215,1.0.0,superseded_pending_capss_vii_diff,false,Industry,Manufacturing combustion,Stationary engine,B-C oil,CO,14.18,,,,kg/kL-fuel,fuel consumed,not specified,Korea,CAPSS inventory default,CAPSS default,,,capss_handbook_vi_mirror,CAPSS VI Table 3-3,CAPSS_VI_needs_VII_diff,S = fuel sulfur content in percent.,National Air Pollutant Emissions Estimation Method Handbook VI,2023,https://www.scribd.com/document/742589271/
EF00216,1.0.0,superseded_pending_capss_vii_diff,false,Industry,Manufacturing combustion,Stationary engine,B-C oil,NOx,53.376,,,,kg/kL-fuel,fuel consumed,not specified,Korea,CAPSS inventory default,CAPSS default,,,capss_handbook_vi_mirror,CAPSS VI Table 3-3,CAPSS_VI_needs_VII_diff,S = fuel sulfur content in percent.,National Air Pollutant Emissions Estimation Method Handbook VI,2023,https://www.scribd.com/document/742589271/
EF00217,1.0.0,superseded_pending_capss_vii_diff,false,Industry,Manufacturing combustion,Stationary engine,B-C oil,SOx,,14.3*S,,,kg/kL-fuel,fuel consumed,not specified,Korea,CAPSS inventory default,CAPSS default,,,capss_handbook_vi_mirror,CAPSS VI Table 3-3,CAPSS_VI_needs_VII_diff,S = fuel sulfur content in percent.,National Air Pollutant Emissions Estimation Method Handbook VI,2023,https://www.scribd.com/document/742589271/
EF00218,1.0.0,superseded_pending_capss_vii_diff,false,Industry,Manufacturing combustion,Stationary engine,B-C oil,TSP,1.668,,,,kg/kL-fuel,fuel consumed,not specified,Korea,CAPSS inventory default,CAPSS default,,,capss_handbook_vi_mirror,CAPSS VI Table 3-3,CAPSS_VI_needs_VII_diff,S = fuel sulfur content in percent.,National Air Pollutant Emissions Estimation Method Handbook VI,2023,https://www.scribd.com/document/742589271/
EF00219,1.0.0,superseded_pending_capss_vii_diff,false,Industry,Manufacturing combustion,Stationary engine,B-C oil,PM10,0.987456,,,,kg/kL-fuel,fuel consumed,not specified,Korea,CAPSS inventory default,CAPSS default,,,capss_handbook_vi_mirror,CAPSS VI Table 3-3,CAPSS_VI_needs_VII_diff,S = fuel sulfur content in percent.,National Air Pollutant Emissions Estimation Method Handbook VI,2023,https://www.scribd.com/document/742589271/
EF00220,1.0.0,superseded_pending_capss_vii_diff,false,Industry,Manufacturing combustion,Stationary engine,B-C oil,PM2.5,0.36381,,,,kg/kL-fuel,fuel consumed,not specified,Korea,CAPSS inventory default,CAPSS default,,,capss_handbook_vi_mirror,CAPSS VI Table 3-3,CAPSS_VI_needs_VII_diff,S = fuel sulfur content in percent.,National Air Pollutant Emissions Estimation Method Handbook VI,2023,https://www.scribd.com/document/742589271/
EF00221,1.0.0,superseded_pending_capss_vii_diff,false,Industry,Manufacturing combustion,Stationary engine,B-C oil,VOCs,1.5,,,,kg/kL-fuel,fuel consumed,not specified,Korea,CAPSS inventory default,CAPSS default,,,capss_handbook_vi_mirror,CAPSS VI Table 3-3,CAPSS_VI_needs_VII_diff,S = fuel sulfur content in percent.,National Air Pollutant Emissions Estimation Method Handbook VI,2023,https://www.scribd.com/document/742589271/
EF00222,1.0.0,superseded_pending_capss_vii_diff,false,Industry,Manufacturing combustion,Stationary engine,B-C oil,NH3,0.096,,,,kg/kL-fuel,fuel consumed,not specified,Korea,CAPSS inventory default,CAPSS default,,,capss_handbook_vi_mirror,CAPSS VI Table 3-3,CAPSS_VI_needs_VII_diff,S = fuel sulfur content in percent.,National Air Pollutant Emissions Estimation Method Handbook VI,2023,https://www.scribd.com/document/742589271/
EF00223,1.0.0,superseded_pending_capss_vii_diff,false,Industry,Manufacturing combustion,Stationary engine,Diesel,CO,14.18,,,,kg/kL-fuel,fuel consumed,not specified,Korea,CAPSS inventory default,CAPSS default,,,capss_handbook_vi_mirror,CAPSS VI Table 3-3,CAPSS_VI_needs_VII_diff,S = fuel sulfur content in percent.,National Air Pollutant Emissions Estimation Method Handbook VI,2023,https://www.scribd.com/document/742589271/
EF00224,1.0.0,superseded_pending_capss_vii_diff,false,Industry,Manufacturing combustion,Stationary engine,Diesel,NOx,53.376,,,,kg/kL-fuel,fuel consumed,not specified,Korea,CAPSS inventory default,CAPSS default,,,capss_handbook_vi_mirror,CAPSS VI Table 3-3,CAPSS_VI_needs_VII_diff,S = fuel sulfur content in percent.,National Air Pollutant Emissions Estimation Method Handbook VI,2023,https://www.scribd.com/document/742589271/
EF00225,1.0.0,superseded_pending_capss_vii_diff,false,Industry,Manufacturing combustion,Stationary engine,Diesel,SOx,,16.9*S,,,kg/kL-fuel,fuel consumed,not specified,Korea,CAPSS inventory default,CAPSS default,,,capss_handbook_vi_mirror,CAPSS VI Table 3-3,CAPSS_VI_needs_VII_diff,S = fuel sulfur content in percent.,National Air Pollutant Emissions Estimation Method Handbook VI,2023,https://www.scribd.com/document/742589271/
EF00226,1.0.0,superseded_pending_capss_vii_diff,false,Industry,Manufacturing combustion,Stationary engine,Diesel,TSP,1.668,,,,kg/kL-fuel,fuel consumed,not specified,Korea,CAPSS inventory default,CAPSS default,,,capss_handbook_vi_mirror,CAPSS VI Table 3-3,CAPSS_VI_needs_VII_diff,S = fuel sulfur content in percent.,National Air Pollutant Emissions Estimation Method Handbook VI,2023,https://www.scribd.com/document/742589271/
EF00227,1.0.0,superseded_pending_capss_vii_diff,false,Industry,Manufacturing combustion,Stationary engine,Diesel,PM10,1.529556,,,,kg/kL-fuel,fuel consumed,not specified,Korea,CAPSS inventory default,CAPSS default,,,capss_handbook_vi_mirror,CAPSS VI Table 3-3,CAPSS_VI_needs_VII_diff,S = fuel sulfur content in percent.,National Air Pollutant Emissions Estimation Method Handbook VI,2023,https://www.scribd.com/document/742589271/
EF00228,1.0.0,superseded_pending_capss_vii_diff,false,Industry,Manufacturing combustion,Stationary engine,Diesel,PM2.5,0.06446,,,,kg/kL-fuel,fuel consumed,not specified,Korea,CAPSS inventory default,CAPSS default,,,capss_handbook_vi_mirror,CAPSS VI Table 3-3,CAPSS_VI_needs_VII_diff,S = fuel sulfur content in percent.,National Air Pollutant Emissions Estimation Method Handbook VI,2023,https://www.scribd.com/document/742589271/
EF00229,1.0.0,superseded_pending_capss_vii_diff,false,Industry,Manufacturing combustion,Stationary engine,Diesel,VOCs,1.5,,,,kg/kL-fuel,fuel consumed,not specified,Korea,CAPSS inventory default,CAPSS default,,,capss_handbook_vi_mirror,CAPSS VI Table 3-3,CAPSS_VI_needs_VII_diff,S = fuel sulfur content in percent.,National Air Pollutant Emissions Estimation Method Handbook VI,2023,https://www.scribd.com/document/742589271/
EF00230,1.0.0,superseded_pending_capss_vii_diff,false,Industry,Manufacturing combustion,Stationary engine,Diesel,NH3,0.096,,,,kg/kL-fuel,fuel consumed,not specified,Korea,CAPSS inventory default,CAPSS default,,,capss_handbook_vi_mirror,CAPSS VI Table 3-3,CAPSS_VI_needs_VII_diff,S = fuel sulfur content in percent.,National Air Pollutant Emissions Estimation Method Handbook VI,2023,https://www.scribd.com/document/742589271/
EF00231,1.0.0,superseded_pending_capss_vii_diff,false,Industry,Manufacturing combustion,Stationary engine,Kerosene,CO,14.18,,,,kg/kL-fuel,fuel consumed,not specified,Korea,CAPSS inventory default,CAPSS default,,,capss_handbook_vi_mirror,CAPSS VI Table 3-3,CAPSS_VI_needs_VII_diff,S = fuel sulfur content in percent.,National Air Pollutant Emissions Estimation Method Handbook VI,2023,https://www.scribd.com/document/742589271/
EF00232,1.0.0,superseded_pending_capss_vii_diff,false,Industry,Manufacturing combustion,Stationary engine,Kerosene,NOx,53.376,,,,kg/kL-fuel,fuel consumed,not specified,Korea,CAPSS inventory default,CAPSS default,,,capss_handbook_vi_mirror,CAPSS VI Table 3-3,CAPSS_VI_needs_VII_diff,S = fuel sulfur content in percent.,National Air Pollutant Emissions Estimation Method Handbook VI,2023,https://www.scribd.com/document/742589271/
EF00233,1.0.0,superseded_pending_capss_vii_diff,false,Industry,Manufacturing combustion,Stationary engine,Kerosene,SOx,,16.9*S,,,kg/kL-fuel,fuel consumed,not specified,Korea,CAPSS inventory default,CAPSS default,,,capss_handbook_vi_mirror,CAPSS VI Table 3-3,CAPSS_VI_needs_VII_diff,S = fuel sulfur content in percent.,National Air Pollutant Emissions Estimation Method Handbook VI,2023,https://www.scribd.com/document/742589271/
EF00234,1.0.0,superseded_pending_capss_vii_diff,false,Industry,Manufacturing combustion,Stationary engine,Kerosene,TSP,1.668,,,,kg/kL-fuel,fuel consumed,not specified,Korea,CAPSS inventory default,CAPSS default,,,capss_handbook_vi_mirror,CAPSS VI Table 3-3,CAPSS_VI_needs_VII_diff,S = fuel sulfur content in percent.,National Air Pollutant Emissions Estimation Method Handbook VI,2023,https://www.scribd.com/document/742589271/
EF00235,1.0.0,superseded_pending_capss_vii_diff,false,Industry,Manufacturing combustion,Stationary engine,Kerosene,PM10,1.529556,,,,kg/kL-fuel,fuel consumed,not specified,Korea,CAPSS inventory default,CAPSS default,,,capss_handbook_vi_mirror,CAPSS VI Table 3-3,CAPSS_VI_needs_VII_diff,S = fuel sulfur content in percent.,National Air Pollutant Emissions Estimation Method Handbook VI,2023,https://www.scribd.com/document/742589271/
EF00236,1.0.0,superseded_pending_capss_vii_diff,false,Industry,Manufacturing combustion,Stationary engine,Kerosene,PM2.5,0.07195,,,,kg/kL-fuel,fuel consumed,not specified,Korea,CAPSS inventory default,CAPSS default,,,capss_handbook_vi_mirror,CAPSS VI Table 3-3,CAPSS_VI_needs_VII_diff,S = fuel sulfur content in percent.,National Air Pollutant Emissions Estimation Method Handbook VI,2023,https://www.scribd.com/document/742589271/
EF00237,1.0.0,superseded_pending_capss_vii_diff,false,Industry,Manufacturing combustion,Stationary engine,Kerosene,VOCs,1.5,,,,kg/kL-fuel,fuel consumed,not specified,Korea,CAPSS inventory default,CAPSS default,,,capss_handbook_vi_mirror,CAPSS VI Table 3-3,CAPSS_VI_needs_VII_diff,S = fuel sulfur content in percent.,National Air Pollutant Emissions Estimation Method Handbook VI,2023,https://www.scribd.com/document/742589271/
EF00238,1.0.0,superseded_pending_capss_vii_diff,false,Industry,Manufacturing combustion,Stationary engine,Kerosene,NH3,0.096,,,,kg/kL-fuel,fuel consumed,not specified,Korea,CAPSS inventory default,CAPSS default,,,capss_handbook_vi_mirror,CAPSS VI Table 3-3,CAPSS_VI_needs_VII_diff,S = fuel sulfur content in percent.,National Air Pollutant Emissions Estimation Method Handbook VI,2023,https://www.scribd.com/document/742589271/
EF00239,1.0.0,superseded_pending_capss_vii_diff,false,Industry,Manufacturing combustion,Stationary engine,LNG,CO,66.27,,,,kg/1000m3-fuel,fuel consumed,not specified,Korea,CAPSS inventory default,CAPSS default,,,capss_handbook_vi_mirror,CAPSS VI Table 3-3,CAPSS_VI_needs_VII_diff,S = fuel sulfur content in percent.,National Air Pollutant Emissions Estimation Method Handbook VI,2023,https://www.scribd.com/document/742589271/
EF00240,1.0.0,superseded_pending_capss_vii_diff,false,Industry,Manufacturing combustion,Stationary engine,LNG,NOx,42.86,,,,kg/1000m3-fuel,fuel consumed,not specified,Korea,CAPSS inventory default,CAPSS default,,,capss_handbook_vi_mirror,CAPSS VI Table 3-3,CAPSS_VI_needs_VII_diff,S = fuel sulfur content in percent.,National Air Pollutant Emissions Estimation Method Handbook VI,2023,https://www.scribd.com/document/742589271/
EF00241,1.0.0,superseded_pending_capss_vii_diff,false,Industry,Manufacturing combustion,Stationary engine,LNG,SOx,0.01,,,,kg/1000m3-fuel,fuel consumed,not specified,Korea,CAPSS inventory default,CAPSS default,,,capss_handbook_vi_mirror,CAPSS VI Table 3-3,CAPSS_VI_needs_VII_diff,S = fuel sulfur content in percent.,National Air Pollutant Emissions Estimation Method Handbook VI,2023,https://www.scribd.com/document/742589271/
EF00242,1.0.0,superseded_pending_capss_vii_diff,false,Industry,Manufacturing combustion,Stationary engine,LNG,TSP,0.18,,,,kg/1000m3-fuel,fuel consumed,not specified,Korea,CAPSS inventory default,CAPSS default,,,capss_handbook_vi_mirror,CAPSS VI Table 3-3,CAPSS_VI_needs_VII_diff,S = fuel sulfur content in percent.,National Air Pollutant Emissions Estimation Method Handbook VI,2023,https://www.scribd.com/document/742589271/
EF00243,1.0.0,superseded_pending_capss_vii_diff,false,Industry,Manufacturing combustion,Stationary engine,LNG,PM10,0.18,,,,kg/1000m3-fuel,fuel consumed,not specified,Korea,CAPSS inventory default,CAPSS default,,,capss_handbook_vi_mirror,CAPSS VI Table 3-3,CAPSS_VI_needs_VII_diff,S = fuel sulfur content in percent.,National Air Pollutant Emissions Estimation Method Handbook VI,2023,https://www.scribd.com/document/742589271/
EF00244,1.0.0,superseded_pending_capss_vii_diff,false,Industry,Manufacturing combustion,Stationary engine,LNG,PM2.5,0.18,,,,kg/1000m3-fuel,fuel consumed,not specified,Korea,CAPSS inventory default,CAPSS default,,,capss_handbook_vi_mirror,CAPSS VI Table 3-3,CAPSS_VI_needs_VII_diff,S = fuel sulfur content in percent.,National Air Pollutant Emissions Estimation Method Handbook VI,2023,https://www.scribd.com/document/742589271/
EF00245,1.0.0,superseded_pending_capss_vii_diff,false,Industry,Manufacturing combustion,Stationary engine,LNG,VOCs,6.76,,,,kg/1000m3-fuel,fuel consumed,not specified,Korea,CAPSS inventory default,CAPSS default,,,capss_handbook_vi_mirror,CAPSS VI Table 3-3,CAPSS_VI_needs_VII_diff,S = fuel sulfur content in percent.,National Air Pollutant Emissions Estimation Method Handbook VI,2023,https://www.scribd.com/document/742589271/
EF00246,1.0.0,superseded_pending_capss_vii_diff,false,Industry,Manufacturing combustion,Stationary engine,LNG,NH3,0.051,,,,kg/1000m3-fuel,fuel consumed,not specified,Korea,CAPSS inventory default,CAPSS default,,,capss_handbook_vi_mirror,CAPSS VI Table 3-3,CAPSS_VI_needs_VII_diff,S = fuel sulfur content in percent.,National Air Pollutant Emissions Estimation Method Handbook VI,2023,https://www.scribd.com/document/742589271/
EF00247,1.0.0,superseded_pending_capss_vii_diff,false,Industry,Iron and steel,Basic oxygen furnace (BOF),,TSP,0.001,,,,kg/ton-crude-steel,physical product output,controlled,Korea,CAPSS inventory default,CAPSS default,,,capss_handbook_vi_mirror,CAPSS VI steel process table,CAPSS_VI_needs_VII_diff,,National Air Pollutant Emissions Estimation Method Handbook VI,2023,https://www.scribd.com/document/742589271/
EF00248,1.0.0,superseded_pending_capss_vii_diff,false,Industry,Iron and steel,Basic oxygen furnace (BOF),,PM10,0.00056,,,,kg/ton-crude-steel,physical product output,controlled,Korea,CAPSS inventory default,CAPSS default,,,capss_handbook_vi_mirror,CAPSS VI steel process table,CAPSS_VI_needs_VII_diff,,National Air Pollutant Emissions Estimation Method Handbook VI,2023,https://www.scribd.com/document/742589271/
EF00249,1.0.0,superseded_pending_capss_vii_diff,false,Industry,Iron and steel,Basic oxygen furnace (BOF),,PM2.5,0.000504,,,,kg/ton-crude-steel,physical product output,controlled,Korea,CAPSS inventory default,CAPSS default,,,capss_handbook_vi_mirror,CAPSS VI steel process table,CAPSS_VI_needs_VII_diff,,National Air Pollutant Emissions Estimation Method Handbook VI,2023,https://www.scribd.com/document/742589271/
EF00250,1.0.0,superseded_pending_capss_vii_diff,false,Industry,Iron and steel,Electric arc furnace (EAF),,NOx,0.2,,,,kg/ton-crude-steel,physical product output,controlled,Korea,CAPSS inventory default,CAPSS default,,,capss_handbook_vi_mirror,CAPSS VI steel process table,CAPSS_VI_needs_VII_diff,,National Air Pollutant Emissions Estimation Method Handbook VI,2023,https://www.scribd.com/document/742589271/
EF00251,1.0.0,superseded_pending_capss_vii_diff,false,Industry,Iron and steel,Electric arc furnace (EAF),,SOx,0.35,,,,kg/ton-crude-steel,physical product output,controlled,Korea,CAPSS inventory default,CAPSS default,,,capss_handbook_vi_mirror,CAPSS VI steel process table,CAPSS_VI_needs_VII_diff,,National Air Pollutant Emissions Estimation Method Handbook VI,2023,https://www.scribd.com/document/742589271/
EF00252,1.0.0,superseded_pending_capss_vii_diff,false,Industry,Iron and steel,Electric arc furnace (EAF),,TSP,0.03,,,,kg/ton-crude-steel,physical product output,controlled,Korea,CAPSS inventory default,CAPSS default,,,capss_handbook_vi_mirror,CAPSS VI steel process table,CAPSS_VI_needs_VII_diff,,National Air Pollutant Emissions Estimation Method Handbook VI,2023,https://www.scribd.com/document/742589271/
EF00253,1.0.0,superseded_pending_capss_vii_diff,false,Industry,Iron and steel,Electric arc furnace (EAF),,PM10,0.02187,,,,kg/ton-crude-steel,physical product output,controlled,Korea,CAPSS inventory default,CAPSS default,,,capss_handbook_vi_mirror,CAPSS VI steel process table,CAPSS_VI_needs_VII_diff,,National Air Pollutant Emissions Estimation Method Handbook VI,2023,https://www.scribd.com/document/742589271/
EF00254,1.0.0,superseded_pending_capss_vii_diff,false,Industry,Iron and steel,Electric arc furnace (EAF),,PM2.5,0.01595,,,,kg/ton-crude-steel,physical product output,controlled,Korea,CAPSS inventory default,CAPSS default,,,capss_handbook_vi_mirror,CAPSS VI steel process table,CAPSS_VI_needs_VII_diff,,National Air Pollutant Emissions Estimation Method Handbook VI,2023,https://www.scribd.com/document/742589271/
EF00255,1.0.0,superseded_pending_capss_vii_diff,false,Industry,Iron and steel,Electric arc furnace (EAF),,VOCs,0.09,,,,kg/ton-crude-steel,physical product output,controlled,Korea,CAPSS inventory default,CAPSS default,,,capss_handbook_vi_mirror,CAPSS VI steel process table,CAPSS_VI_needs_VII_diff,,National Air Pollutant Emissions Estimation Method Handbook VI,2023,https://www.scribd.com/document/742589271/
EF00256,1.0.0,superseded_pending_capss_vii_diff,false,Industry,Iron and steel,Sinter plant excluding combustion,,NOx,0.397,,,,kg/ton-sinter,physical product output,controlled,Korea,CAPSS inventory default,CAPSS default,,,capss_handbook_vi_mirror,CAPSS VI steel process table,CAPSS_VI_needs_VII_diff,,National Air Pollutant Emissions Estimation Method Handbook VI,2023,https://www.scribd.com/document/742589271/
EF00257,1.0.0,superseded_pending_capss_vii_diff,false,Industry,Iron and steel,Sinter plant excluding combustion,,SOx,0.663,,,,kg/ton-sinter,physical product output,controlled,Korea,CAPSS inventory default,CAPSS default,,,capss_handbook_vi_mirror,CAPSS VI steel process table,CAPSS_VI_needs_VII_diff,,National Air Pollutant Emissions Estimation Method Handbook VI,2023,https://www.scribd.com/document/742589271/
EF00258,1.0.0,superseded_pending_capss_vii_diff,false,Industry,Iron and steel,Sinter plant excluding combustion,,TSP,0.037,,,,kg/ton-sinter,physical product output,controlled,Korea,CAPSS inventory default,CAPSS default,,,capss_handbook_vi_mirror,CAPSS VI steel process table,CAPSS_VI_needs_VII_diff,,National Air Pollutant Emissions Estimation Method Handbook VI,2023,https://www.scribd.com/document/742589271/
EF00259,1.0.0,superseded_pending_capss_vii_diff,false,Industry,Iron and steel,Sinter plant excluding combustion,,PM10,0.0258,,,,kg/ton-sinter,physical product output,controlled,Korea,CAPSS inventory default,CAPSS default,,,capss_handbook_vi_mirror,CAPSS VI steel process table,CAPSS_VI_needs_VII_diff,,National Air Pollutant Emissions Estimation Method Handbook VI,2023,https://www.scribd.com/document/742589271/
EF00260,1.0.0,superseded_pending_capss_vii_diff,false,Industry,Iron and steel,Sinter plant excluding combustion,,PM2.5,0.02322,,,,kg/ton-sinter,physical product output,controlled,Korea,CAPSS inventory default,CAPSS default,,,capss_handbook_vi_mirror,CAPSS VI steel process table,CAPSS_VI_needs_VII_diff,,National Air Pollutant Emissions Estimation Method Handbook VI,2023,https://www.scribd.com/document/742589271/
EF00261,1.0.0,superseded_pending_capss_vii_diff,false,Industry,Cement and minerals,Cement decarbonization/process dust,Clinker,TSP,0.048,,,,kg/ton-clinker,physical product output,controlled; electrostatic precipitator assumed,Korea,CAPSS inventory default,CAPSS default,,,capss_handbook_vi_mirror,CAPSS VI Table 4-32,CAPSS_VI_needs_VII_diff,,National Air Pollutant Emissions Estimation Method Handbook VI,2023,https://www.scribd.com/document/742589271/
EF00262,1.0.0,superseded_pending_capss_vii_diff,false,Industry,Cement and minerals,Glass decarbonization/process,Glass,CO,0.1,,,,kg/ton-product,physical product output,handbook basis,Korea,CAPSS inventory default,CAPSS default,,,capss_handbook_vi_mirror,CAPSS VI Table 4-32,CAPSS_VI_needs_VII_diff,,National Air Pollutant Emissions Estimation Method Handbook VI,2023,https://www.scribd.com/document/742589271/
EF00263,1.0.0,superseded_pending_capss_vii_diff,false,Industry,Cement and minerals,Glass decarbonization/process,Glass,NOx,4.3,,,,kg/ton-product,physical product output,handbook basis,Korea,CAPSS inventory default,CAPSS default,,,capss_handbook_vi_mirror,CAPSS VI Table 4-32,CAPSS_VI_needs_VII_diff,,National Air Pollutant Emissions Estimation Method Handbook VI,2023,https://www.scribd.com/document/742589271/
EF00264,1.0.0,superseded_pending_capss_vii_diff,false,Industry,Cement and minerals,Glass decarbonization/process,Glass,SOx,2.8,,,,kg/ton-product,physical product output,handbook basis,Korea,CAPSS inventory default,CAPSS default,,,capss_handbook_vi_mirror,CAPSS VI Table 4-32,CAPSS_VI_needs_VII_diff,,National Air Pollutant Emissions Estimation Method Handbook VI,2023,https://www.scribd.com/document/742589271/
EF00265,1.0.0,superseded_pending_capss_vii_diff,false,Industry,Cement and minerals,Glass decarbonization/process,Glass,TSP,0.1,,,,kg/ton-product,physical product output,handbook basis,Korea,CAPSS inventory default,CAPSS default,,,capss_handbook_vi_mirror,CAPSS VI Table 4-32,CAPSS_VI_needs_VII_diff,,National Air Pollutant Emissions Estimation Method Handbook VI,2023,https://www.scribd.com/document/742589271/
EF00266,1.0.0,superseded_pending_capss_vii_diff,false,Industry,Cement and minerals,Glass decarbonization/process,Glass,PM10,0.0835,,,,kg/ton-product,physical product output,handbook basis,Korea,CAPSS inventory default,CAPSS default,,,capss_handbook_vi_mirror,CAPSS VI Table 4-32,CAPSS_VI_needs_VII_diff,,National Air Pollutant Emissions Estimation Method Handbook VI,2023,https://www.scribd.com/document/742589271/
EF00267,1.0.0,superseded_pending_capss_vii_diff,false,Industry,Cement and minerals,Glass decarbonization/process,Glass,PM2.5,0.07515,,,,kg/ton-product,physical product output,handbook basis,Korea,CAPSS inventory default,CAPSS default,,,capss_handbook_vi_mirror,CAPSS VI Table 4-32,CAPSS_VI_needs_VII_diff,,National Air Pollutant Emissions Estimation Method Handbook VI,2023,https://www.scribd.com/document/742589271/
EF00268,1.0.0,superseded_pending_capss_vii_diff,false,Industry,Cement and minerals,Glass decarbonization/process,Glass,VOCs,0.2,,,,kg/ton-product,physical product output,handbook basis,Korea,CAPSS inventory default,CAPSS default,,,capss_handbook_vi_mirror,CAPSS VI Table 4-32,CAPSS_VI_needs_VII_diff,,National Air Pollutant Emissions Estimation Method Handbook VI,2023,https://www.scribd.com/document/742589271/
EF00269,1.0.0,superseded_pending_capss_vii_diff,false,Industry,Cement and minerals,Lime decarbonization/process,Lime,SOx,0.83,,,,kg/ton-product,physical product output,handbook basis,Korea,CAPSS inventory default,CAPSS default,,,capss_handbook_vi_mirror,CAPSS VI Table 4-32,CAPSS_VI_needs_VII_diff,,National Air Pollutant Emissions Estimation Method Handbook VI,2023,https://www.scribd.com/document/742589271/
EF00270,1.0.0,superseded_pending_capss_vii_diff,false,Industry,Cement and minerals,Lime decarbonization/process,Lime,TSP,0.14,,,,kg/ton-product,physical product output,handbook basis,Korea,CAPSS inventory default,CAPSS default,,,capss_handbook_vi_mirror,CAPSS VI Table 4-32,CAPSS_VI_needs_VII_diff,,National Air Pollutant Emissions Estimation Method Handbook VI,2023,https://www.scribd.com/document/742589271/
EF00271,1.0.0,superseded_pending_capss_vii_diff,false,Industry,Cement and minerals,Lime decarbonization/process,Lime,PM10,0.08834,,,,kg/ton-product,physical product output,handbook basis,Korea,CAPSS inventory default,CAPSS default,,,capss_handbook_vi_mirror,CAPSS VI Table 4-32,CAPSS_VI_needs_VII_diff,,National Air Pollutant Emissions Estimation Method Handbook VI,2023,https://www.scribd.com/document/742589271/
EF00272,1.0.0,superseded_pending_capss_vii_diff,false,Industry,Cement and minerals,Lime decarbonization/process,Lime,PM2.5,0.0795,,,,kg/ton-product,physical product output,handbook basis,Korea,CAPSS inventory default,CAPSS default,,,capss_handbook_vi_mirror,CAPSS VI Table 4-32,CAPSS_VI_needs_VII_diff,,National Air Pollutant Emissions Estimation Method Handbook VI,2023,https://www.scribd.com/document/742589271/
EF00273,1.0.0,superseded_pending_capss_vii_diff,false,Industry,Other manufacturing,Asphalt roofing manufacture,Product,TSP,0.6,,,,kg/ton-product,physical product output,handbook basis,Korea,CAPSS inventory default,CAPSS default,,,capss_handbook_vi_mirror,CAPSS VI Table 4-32,CAPSS_VI_needs_VII_diff,,National Air Pollutant Emissions Estimation Method Handbook VI,2023,https://www.scribd.com/document/742589271/
EF00274,1.0.0,superseded_pending_capss_vii_diff,false,Industry,Other manufacturing,Asphalt roofing manufacture,Product,PM10,0.3828,,,,kg/ton-product,physical product output,handbook basis,Korea,CAPSS inventory default,CAPSS default,,,capss_handbook_vi_mirror,CAPSS VI Table 4-32,CAPSS_VI_needs_VII_diff,,National Air Pollutant Emissions Estimation Method Handbook VI,2023,https://www.scribd.com/document/742589271/
EF00275,1.0.0,superseded_pending_capss_vii_diff,false,Industry,Other manufacturing,Asphalt roofing manufacture,Product,PM2.5,0.34452,,,,kg/ton-product,physical product output,handbook basis,Korea,CAPSS inventory default,CAPSS default,,,capss_handbook_vi_mirror,CAPSS VI Table 4-32,CAPSS_VI_needs_VII_diff,,National Air Pollutant Emissions Estimation Method Handbook VI,2023,https://www.scribd.com/document/742589271/
EF00276,1.0.0,superseded_pending_capss_vii_diff,false,Industry,Other manufacturing,Asphalt roofing manufacture,Product,VOCs,0.046,,,,kg/ton-product,physical product output,handbook basis,Korea,CAPSS inventory default,CAPSS default,,,capss_handbook_vi_mirror,CAPSS VI Table 4-32,CAPSS_VI_needs_VII_diff,,National Air Pollutant Emissions Estimation Method Handbook VI,2023,https://www.scribd.com/document/742589271/
EF00277,1.0.0,superseded_pending_capss_vii_diff,false,Industry,Wood and pulp,Plywood production,Plywood,TSP,0.05,,,,kg/m2-product,physical product output,controlled,Korea,CAPSS inventory default,CAPSS default,,,capss_handbook_vi_mirror,CAPSS VI Table 4-24,CAPSS_VI_needs_VII_diff,,National Air Pollutant Emissions Estimation Method Handbook VI,2023,https://www.scribd.com/document/742589271/
EF00278,1.0.0,superseded_pending_capss_vii_diff,false,Industry,Wood and pulp,Plywood production,Plywood,PM10,0.0302,,,,kg/m2-product,physical product output,controlled,Korea,CAPSS inventory default,CAPSS default,,,capss_handbook_vi_mirror,CAPSS VI Table 4-24,CAPSS_VI_needs_VII_diff,,National Air Pollutant Emissions Estimation Method Handbook VI,2023,https://www.scribd.com/document/742589271/
EF00279,1.0.0,superseded_pending_capss_vii_diff,false,Industry,Wood and pulp,Plywood production,Plywood,PM2.5,0.0182,,,,kg/m2-product,physical product output,controlled,Korea,CAPSS inventory default,CAPSS default,,,capss_handbook_vi_mirror,CAPSS VI Table 4-24,CAPSS_VI_needs_VII_diff,,National Air Pollutant Emissions Estimation Method Handbook VI,2023,https://www.scribd.com/document/742589271/
EF00280,1.0.0,superseded_pending_capss_vii_diff,false,Industry,Wood and pulp,Plywood production,Plywood,VOCs,0.0018,,,,kg/m2-product,physical product output,controlled,Korea,CAPSS inventory default,CAPSS default,,,capss_handbook_vi_mirror,CAPSS VI Table 4-24,CAPSS_VI_needs_VII_diff,,National Air Pollutant Emissions Estimation Method Handbook VI,2023,https://www.scribd.com/document/742589271/
EF00281,1.0.0,superseded_pending_capss_vii_diff,false,Industry,Pulp and paper,Recovery boiler/process,Bleached pulp,CO,5.5,,,,kg/ton-product,physical product output,controlled,Korea,CAPSS inventory default,CAPSS default,,,capss_handbook_vi_mirror,CAPSS VI Table 4-24,CAPSS_VI_needs_VII_diff,,National Air Pollutant Emissions Estimation Method Handbook VI,2023,https://www.scribd.com/document/742589271/
EF00282,1.0.0,superseded_pending_capss_vii_diff,false,Industry,Pulp and paper,Recovery boiler/process,Bleached pulp,SOx,0.273,,,,kg/ton-product,physical product output,controlled,Korea,CAPSS inventory default,CAPSS default,,,capss_handbook_vi_mirror,CAPSS VI Table 4-24,CAPSS_VI_needs_VII_diff,,National Air Pollutant Emissions Estimation Method Handbook VI,2023,https://www.scribd.com/document/742589271/
EF00283,1.0.0,superseded_pending_capss_vii_diff,false,Industry,Pulp and paper,Recovery boiler/process,Bleached pulp,TSP,0.056,,,,kg/ton-product,physical product output,controlled,Korea,CAPSS inventory default,CAPSS default,,,capss_handbook_vi_mirror,CAPSS VI Table 4-24,CAPSS_VI_needs_VII_diff,,National Air Pollutant Emissions Estimation Method Handbook VI,2023,https://www.scribd.com/document/742589271/
EF00284,1.0.0,superseded_pending_capss_vii_diff,false,Industry,Pulp and paper,Recovery boiler/process,Bleached pulp,PM10,0.0339,,,,kg/ton-product,physical product output,controlled,Korea,CAPSS inventory default,CAPSS default,,,capss_handbook_vi_mirror,CAPSS VI Table 4-24,CAPSS_VI_needs_VII_diff,,National Air Pollutant Emissions Estimation Method Handbook VI,2023,https://www.scribd.com/document/742589271/
EF00285,1.0.0,superseded_pending_capss_vii_diff,false,Industry,Pulp and paper,Recovery boiler/process,Bleached pulp,PM2.5,0.0303,,,,kg/ton-product,physical product output,controlled,Korea,CAPSS inventory default,CAPSS default,,,capss_handbook_vi_mirror,CAPSS VI Table 4-24,CAPSS_VI_needs_VII_diff,,National Air Pollutant Emissions Estimation Method Handbook VI,2023,https://www.scribd.com/document/742589271/
EF00286,1.0.0,superseded_pending_capss_vii_diff,false,Industry,Pulp and paper,Smelt dissolving tank,Bleached pulp,SOx,0.00139,,,,kg/ton-product,physical product output,controlled,Korea,CAPSS inventory default,CAPSS default,,,capss_handbook_vi_mirror,CAPSS VI Table 4-24,CAPSS_VI_needs_VII_diff,,National Air Pollutant Emissions Estimation Method Handbook VI,2023,https://www.scribd.com/document/742589271/
EF00287,1.0.0,superseded_pending_capss_vii_diff,false,Industry,Pulp and paper,Smelt dissolving tank,Bleached pulp,TSP,0.007,,,,kg/ton-product,physical product output,controlled,Korea,CAPSS inventory default,CAPSS default,,,capss_handbook_vi_mirror,CAPSS VI Table 4-24,CAPSS_VI_needs_VII_diff,,National Air Pollutant Emissions Estimation Method Handbook VI,2023,https://www.scribd.com/document/742589271/
EF00288,1.0.0,superseded_pending_capss_vii_diff,false,Industry,Pulp and paper,Smelt dissolving tank,Bleached pulp,PM10,0.0042,,,,kg/ton-product,physical product output,controlled,Korea,CAPSS inventory default,CAPSS default,,,capss_handbook_vi_mirror,CAPSS VI Table 4-24,CAPSS_VI_needs_VII_diff,,National Air Pollutant Emissions Estimation Method Handbook VI,2023,https://www.scribd.com/document/742589271/
EF00289,1.0.0,superseded_pending_capss_vii_diff,false,Industry,Pulp and paper,Smelt dissolving tank,Bleached pulp,PM2.5,0.0032,,,,kg/ton-product,physical product output,controlled,Korea,CAPSS inventory default,CAPSS default,,,capss_handbook_vi_mirror,CAPSS VI Table 4-24,CAPSS_VI_needs_VII_diff,,National Air Pollutant Emissions Estimation Method Handbook VI,2023,https://www.scribd.com/document/742589271/
EF00290,1.0.0,superseded_pending_capss_vii_diff,false,Industry,Pulp and paper,Lime kiln/process,Bleached pulp,CO,0.05,,,,kg/ton-product,physical product output,controlled,Korea,CAPSS inventory default,CAPSS default,,,capss_handbook_vi_mirror,CAPSS VI Table 4-24,CAPSS_VI_needs_VII_diff,,National Air Pollutant Emissions Estimation Method Handbook VI,2023,https://www.scribd.com/document/742589271/
EF00291,1.0.0,superseded_pending_capss_vii_diff,false,Industry,Pulp and paper,Lime kiln/process,Bleached pulp,TSP,0.008,,,,kg/ton-product,physical product output,controlled,Korea,CAPSS inventory default,CAPSS default,,,capss_handbook_vi_mirror,CAPSS VI Table 4-24,CAPSS_VI_needs_VII_diff,,National Air Pollutant Emissions Estimation Method Handbook VI,2023,https://www.scribd.com/document/742589271/
EF00292,1.0.0,superseded_pending_capss_vii_diff,false,Industry,Pulp and paper,Lime kiln/process,Bleached pulp,PM10,0.0051,,,,kg/ton-product,physical product output,controlled,Korea,CAPSS inventory default,CAPSS default,,,capss_handbook_vi_mirror,CAPSS VI Table 4-24,CAPSS_VI_needs_VII_diff,,National Air Pollutant Emissions Estimation Method Handbook VI,2023,https://www.scribd.com/document/742589271/
EF00293,1.0.0,superseded_pending_capss_vii_diff,false,Industry,Pulp and paper,Lime kiln/process,Bleached pulp,PM2.5,0.0035,,,,kg/ton-product,physical product output,controlled,Korea,CAPSS inventory default,CAPSS default,,,capss_handbook_vi_mirror,CAPSS VI Table 4-24,CAPSS_VI_needs_VII_diff,,National Air Pollutant Emissions Estimation Method Handbook VI,2023,https://www.scribd.com/document/742589271/
EF00294,1.0.0,superseded_pending_capss_vii_diff,false,Industry,Organic chemicals and plastics,Ethylene production,,VOCs,0.413,,,,kg/ton-product,product output,controlled,Korea,inventory default,CAPSS; largely CORINAIR/TNO/UNECE defaults,,,capss_handbook_vi_mirror,CAPSS VI Table 4-22,CAPSS_VI_needs_VII_diff,,National Air Pollutant Emissions Estimation Method Handbook VI,2023,https://www.scribd.com/document/742589271/
EF00295,1.0.0,superseded_pending_capss_vii_diff,false,Industry,Organic chemicals and plastics,Propylene production,,VOCs,0.413,,,,kg/ton-product,product output,controlled,Korea,inventory default,CAPSS; largely CORINAIR/TNO/UNECE defaults,,,capss_handbook_vi_mirror,CAPSS VI Table 4-22,CAPSS_VI_needs_VII_diff,,National Air Pollutant Emissions Estimation Method Handbook VI,2023,https://www.scribd.com/document/742589271/
EF00296,1.0.0,superseded_pending_capss_vii_diff,false,Industry,Organic chemicals and plastics,"1,2-dichloroethane + vinyl chloride",,VOCs,0.76,,,,kg/ton-product,product output,controlled,Korea,inventory default,CAPSS; largely CORINAIR/TNO/UNECE defaults,,,capss_handbook_vi_mirror,CAPSS VI Table 4-22,CAPSS_VI_needs_VII_diff,,National Air Pollutant Emissions Estimation Method Handbook VI,2023,https://www.scribd.com/document/742589271/
EF00297,1.0.0,superseded_pending_capss_vii_diff,false,Industry,Organic chemicals and plastics,Low-density polyethylene (LDPE),,VOCs,3.0,,,,kg/ton-product,product output,controlled,Korea,inventory default,CAPSS; largely CORINAIR/TNO/UNECE defaults,,,capss_handbook_vi_mirror,CAPSS VI Table 4-22,CAPSS_VI_needs_VII_diff,,National Air Pollutant Emissions Estimation Method Handbook VI,2023,https://www.scribd.com/document/742589271/
EF00298,1.0.0,superseded_pending_capss_vii_diff,false,Industry,Organic chemicals and plastics,High-density polyethylene (HDPE),,VOCs,6.4,,,,kg/ton-product,product output,controlled,Korea,inventory default,CAPSS; largely CORINAIR/TNO/UNECE defaults,,,capss_handbook_vi_mirror,CAPSS VI Table 4-22,CAPSS_VI_needs_VII_diff,,National Air Pollutant Emissions Estimation Method Handbook VI,2023,https://www.scribd.com/document/742589271/
EF00299,1.0.0,superseded_pending_capss_vii_diff,false,Industry,Organic chemicals and plastics,Polyvinyl chloride (PVC),,VOCs,0.14,,,,kg/ton-product,product output,controlled,Korea,inventory default,CAPSS; largely CORINAIR/TNO/UNECE defaults,,,capss_handbook_vi_mirror,CAPSS VI Table 4-22,CAPSS_VI_needs_VII_diff,,National Air Pollutant Emissions Estimation Method Handbook VI,2023,https://www.scribd.com/document/742589271/
EF00300,1.0.0,superseded_pending_capss_vii_diff,false,Industry,Organic chemicals and plastics,Polypropylene,,VOCs,0.86,,,,kg/ton-product,product output,controlled,Korea,inventory default,CAPSS; largely CORINAIR/TNO/UNECE defaults,,,capss_handbook_vi_mirror,CAPSS VI Table 4-22,CAPSS_VI_needs_VII_diff,,National Air Pollutant Emissions Estimation Method Handbook VI,2023,https://www.scribd.com/document/742589271/
EF00301,1.0.0,superseded_pending_capss_vii_diff,false,Industry,Organic chemicals and plastics,Styrene,,VOCs,0.25,,,,kg/ton-product,product output,controlled,Korea,inventory default,CAPSS; largely CORINAIR/TNO/UNECE defaults,,,capss_handbook_vi_mirror,CAPSS VI Table 4-22,CAPSS_VI_needs_VII_diff,,National Air Pollutant Emissions Estimation Method Handbook VI,2023,https://www.scribd.com/document/742589271/
EF00302,1.0.0,superseded_pending_capss_vii_diff,false,Industry,Organic chemicals and plastics,Polystyrene,,VOCs,2.6,,,,kg/ton-product,product output,controlled,Korea,inventory default,CAPSS; largely CORINAIR/TNO/UNECE defaults,,,capss_handbook_vi_mirror,CAPSS VI Table 4-22,CAPSS_VI_needs_VII_diff,,National Air Pollutant Emissions Estimation Method Handbook VI,2023,https://www.scribd.com/document/742589271/
EF00303,1.0.0,superseded_pending_capss_vii_diff,false,Industry,Organic chemicals and plastics,Styrene-butadiene rubber,,VOCs,7.5,,,,kg/ton-product,product output,controlled,Korea,inventory default,CAPSS; largely CORINAIR/TNO/UNECE defaults,,,capss_handbook_vi_mirror,CAPSS VI Table 4-22,CAPSS_VI_needs_VII_diff,,National Air Pollutant Emissions Estimation Method Handbook VI,2023,https://www.scribd.com/document/742589271/
EF00304,1.0.0,superseded_pending_capss_vii_diff,false,Industry,Organic chemicals and plastics,Styrene-butadiene latex,,VOCs,10.0,,,,kg/ton-product,product output,controlled,Korea,inventory default,CAPSS; largely CORINAIR/TNO/UNECE defaults,,,capss_handbook_vi_mirror,CAPSS VI Table 4-22,CAPSS_VI_needs_VII_diff,,National Air Pollutant Emissions Estimation Method Handbook VI,2023,https://www.scribd.com/document/742589271/
EF00305,1.0.0,superseded_pending_capss_vii_diff,false,Industry,Inorganic chemicals and fertilizers,Sulfuric acid production,,SOx,0.374,,,,kg/ton-product,product output,handbook basis,Korea,CAPSS inventory default,"CAPSS; sulfuric-acid SOx uses a Korean study, other rows mainly AP-42/Speciate",,,capss_handbook_vi_mirror,CAPSS VI Table 4-15,CAPSS_VI_needs_VII_diff,,National Air Pollutant Emissions Estimation Method Handbook VI,2023,https://www.scribd.com/document/742589271/
EF00306,1.0.0,superseded_pending_capss_vii_diff,false,Industry,Inorganic chemicals and fertilizers,Nitric acid production,,NOx,15.2,,,,kg/ton-product,product output,handbook basis,Korea,CAPSS inventory default,"CAPSS; sulfuric-acid SOx uses a Korean study, other rows mainly AP-42/Speciate",,,capss_handbook_vi_mirror,CAPSS VI Table 4-15,CAPSS_VI_needs_VII_diff,,National Air Pollutant Emissions Estimation Method Handbook VI,2023,https://www.scribd.com/document/742589271/
EF00307,1.0.0,superseded_pending_capss_vii_diff,false,Industry,Inorganic chemicals and fertilizers,Ammonia production,,CO,7.9,,,,kg/ton-product,product output,handbook basis,Korea,CAPSS inventory default,"CAPSS; sulfuric-acid SOx uses a Korean study, other rows mainly AP-42/Speciate",,,capss_handbook_vi_mirror,CAPSS VI Table 4-15,CAPSS_VI_needs_VII_diff,,National Air Pollutant Emissions Estimation Method Handbook VI,2023,https://www.scribd.com/document/742589271/
EF00308,1.0.0,superseded_pending_capss_vii_diff,false,Industry,Inorganic chemicals and fertilizers,Ammonia production,,SOx,0.0288,,,,kg/ton-product,product output,handbook basis,Korea,CAPSS inventory default,"CAPSS; sulfuric-acid SOx uses a Korean study, other rows mainly AP-42/Speciate",,,capss_handbook_vi_mirror,CAPSS VI Table 4-15,CAPSS_VI_needs_VII_diff,,National Air Pollutant Emissions Estimation Method Handbook VI,2023,https://www.scribd.com/document/742589271/
EF00309,1.0.0,superseded_pending_capss_vii_diff,false,Industry,Inorganic chemicals and fertilizers,Ammonia production,,VOCs,4.72,,,,kg/ton-product,product output,handbook basis,Korea,CAPSS inventory default,"CAPSS; sulfuric-acid SOx uses a Korean study, other rows mainly AP-42/Speciate",,,capss_handbook_vi_mirror,CAPSS VI Table 4-15,CAPSS_VI_needs_VII_diff,,National Air Pollutant Emissions Estimation Method Handbook VI,2023,https://www.scribd.com/document/742589271/
EF00310,1.0.0,superseded_pending_capss_vii_diff,false,Industry,Inorganic chemicals and fertilizers,Ammonia production,,NH3,2.1,,,,kg/ton-product,product output,handbook basis,Korea,CAPSS inventory default,"CAPSS; sulfuric-acid SOx uses a Korean study, other rows mainly AP-42/Speciate",,,capss_handbook_vi_mirror,CAPSS VI Table 4-15,CAPSS_VI_needs_VII_diff,,National Air Pollutant Emissions Estimation Method Handbook VI,2023,https://www.scribd.com/document/742589271/
EF00311,1.0.0,superseded_pending_capss_vii_diff,false,Industry,Inorganic chemicals and fertilizers,Ammonium sulfate production,,TSP,0.02,,,,kg/ton-product,product output,handbook basis,Korea,CAPSS inventory default,"CAPSS; sulfuric-acid SOx uses a Korean study, other rows mainly AP-42/Speciate",,,capss_handbook_vi_mirror,CAPSS VI Table 4-15,CAPSS_VI_needs_VII_diff,,National Air Pollutant Emissions Estimation Method Handbook VI,2023,https://www.scribd.com/document/742589271/
EF00312,1.0.0,superseded_pending_capss_vii_diff,false,Industry,Inorganic chemicals and fertilizers,Ammonium sulfate production,,PM10,0.0198,,,,kg/ton-product,product output,handbook basis,Korea,CAPSS inventory default,"CAPSS; sulfuric-acid SOx uses a Korean study, other rows mainly AP-42/Speciate",,,capss_handbook_vi_mirror,CAPSS VI Table 4-15,CAPSS_VI_needs_VII_diff,,National Air Pollutant Emissions Estimation Method Handbook VI,2023,https://www.scribd.com/document/742589271/
EF00313,1.0.0,superseded_pending_capss_vii_diff,false,Industry,Inorganic chemicals and fertilizers,Ammonium sulfate production,,PM2.5,0.01439,,,,kg/ton-product,product output,handbook basis,Korea,CAPSS inventory default,"CAPSS; sulfuric-acid SOx uses a Korean study, other rows mainly AP-42/Speciate",,,capss_handbook_vi_mirror,CAPSS VI Table 4-15,CAPSS_VI_needs_VII_diff,,National Air Pollutant Emissions Estimation Method Handbook VI,2023,https://www.scribd.com/document/742589271/
EF00314,1.0.0,superseded_pending_capss_vii_diff,false,Industry,Inorganic chemicals and fertilizers,Ammonium sulfate production,,VOCs,0.11,,,,kg/ton-product,product output,handbook basis,Korea,CAPSS inventory default,"CAPSS; sulfuric-acid SOx uses a Korean study, other rows mainly AP-42/Speciate",,,capss_handbook_vi_mirror,CAPSS VI Table 4-15,CAPSS_VI_needs_VII_diff,,National Air Pollutant Emissions Estimation Method Handbook VI,2023,https://www.scribd.com/document/742589271/
EF00315,1.0.0,superseded_pending_capss_vii_diff,false,Industry,Inorganic chemicals and fertilizers,Ammonium nitrate production,,TSP,2.151,,,,kg/ton-product,product output,handbook basis,Korea,CAPSS inventory default,"CAPSS; sulfuric-acid SOx uses a Korean study, other rows mainly AP-42/Speciate",,,capss_handbook_vi_mirror,CAPSS VI Table 4-15,CAPSS_VI_needs_VII_diff,,National Air Pollutant Emissions Estimation Method Handbook VI,2023,https://www.scribd.com/document/742589271/
EF00316,1.0.0,superseded_pending_capss_vii_diff,false,Industry,Inorganic chemicals and fertilizers,Ammonium nitrate production,,PM10,1.09701,,,,kg/ton-product,product output,handbook basis,Korea,CAPSS inventory default,"CAPSS; sulfuric-acid SOx uses a Korean study, other rows mainly AP-42/Speciate",,,capss_handbook_vi_mirror,CAPSS VI Table 4-15,CAPSS_VI_needs_VII_diff,,National Air Pollutant Emissions Estimation Method Handbook VI,2023,https://www.scribd.com/document/742589271/
EF00317,1.0.0,superseded_pending_capss_vii_diff,false,Industry,Inorganic chemicals and fertilizers,Ammonium nitrate production,,PM2.5,0.85018,,,,kg/ton-product,product output,handbook basis,Korea,CAPSS inventory default,"CAPSS; sulfuric-acid SOx uses a Korean study, other rows mainly AP-42/Speciate",,,capss_handbook_vi_mirror,CAPSS VI Table 4-15,CAPSS_VI_needs_VII_diff,,National Air Pollutant Emissions Estimation Method Handbook VI,2023,https://www.scribd.com/document/742589271/
EF00318,1.0.0,superseded_pending_capss_vii_diff,false,Industry,Inorganic chemicals and fertilizers,Ammonium nitrate production,,NH3,36.57,,,,kg/ton-product,product output,handbook basis,Korea,CAPSS inventory default,"CAPSS; sulfuric-acid SOx uses a Korean study, other rows mainly AP-42/Speciate",,,capss_handbook_vi_mirror,CAPSS VI Table 4-15,CAPSS_VI_needs_VII_diff,,National Air Pollutant Emissions Estimation Method Handbook VI,2023,https://www.scribd.com/document/742589271/
EF00319,1.0.0,superseded_pending_capss_vii_diff,false,Industry,Inorganic chemicals and fertilizers,Ammonium phosphate production,,SOx,0.04,,,,kg/ton-product,product output,handbook basis,Korea,CAPSS inventory default,"CAPSS; sulfuric-acid SOx uses a Korean study, other rows mainly AP-42/Speciate",,,capss_handbook_vi_mirror,CAPSS VI Table 4-15,CAPSS_VI_needs_VII_diff,,National Air Pollutant Emissions Estimation Method Handbook VI,2023,https://www.scribd.com/document/742589271/
EF00320,1.0.0,superseded_pending_capss_vii_diff,false,Industry,Inorganic chemicals and fertilizers,Ammonium phosphate production,,TSP,1.54,,,,kg/ton-product,product output,handbook basis,Korea,CAPSS inventory default,"CAPSS; sulfuric-acid SOx uses a Korean study, other rows mainly AP-42/Speciate",,,capss_handbook_vi_mirror,CAPSS VI Table 4-15,CAPSS_VI_needs_VII_diff,,National Air Pollutant Emissions Estimation Method Handbook VI,2023,https://www.scribd.com/document/742589271/
EF00321,1.0.0,superseded_pending_capss_vii_diff,false,Industry,Inorganic chemicals and fertilizers,Ammonium phosphate production,,PM10,0.7854,,,,kg/ton-product,product output,handbook basis,Korea,CAPSS inventory default,"CAPSS; sulfuric-acid SOx uses a Korean study, other rows mainly AP-42/Speciate",,,capss_handbook_vi_mirror,CAPSS VI Table 4-15,CAPSS_VI_needs_VII_diff,,National Air Pollutant Emissions Estimation Method Handbook VI,2023,https://www.scribd.com/document/742589271/
EF00322,1.0.0,superseded_pending_capss_vii_diff,false,Industry,Inorganic chemicals and fertilizers,Ammonium phosphate production,,PM2.5,0.75786,,,,kg/ton-product,product output,handbook basis,Korea,CAPSS inventory default,"CAPSS; sulfuric-acid SOx uses a Korean study, other rows mainly AP-42/Speciate",,,capss_handbook_vi_mirror,CAPSS VI Table 4-15,CAPSS_VI_needs_VII_diff,,National Air Pollutant Emissions Estimation Method Handbook VI,2023,https://www.scribd.com/document/742589271/
EF00323,1.0.0,superseded_pending_capss_vii_diff,false,Industry,Inorganic chemicals and fertilizers,Ammonium phosphate production,,NH3,0.07,,,,kg/ton-product,product output,handbook basis,Korea,CAPSS inventory default,"CAPSS; sulfuric-acid SOx uses a Korean study, other rows mainly AP-42/Speciate",,,capss_handbook_vi_mirror,CAPSS VI Table 4-15,CAPSS_VI_needs_VII_diff,,National Air Pollutant Emissions Estimation Method Handbook VI,2023,https://www.scribd.com/document/742589271/
EF00324,1.0.0,superseded_pending_capss_vii_diff,false,Industry,Inorganic chemicals and fertilizers,Urea production,,TSP,0.28,,,,kg/ton-product,product output,handbook basis,Korea,CAPSS inventory default,"CAPSS; sulfuric-acid SOx uses a Korean study, other rows mainly AP-42/Speciate",,,capss_handbook_vi_mirror,CAPSS VI Table 4-15,CAPSS_VI_needs_VII_diff,,National Air Pollutant Emissions Estimation Method Handbook VI,2023,https://www.scribd.com/document/742589271/
EF00325,1.0.0,superseded_pending_capss_vii_diff,false,Industry,Inorganic chemicals and fertilizers,Urea production,,PM10,0.14532,,,,kg/ton-product,product output,handbook basis,Korea,CAPSS inventory default,"CAPSS; sulfuric-acid SOx uses a Korean study, other rows mainly AP-42/Speciate",,,capss_handbook_vi_mirror,CAPSS VI Table 4-15,CAPSS_VI_needs_VII_diff,,National Air Pollutant Emissions Estimation Method Handbook VI,2023,https://www.scribd.com/document/742589271/
EF00326,1.0.0,superseded_pending_capss_vii_diff,false,Industry,Inorganic chemicals and fertilizers,Urea production,,PM2.5,0.07477,,,,kg/ton-product,product output,handbook basis,Korea,CAPSS inventory default,"CAPSS; sulfuric-acid SOx uses a Korean study, other rows mainly AP-42/Speciate",,,capss_handbook_vi_mirror,CAPSS VI Table 4-15,CAPSS_VI_needs_VII_diff,,National Air Pollutant Emissions Estimation Method Handbook VI,2023,https://www.scribd.com/document/742589271/
EF00327,1.0.0,superseded_pending_capss_vii_diff,false,Industry,Inorganic chemicals and fertilizers,Urea production,,NH3,10.69,,,,kg/ton-product,product output,handbook basis,Korea,CAPSS inventory default,"CAPSS; sulfuric-acid SOx uses a Korean study, other rows mainly AP-42/Speciate",,,capss_handbook_vi_mirror,CAPSS VI Table 4-15,CAPSS_VI_needs_VII_diff,,National Air Pollutant Emissions Estimation Method Handbook VI,2023,https://www.scribd.com/document/742589271/
EF00328,1.0.0,superseded_pending_capss_vii_diff,false,Industry,Inorganic chemicals and fertilizers,Carbon black production,,CO,0.88,,,,kg/ton-product,product output,handbook basis,Korea,CAPSS inventory default,"CAPSS; sulfuric-acid SOx uses a Korean study, other rows mainly AP-42/Speciate",,,capss_handbook_vi_mirror,CAPSS VI Table 4-15,CAPSS_VI_needs_VII_diff,,National Air Pollutant Emissions Estimation Method Handbook VI,2023,https://www.scribd.com/document/742589271/
EF00329,1.0.0,superseded_pending_capss_vii_diff,false,Industry,Inorganic chemicals and fertilizers,Carbon black production,,NOx,4.65,,,,kg/ton-product,product output,handbook basis,Korea,CAPSS inventory default,"CAPSS; sulfuric-acid SOx uses a Korean study, other rows mainly AP-42/Speciate",,,capss_handbook_vi_mirror,CAPSS VI Table 4-15,CAPSS_VI_needs_VII_diff,,National Air Pollutant Emissions Estimation Method Handbook VI,2023,https://www.scribd.com/document/742589271/
EF00330,1.0.0,superseded_pending_capss_vii_diff,false,Industry,Inorganic chemicals and fertilizers,Carbon black production,,TSP,1.04,,,,kg/ton-product,product output,handbook basis,Korea,CAPSS inventory default,"CAPSS; sulfuric-acid SOx uses a Korean study, other rows mainly AP-42/Speciate",,,capss_handbook_vi_mirror,CAPSS VI Table 4-15,CAPSS_VI_needs_VII_diff,,National Air Pollutant Emissions Estimation Method Handbook VI,2023,https://www.scribd.com/document/742589271/
EF00331,1.0.0,superseded_pending_capss_vii_diff,false,Industry,Inorganic chemicals and fertilizers,Carbon black production,,PM10,0.57616,,,,kg/ton-product,product output,handbook basis,Korea,CAPSS inventory default,"CAPSS; sulfuric-acid SOx uses a Korean study, other rows mainly AP-42/Speciate",,,capss_handbook_vi_mirror,CAPSS VI Table 4-15,CAPSS_VI_needs_VII_diff,,National Air Pollutant Emissions Estimation Method Handbook VI,2023,https://www.scribd.com/document/742589271/
EF00332,1.0.0,superseded_pending_capss_vii_diff,false,Industry,Inorganic chemicals and fertilizers,Carbon black production,,PM2.5,0.31715,,,,kg/ton-product,product output,handbook basis,Korea,CAPSS inventory default,"CAPSS; sulfuric-acid SOx uses a Korean study, other rows mainly AP-42/Speciate",,,capss_handbook_vi_mirror,CAPSS VI Table 4-15,CAPSS_VI_needs_VII_diff,,National Air Pollutant Emissions Estimation Method Handbook VI,2023,https://www.scribd.com/document/742589271/
EF00333,1.0.0,superseded_pending_capss_vii_diff,false,Industry,Inorganic chemicals and fertilizers,Carbon black production,,VOCs,0.99,,,,kg/ton-product,product output,handbook basis,Korea,CAPSS inventory default,"CAPSS; sulfuric-acid SOx uses a Korean study, other rows mainly AP-42/Speciate",,,capss_handbook_vi_mirror,CAPSS VI Table 4-15,CAPSS_VI_needs_VII_diff,,National Air Pollutant Emissions Estimation Method Handbook VI,2023,https://www.scribd.com/document/742589271/
EF00334,1.0.0,superseded_pending_capss_vii_diff,false,Industry,Inorganic chemicals and fertilizers,Calcium carbide production,,TSP,1.04,,,,kg/ton-product,product output,handbook basis,Korea,CAPSS inventory default,"CAPSS; sulfuric-acid SOx uses a Korean study, other rows mainly AP-42/Speciate",,,capss_handbook_vi_mirror,CAPSS VI Table 4-15,CAPSS_VI_needs_VII_diff,,National Air Pollutant Emissions Estimation Method Handbook VI,2023,https://www.scribd.com/document/742589271/
EF00335,1.0.0,superseded_pending_capss_vii_diff,false,Industry,Inorganic chemicals and fertilizers,Calcium carbide production,,PM10,0.572,,,,kg/ton-product,product output,handbook basis,Korea,CAPSS inventory default,"CAPSS; sulfuric-acid SOx uses a Korean study, other rows mainly AP-42/Speciate",,,capss_handbook_vi_mirror,CAPSS VI Table 4-15,CAPSS_VI_needs_VII_diff,,National Air Pollutant Emissions Estimation Method Handbook VI,2023,https://www.scribd.com/document/742589271/
EF00336,1.0.0,superseded_pending_capss_vii_diff,false,Industry,Inorganic chemicals and fertilizers,Calcium carbide production,,PM2.5,0.3044,,,,kg/ton-product,product output,handbook basis,Korea,CAPSS inventory default,"CAPSS; sulfuric-acid SOx uses a Korean study, other rows mainly AP-42/Speciate",,,capss_handbook_vi_mirror,CAPSS VI Table 4-15,CAPSS_VI_needs_VII_diff,,National Air Pollutant Emissions Estimation Method Handbook VI,2023,https://www.scribd.com/document/742589271/
EF00337,1.0.0,superseded_pending_capss_vii_diff,false,Industry,Inorganic chemicals and fertilizers,Phosphate fertilizer production,,TSP,4.2,,,,kg/ton-product,product output,handbook basis,Korea,CAPSS inventory default,"CAPSS; sulfuric-acid SOx uses a Korean study, other rows mainly AP-42/Speciate",,,capss_handbook_vi_mirror,CAPSS VI Table 4-15,CAPSS_VI_needs_VII_diff,,National Air Pollutant Emissions Estimation Method Handbook VI,2023,https://www.scribd.com/document/742589271/
EF00338,1.0.0,superseded_pending_capss_vii_diff,false,Industry,Inorganic chemicals and fertilizers,Phosphate fertilizer production,,PM10,2.6292,,,,kg/ton-product,product output,handbook basis,Korea,CAPSS inventory default,"CAPSS; sulfuric-acid SOx uses a Korean study, other rows mainly AP-42/Speciate",,,capss_handbook_vi_mirror,CAPSS VI Table 4-15,CAPSS_VI_needs_VII_diff,,National Air Pollutant Emissions Estimation Method Handbook VI,2023,https://www.scribd.com/document/742589271/
EF00339,1.0.0,superseded_pending_capss_vii_diff,false,Industry,Inorganic chemicals and fertilizers,Phosphate fertilizer production,,PM2.5,1.6799,,,,kg/ton-product,product output,handbook basis,Korea,CAPSS inventory default,"CAPSS; sulfuric-acid SOx uses a Korean study, other rows mainly AP-42/Speciate",,,capss_handbook_vi_mirror,CAPSS VI Table 4-15,CAPSS_VI_needs_VII_diff,,National Air Pollutant Emissions Estimation Method Handbook VI,2023,https://www.scribd.com/document/742589271/
EF00340,1.0.0,superseded_pending_capss_vii_diff,false,Solvent and product use,Automobile manufacturing coating,General oil-based paint,,VOCs,0.512,,,,kg/L-product,paint consumed,uncontrolled factor; process control may be applied separately,Korea,inventory default,CAPSS using US EPA AP-42,,,capss_handbook_vi_mirror,CAPSS VI coating tables,CAPSS_VI_needs_VII_diff,,National Air Pollutant Emissions Estimation Method Handbook VI,2023,https://www.scribd.com/document/742589271/
EF00341,1.0.0,superseded_pending_capss_vii_diff,false,Solvent and product use,Automobile manufacturing coating,Paint thinner,,VOCs,0.88,,,,kg/L-product,thinner consumed,assumes all thinner mass is emitted,Korea,inventory default,CAPSS using product density assumption,,,capss_handbook_vi_mirror,CAPSS VI coating tables,CAPSS_VI_needs_VII_diff,,National Air Pollutant Emissions Estimation Method Handbook VI,2023,https://www.scribd.com/document/742589271/
EF00342,1.0.0,superseded_pending_capss_vii_diff,false,Solvent and product use,Shipbuilding coating,General oil-based paint,,VOCs,0.512,,,,kg/L-product,paint consumed,uncontrolled factor; process control may be applied separately,Korea,inventory default,CAPSS using US EPA AP-42,,,capss_handbook_vi_mirror,CAPSS VI coating tables,CAPSS_VI_needs_VII_diff,,National Air Pollutant Emissions Estimation Method Handbook VI,2023,https://www.scribd.com/document/742589271/
EF00343,1.0.0,superseded_pending_capss_vii_diff,false,Solvent and product use,Shipbuilding coating,Paint thinner,,VOCs,0.88,,,,kg/L-product,thinner consumed,assumes all thinner mass is emitted,Korea,inventory default,CAPSS using product density assumption,,,capss_handbook_vi_mirror,CAPSS VI coating tables,CAPSS_VI_needs_VII_diff,,National Air Pollutant Emissions Estimation Method Handbook VI,2023,https://www.scribd.com/document/742589271/
EF00344,1.0.0,superseded_pending_capss_vii_diff,false,Solvent and product use,Wood/furniture coating,General oil-based paint,,VOCs,0.512,,,,kg/L-product,paint consumed,uncontrolled factor; process control may be applied separately,Korea,inventory default,CAPSS using US EPA AP-42,,,capss_handbook_vi_mirror,CAPSS VI coating tables,CAPSS_VI_needs_VII_diff,,National Air Pollutant Emissions Estimation Method Handbook VI,2023,https://www.scribd.com/document/742589271/
EF00345,1.0.0,superseded_pending_capss_vii_diff,false,Solvent and product use,Wood/furniture coating,Paint thinner,,VOCs,0.88,,,,kg/L-product,thinner consumed,assumes all thinner mass is emitted,Korea,inventory default,CAPSS using product density assumption,,,capss_handbook_vi_mirror,CAPSS VI coating tables,CAPSS_VI_needs_VII_diff,,National Air Pollutant Emissions Estimation Method Handbook VI,2023,https://www.scribd.com/document/742589271/
EF00346,1.0.0,superseded_pending_capss_vii_diff,false,Solvent and product use,Other industrial coating,General oil-based paint,,VOCs,0.512,,,,kg/L-product,paint consumed,uncontrolled factor; process control may be applied separately,Korea,inventory default,CAPSS using US EPA AP-42,,,capss_handbook_vi_mirror,CAPSS VI coating tables,CAPSS_VI_needs_VII_diff,,National Air Pollutant Emissions Estimation Method Handbook VI,2023,https://www.scribd.com/document/742589271/
EF00347,1.0.0,superseded_pending_capss_vii_diff,false,Solvent and product use,Other industrial coating,Paint thinner,,VOCs,0.88,,,,kg/L-product,thinner consumed,assumes all thinner mass is emitted,Korea,inventory default,CAPSS using product density assumption,,,capss_handbook_vi_mirror,CAPSS VI coating tables,CAPSS_VI_needs_VII_diff,,National Air Pollutant Emissions Estimation Method Handbook VI,2023,https://www.scribd.com/document/742589271/
EF00348,1.0.0,superseded_pending_capss_vii_diff,false,Solvent and product use,Architectural and construction coatings,"Oil-based primer, non-lacquer",,VOCs,0.5,,,,kg/L-product,coating consumed,product VOC-content factor,Korea,inventory default,Korean regulatory VOC-content standards,,,capss_handbook_vi_mirror,CAPSS VI architectural coating table,CAPSS_VI_needs_VII_diff,,National Air Pollutant Emissions Estimation Method Handbook VI,2023,https://www.scribd.com/document/742589271/
EF00349,1.0.0,superseded_pending_capss_vii_diff,false,Solvent and product use,Architectural and construction coatings,"Oil-based primer, lacquer",,VOCs,0.6,,,,kg/L-product,coating consumed,product VOC-content factor,Korea,inventory default,Korean regulatory VOC-content standards,,,capss_handbook_vi_mirror,CAPSS VI architectural coating table,CAPSS_VI_needs_VII_diff,,National Air Pollutant Emissions Estimation Method Handbook VI,2023,https://www.scribd.com/document/742589271/
EF00350,1.0.0,superseded_pending_capss_vii_diff,false,Solvent and product use,Architectural and construction coatings,"Oil-based topcoat, non-lacquer",,VOCs,0.5,,,,kg/L-product,coating consumed,product VOC-content factor,Korea,inventory default,Korean regulatory VOC-content standards,,,capss_handbook_vi_mirror,CAPSS VI architectural coating table,CAPSS_VI_needs_VII_diff,,National Air Pollutant Emissions Estimation Method Handbook VI,2023,https://www.scribd.com/document/742589271/
EF00351,1.0.0,superseded_pending_capss_vii_diff,false,Solvent and product use,Architectural and construction coatings,"Oil-based topcoat, lacquer",,VOCs,0.6,,,,kg/L-product,coating consumed,product VOC-content factor,Korea,inventory default,Korean regulatory VOC-content standards,,,capss_handbook_vi_mirror,CAPSS VI architectural coating table,CAPSS_VI_needs_VII_diff,,National Air Pollutant Emissions Estimation Method Handbook VI,2023,https://www.scribd.com/document/742589271/
EF00352,1.0.0,superseded_pending_capss_vii_diff,false,Solvent and product use,Architectural and construction coatings,Water-based stain,,VOCs,0.2,,,,kg/L-product,coating consumed,product VOC-content factor,Korea,inventory default,Korean regulatory VOC-content standards,,,capss_handbook_vi_mirror,CAPSS VI architectural coating table,CAPSS_VI_needs_VII_diff,,National Air Pollutant Emissions Estimation Method Handbook VI,2023,https://www.scribd.com/document/742589271/
EF00353,1.0.0,superseded_pending_capss_vii_diff,false,Solvent and product use,Architectural and construction coatings,Oil-based stain,,VOCs,0.4,,,,kg/L-product,coating consumed,product VOC-content factor,Korea,inventory default,Korean regulatory VOC-content standards,,,capss_handbook_vi_mirror,CAPSS VI architectural coating table,CAPSS_VI_needs_VII_diff,,National Air Pollutant Emissions Estimation Method Handbook VI,2023,https://www.scribd.com/document/742589271/
EF00354,1.0.0,superseded_pending_capss_vii_diff,false,Solvent and product use,Architectural and construction coatings,Water-based matte,,VOCs,0.04,,,,kg/L-product,coating consumed,product VOC-content factor,Korea,inventory default,Korean regulatory VOC-content standards,,,capss_handbook_vi_mirror,CAPSS VI architectural coating table,CAPSS_VI_needs_VII_diff,,National Air Pollutant Emissions Estimation Method Handbook VI,2023,https://www.scribd.com/document/742589271/
EF00355,1.0.0,superseded_pending_capss_vii_diff,false,Solvent and product use,Architectural and construction coatings,Water-based gloss,,VOCs,0.08,,,,kg/L-product,coating consumed,product VOC-content factor,Korea,inventory default,Korean regulatory VOC-content standards,,,capss_handbook_vi_mirror,CAPSS VI architectural coating table,CAPSS_VI_needs_VII_diff,,National Air Pollutant Emissions Estimation Method Handbook VI,2023,https://www.scribd.com/document/742589271/
EF00356,1.0.0,superseded_pending_capss_vii_diff,false,Solvent and product use,Architectural and construction coatings,Water-based primer,,VOCs,0.03,,,,kg/L-product,coating consumed,product VOC-content factor,Korea,inventory default,Korean regulatory VOC-content standards,,,capss_handbook_vi_mirror,CAPSS VI architectural coating table,CAPSS_VI_needs_VII_diff,,National Air Pollutant Emissions Estimation Method Handbook VI,2023,https://www.scribd.com/document/742589271/
EF00357,1.0.0,superseded_pending_capss_vii_diff,false,Solvent and product use,Architectural and construction coatings,"Oil-based exterior, non-fluoropolymer",,VOCs,0.5,,,,kg/L-product,coating consumed,product VOC-content factor,Korea,inventory default,Korean regulatory VOC-content standards,,,capss_handbook_vi_mirror,CAPSS VI architectural coating table,CAPSS_VI_needs_VII_diff,,National Air Pollutant Emissions Estimation Method Handbook VI,2023,https://www.scribd.com/document/742589271/
EF00358,1.0.0,superseded_pending_capss_vii_diff,false,Solvent and product use,Architectural and construction coatings,"Oil-based exterior, fluoropolymer",,VOCs,0.4,,,,kg/L-product,coating consumed,product VOC-content factor,Korea,inventory default,Korean regulatory VOC-content standards,,,capss_handbook_vi_mirror,CAPSS VI architectural coating table,CAPSS_VI_needs_VII_diff,,National Air Pollutant Emissions Estimation Method Handbook VI,2023,https://www.scribd.com/document/742589271/
EF00359,1.0.0,superseded_pending_capss_vii_diff,false,Solvent and product use,Architectural and construction coatings,Oil-based interior,,VOCs,0.4,,,,kg/L-product,coating consumed,product VOC-content factor,Korea,inventory default,Korean regulatory VOC-content standards,,,capss_handbook_vi_mirror,CAPSS VI architectural coating table,CAPSS_VI_needs_VII_diff,,National Air Pollutant Emissions Estimation Method Handbook VI,2023,https://www.scribd.com/document/742589271/
EF00360,1.0.0,superseded_pending_capss_vii_diff,false,Solvent and product use,Architectural and construction coatings,"Oil-based anticorrosion primer, non-lacquer",,VOCs,0.48,,,,kg/L-product,coating consumed,product VOC-content factor,Korea,inventory default,Korean regulatory VOC-content standards,,,capss_handbook_vi_mirror,CAPSS VI architectural coating table,CAPSS_VI_needs_VII_diff,,National Air Pollutant Emissions Estimation Method Handbook VI,2023,https://www.scribd.com/document/742589271/
EF00361,1.0.0,superseded_pending_capss_vii_diff,false,Solvent and product use,Architectural and construction coatings,"Oil-based anticorrosion primer, lacquer",,VOCs,0.25,,,,kg/L-product,coating consumed,product VOC-content factor,Korea,inventory default,Korean regulatory VOC-content standards,,,capss_handbook_vi_mirror,CAPSS VI architectural coating table,CAPSS_VI_needs_VII_diff,,National Air Pollutant Emissions Estimation Method Handbook VI,2023,https://www.scribd.com/document/742589271/
EF00362,1.0.0,superseded_pending_capss_vii_diff,false,Transport,Rail,Diesel locomotive,Diesel,CO,26.36,,,,kg/kL-fuel,diesel consumed,technology-average,Korea,CAPSS inventory default,Korean Rail Research Institute (1997) with PM/NH3 supplements,,,capss_handbook_vi_mirror,CAPSS VI Table 8-3,CAPSS_VI_needs_VII_diff,,National Air Pollutant Emissions Estimation Method Handbook VI,2023,https://www.scribd.com/document/742589271/
EF00363,1.0.0,superseded_pending_capss_vii_diff,false,Transport,Rail,Diesel locomotive,Diesel,NOx,64.36,,,,kg/kL-fuel,diesel consumed,technology-average,Korea,CAPSS inventory default,Korean Rail Research Institute (1997) with PM/NH3 supplements,,,capss_handbook_vi_mirror,CAPSS VI Table 8-3,CAPSS_VI_needs_VII_diff,,National Air Pollutant Emissions Estimation Method Handbook VI,2023,https://www.scribd.com/document/742589271/
EF00364,1.0.0,superseded_pending_capss_vii_diff,false,Transport,Rail,Diesel locomotive,Diesel,SOx,1.64,,,,kg/kL-fuel,diesel consumed,technology-average,Korea,CAPSS inventory default,Korean Rail Research Institute (1997) with PM/NH3 supplements,,,capss_handbook_vi_mirror,CAPSS VI Table 8-3,CAPSS_VI_needs_VII_diff,,National Air Pollutant Emissions Estimation Method Handbook VI,2023,https://www.scribd.com/document/742589271/
EF00365,1.0.0,superseded_pending_capss_vii_diff,false,Transport,Rail,Diesel locomotive,Diesel,TSP,4.16,,,,kg/kL-fuel,diesel consumed,technology-average,Korea,CAPSS inventory default,Korean Rail Research Institute (1997) with PM/NH3 supplements,,,capss_handbook_vi_mirror,CAPSS VI Table 8-3,CAPSS_VI_needs_VII_diff,,National Air Pollutant Emissions Estimation Method Handbook VI,2023,https://www.scribd.com/document/742589271/
EF00366,1.0.0,superseded_pending_capss_vii_diff,false,Transport,Rail,Diesel locomotive,Diesel,PM10,4.16,,,,kg/kL-fuel,diesel consumed,technology-average,Korea,CAPSS inventory default,Korean Rail Research Institute (1997) with PM/NH3 supplements,,,capss_handbook_vi_mirror,CAPSS VI Table 8-3,CAPSS_VI_needs_VII_diff,,National Air Pollutant Emissions Estimation Method Handbook VI,2023,https://www.scribd.com/document/742589271/
EF00367,1.0.0,superseded_pending_capss_vii_diff,false,Transport,Rail,Diesel locomotive,Diesel,PM2.5,3.827,,,,kg/kL-fuel,diesel consumed,technology-average,Korea,CAPSS inventory default,Korean Rail Research Institute (1997) with PM/NH3 supplements,,,capss_handbook_vi_mirror,CAPSS VI Table 8-3,CAPSS_VI_needs_VII_diff,,National Air Pollutant Emissions Estimation Method Handbook VI,2023,https://www.scribd.com/document/742589271/
EF00368,1.0.0,superseded_pending_capss_vii_diff,false,Transport,Rail,Diesel locomotive,Diesel,VOCs,10.66,,,,kg/kL-fuel,diesel consumed,technology-average,Korea,CAPSS inventory default,Korean Rail Research Institute (1997) with PM/NH3 supplements,,,capss_handbook_vi_mirror,CAPSS VI Table 8-3,CAPSS_VI_needs_VII_diff,,National Air Pollutant Emissions Estimation Method Handbook VI,2023,https://www.scribd.com/document/742589271/
EF00369,1.0.0,superseded_pending_capss_vii_diff,false,Transport,Rail,Diesel locomotive,Diesel,NH3,0.11,,,,kg/kL-fuel,diesel consumed,technology-average,Korea,CAPSS inventory default,Korean Rail Research Institute (1997) with PM/NH3 supplements,,,capss_handbook_vi_mirror,CAPSS VI Table 8-3,CAPSS_VI_needs_VII_diff,,National Air Pollutant Emissions Estimation Method Handbook VI,2023,https://www.scribd.com/document/742589271/
EF00370,1.0.0,superseded_pending_capss_vii_diff,false,Transport,Rail,Saemaeul-type diesel multiple unit,Diesel,CO,15.07,,,,kg/kL-fuel,diesel consumed,technology-average,Korea,CAPSS inventory default,Korean Rail Research Institute (1997) with PM/NH3 supplements,,,capss_handbook_vi_mirror,CAPSS VI Table 8-3,CAPSS_VI_needs_VII_diff,,National Air Pollutant Emissions Estimation Method Handbook VI,2023,https://www.scribd.com/document/742589271/
EF00371,1.0.0,superseded_pending_capss_vii_diff,false,Transport,Rail,Saemaeul-type diesel multiple unit,Diesel,NOx,37.75,,,,kg/kL-fuel,diesel consumed,technology-average,Korea,CAPSS inventory default,Korean Rail Research Institute (1997) with PM/NH3 supplements,,,capss_handbook_vi_mirror,CAPSS VI Table 8-3,CAPSS_VI_needs_VII_diff,,National Air Pollutant Emissions Estimation Method Handbook VI,2023,https://www.scribd.com/document/742589271/
EF00372,1.0.0,superseded_pending_capss_vii_diff,false,Transport,Rail,Saemaeul-type diesel multiple unit,Diesel,SOx,1.08,,,,kg/kL-fuel,diesel consumed,technology-average,Korea,CAPSS inventory default,Korean Rail Research Institute (1997) with PM/NH3 supplements,,,capss_handbook_vi_mirror,CAPSS VI Table 8-3,CAPSS_VI_needs_VII_diff,,National Air Pollutant Emissions Estimation Method Handbook VI,2023,https://www.scribd.com/document/742589271/
EF00373,1.0.0,superseded_pending_capss_vii_diff,false,Transport,Rail,Saemaeul-type diesel multiple unit,Diesel,TSP,2.68,,,,kg/kL-fuel,diesel consumed,technology-average,Korea,CAPSS inventory default,Korean Rail Research Institute (1997) with PM/NH3 supplements,,,capss_handbook_vi_mirror,CAPSS VI Table 8-3,CAPSS_VI_needs_VII_diff,,National Air Pollutant Emissions Estimation Method Handbook VI,2023,https://www.scribd.com/document/742589271/
EF00374,1.0.0,superseded_pending_capss_vii_diff,false,Transport,Rail,Saemaeul-type diesel multiple unit,Diesel,PM10,2.68,,,,kg/kL-fuel,diesel consumed,technology-average,Korea,CAPSS inventory default,Korean Rail Research Institute (1997) with PM/NH3 supplements,,,capss_handbook_vi_mirror,CAPSS VI Table 8-3,CAPSS_VI_needs_VII_diff,,National Air Pollutant Emissions Estimation Method Handbook VI,2023,https://www.scribd.com/document/742589271/
EF00375,1.0.0,superseded_pending_capss_vii_diff,false,Transport,Rail,Saemaeul-type diesel multiple unit,Diesel,PM2.5,2.466,,,,kg/kL-fuel,diesel consumed,technology-average,Korea,CAPSS inventory default,Korean Rail Research Institute (1997) with PM/NH3 supplements,,,capss_handbook_vi_mirror,CAPSS VI Table 8-3,CAPSS_VI_needs_VII_diff,,National Air Pollutant Emissions Estimation Method Handbook VI,2023,https://www.scribd.com/document/742589271/
EF00376,1.0.0,superseded_pending_capss_vii_diff,false,Transport,Rail,Saemaeul-type diesel multiple unit,Diesel,VOCs,6.2,,,,kg/kL-fuel,diesel consumed,technology-average,Korea,CAPSS inventory default,Korean Rail Research Institute (1997) with PM/NH3 supplements,,,capss_handbook_vi_mirror,CAPSS VI Table 8-3,CAPSS_VI_needs_VII_diff,,National Air Pollutant Emissions Estimation Method Handbook VI,2023,https://www.scribd.com/document/742589271/
EF00377,1.0.0,superseded_pending_capss_vii_diff,false,Transport,Rail,Saemaeul-type diesel multiple unit,Diesel,NH3,0.11,,,,kg/kL-fuel,diesel consumed,technology-average,Korea,CAPSS inventory default,Korean Rail Research Institute (1997) with PM/NH3 supplements,,,capss_handbook_vi_mirror,CAPSS VI Table 8-3,CAPSS_VI_needs_VII_diff,,National Air Pollutant Emissions Estimation Method Handbook VI,2023,https://www.scribd.com/document/742589271/
EF00378,1.0.0,superseded_pending_capss_vii_diff,false,Transport,Rail,NDC/CDC Mugunghwa-type diesel multiple unit,Diesel,CO,5.87,,,,kg/kL-fuel,diesel consumed,technology-average,Korea,CAPSS inventory default,Korean Rail Research Institute (1997) with PM/NH3 supplements,,,capss_handbook_vi_mirror,CAPSS VI Table 8-3,CAPSS_VI_needs_VII_diff,,National Air Pollutant Emissions Estimation Method Handbook VI,2023,https://www.scribd.com/document/742589271/
EF00379,1.0.0,superseded_pending_capss_vii_diff,false,Transport,Rail,NDC/CDC Mugunghwa-type diesel multiple unit,Diesel,NOx,15.69,,,,kg/kL-fuel,diesel consumed,technology-average,Korea,CAPSS inventory default,Korean Rail Research Institute (1997) with PM/NH3 supplements,,,capss_handbook_vi_mirror,CAPSS VI Table 8-3,CAPSS_VI_needs_VII_diff,,National Air Pollutant Emissions Estimation Method Handbook VI,2023,https://www.scribd.com/document/742589271/
EF00380,1.0.0,superseded_pending_capss_vii_diff,false,Transport,Rail,NDC/CDC Mugunghwa-type diesel multiple unit,Diesel,SOx,0.43,,,,kg/kL-fuel,diesel consumed,technology-average,Korea,CAPSS inventory default,Korean Rail Research Institute (1997) with PM/NH3 supplements,,,capss_handbook_vi_mirror,CAPSS VI Table 8-3,CAPSS_VI_needs_VII_diff,,National Air Pollutant Emissions Estimation Method Handbook VI,2023,https://www.scribd.com/document/742589271/
EF00381,1.0.0,superseded_pending_capss_vii_diff,false,Transport,Rail,NDC/CDC Mugunghwa-type diesel multiple unit,Diesel,TSP,1.14,,,,kg/kL-fuel,diesel consumed,technology-average,Korea,CAPSS inventory default,Korean Rail Research Institute (1997) with PM/NH3 supplements,,,capss_handbook_vi_mirror,CAPSS VI Table 8-3,CAPSS_VI_needs_VII_diff,,National Air Pollutant Emissions Estimation Method Handbook VI,2023,https://www.scribd.com/document/742589271/
EF00382,1.0.0,superseded_pending_capss_vii_diff,false,Transport,Rail,NDC/CDC Mugunghwa-type diesel multiple unit,Diesel,PM10,1.14,,,,kg/kL-fuel,diesel consumed,technology-average,Korea,CAPSS inventory default,Korean Rail Research Institute (1997) with PM/NH3 supplements,,,capss_handbook_vi_mirror,CAPSS VI Table 8-3,CAPSS_VI_needs_VII_diff,,National Air Pollutant Emissions Estimation Method Handbook VI,2023,https://www.scribd.com/document/742589271/
EF00383,1.0.0,superseded_pending_capss_vii_diff,false,Transport,Rail,NDC/CDC Mugunghwa-type diesel multiple unit,Diesel,PM2.5,1.049,,,,kg/kL-fuel,diesel consumed,technology-average,Korea,CAPSS inventory default,Korean Rail Research Institute (1997) with PM/NH3 supplements,,,capss_handbook_vi_mirror,CAPSS VI Table 8-3,CAPSS_VI_needs_VII_diff,,National Air Pollutant Emissions Estimation Method Handbook VI,2023,https://www.scribd.com/document/742589271/
EF00384,1.0.0,superseded_pending_capss_vii_diff,false,Transport,Rail,NDC/CDC Mugunghwa-type diesel multiple unit,Diesel,VOCs,1.22,,,,kg/kL-fuel,diesel consumed,technology-average,Korea,CAPSS inventory default,Korean Rail Research Institute (1997) with PM/NH3 supplements,,,capss_handbook_vi_mirror,CAPSS VI Table 8-3,CAPSS_VI_needs_VII_diff,,National Air Pollutant Emissions Estimation Method Handbook VI,2023,https://www.scribd.com/document/742589271/
EF00385,1.0.0,superseded_pending_capss_vii_diff,false,Transport,Rail,NDC/CDC Mugunghwa-type diesel multiple unit,Diesel,NH3,0.11,,,,kg/kL-fuel,diesel consumed,technology-average,Korea,CAPSS inventory default,Korean Rail Research Institute (1997) with PM/NH3 supplements,,,capss_handbook_vi_mirror,CAPSS VI Table 8-3,CAPSS_VI_needs_VII_diff,,National Air Pollutant Emissions Estimation Method Handbook VI,2023,https://www.scribd.com/document/742589271/
EF00386,1.0.0,superseded_pending_capss_vii_diff,false,Transport,Shipping,Cargo/passenger/fishing ship,Gasoline,CO,573.9,,,,kg/ton-fuel,fuel consumed,integrated/technology-average,Korea,CAPSS inventory default,CAPSS using EEA factors; cargo integrated factors are annually fuel-sales weighted,,,capss_handbook_vi_mirror,"CAPSS VI Tables 8-12, 8-14, or 8-17",CAPSS_VI_needs_VII_diff,S = fuel sulfur content in percent. Freight/fishing/passenger categories share factors in CAPSS VI.,National Air Pollutant Emissions Estimation Method Handbook VI,2023,https://www.scribd.com/document/742589271/
EF00387,1.0.0,superseded_pending_capss_vii_diff,false,Transport,Shipping,Cargo/passenger/fishing ship,Gasoline,NOx,9.4,,,,kg/ton-fuel,fuel consumed,integrated/technology-average,Korea,CAPSS inventory default,CAPSS using EEA factors; cargo integrated factors are annually fuel-sales weighted,,,capss_handbook_vi_mirror,"CAPSS VI Tables 8-12, 8-14, or 8-17",CAPSS_VI_needs_VII_diff,S = fuel sulfur content in percent. Freight/fishing/passenger categories share factors in CAPSS VI.,National Air Pollutant Emissions Estimation Method Handbook VI,2023,https://www.scribd.com/document/742589271/
EF00388,1.0.0,superseded_pending_capss_vii_diff,false,Transport,Shipping,Cargo/passenger/fishing ship,Gasoline,SOx,,20*S,,,kg/ton-fuel,fuel consumed,integrated/technology-average,Korea,CAPSS inventory default,CAPSS using EEA factors; cargo integrated factors are annually fuel-sales weighted,,,capss_handbook_vi_mirror,"CAPSS VI Tables 8-12, 8-14, or 8-17",CAPSS_VI_needs_VII_diff,S = fuel sulfur content in percent. Freight/fishing/passenger categories share factors in CAPSS VI.,National Air Pollutant Emissions Estimation Method Handbook VI,2023,https://www.scribd.com/document/742589271/
EF00389,1.0.0,superseded_pending_capss_vii_diff,false,Transport,Shipping,Cargo/passenger/fishing ship,Gasoline,TSP,9.5,,,,kg/ton-fuel,fuel consumed,integrated/technology-average,Korea,CAPSS inventory default,CAPSS using EEA factors; cargo integrated factors are annually fuel-sales weighted,,,capss_handbook_vi_mirror,"CAPSS VI Tables 8-12, 8-14, or 8-17",CAPSS_VI_needs_VII_diff,S = fuel sulfur content in percent. Freight/fishing/passenger categories share factors in CAPSS VI.,National Air Pollutant Emissions Estimation Method Handbook VI,2023,https://www.scribd.com/document/742589271/
EF00390,1.0.0,superseded_pending_capss_vii_diff,false,Transport,Shipping,Cargo/passenger/fishing ship,Gasoline,PM10,9.5,,,,kg/ton-fuel,fuel consumed,integrated/technology-average,Korea,CAPSS inventory default,CAPSS using EEA factors; cargo integrated factors are annually fuel-sales weighted,,,capss_handbook_vi_mirror,"CAPSS VI Tables 8-12, 8-14, or 8-17",CAPSS_VI_needs_VII_diff,S = fuel sulfur content in percent. Freight/fishing/passenger categories share factors in CAPSS VI.,National Air Pollutant Emissions Estimation Method Handbook VI,2023,https://www.scribd.com/document/742589271/
EF00391,1.0.0,superseded_pending_capss_vii_diff,false,Transport,Shipping,Cargo/passenger/fishing ship,Gasoline,PM2.5,9.5,,,,kg/ton-fuel,fuel consumed,integrated/technology-average,Korea,CAPSS inventory default,CAPSS using EEA factors; cargo integrated factors are annually fuel-sales weighted,,,capss_handbook_vi_mirror,"CAPSS VI Tables 8-12, 8-14, or 8-17",CAPSS_VI_needs_VII_diff,S = fuel sulfur content in percent. Freight/fishing/passenger categories share factors in CAPSS VI.,National Air Pollutant Emissions Estimation Method Handbook VI,2023,https://www.scribd.com/document/742589271/
EF00392,1.0.0,superseded_pending_capss_vii_diff,false,Transport,Shipping,Cargo/passenger/fishing ship,Gasoline,VOCs,181.5,,,,kg/ton-fuel,fuel consumed,integrated/technology-average,Korea,CAPSS inventory default,CAPSS using EEA factors; cargo integrated factors are annually fuel-sales weighted,,,capss_handbook_vi_mirror,"CAPSS VI Tables 8-12, 8-14, or 8-17",CAPSS_VI_needs_VII_diff,S = fuel sulfur content in percent. Freight/fishing/passenger categories share factors in CAPSS VI.,National Air Pollutant Emissions Estimation Method Handbook VI,2023,https://www.scribd.com/document/742589271/
EF00393,1.0.0,superseded_pending_capss_vii_diff,false,Transport,Shipping,Cargo/passenger/fishing ship,Gasoline,NH3,0.003,,,,kg/ton-fuel,fuel consumed,integrated/technology-average,Korea,CAPSS inventory default,CAPSS using EEA factors; cargo integrated factors are annually fuel-sales weighted,,,capss_handbook_vi_mirror,"CAPSS VI Tables 8-12, 8-14, or 8-17",CAPSS_VI_needs_VII_diff,S = fuel sulfur content in percent. Freight/fishing/passenger categories share factors in CAPSS VI.,National Air Pollutant Emissions Estimation Method Handbook VI,2023,https://www.scribd.com/document/742589271/
EF00394,1.0.0,superseded_pending_capss_vii_diff,false,Transport,Shipping,Cargo/passenger/fishing ship,Diesel,CO,7.4,,,,kg/ton-fuel,fuel consumed,integrated/technology-average,Korea,CAPSS inventory default,CAPSS using EEA factors; cargo integrated factors are annually fuel-sales weighted,,,capss_handbook_vi_mirror,"CAPSS VI Tables 8-12, 8-14, or 8-17",CAPSS_VI_needs_VII_diff,S = fuel sulfur content in percent. Freight/fishing/passenger categories share factors in CAPSS VI.,National Air Pollutant Emissions Estimation Method Handbook VI,2023,https://www.scribd.com/document/742589271/
EF00395,1.0.0,superseded_pending_capss_vii_diff,false,Transport,Shipping,Cargo/passenger/fishing ship,Diesel,NOx,78.5,,,,kg/ton-fuel,fuel consumed,integrated/technology-average,Korea,CAPSS inventory default,CAPSS using EEA factors; cargo integrated factors are annually fuel-sales weighted,,,capss_handbook_vi_mirror,"CAPSS VI Tables 8-12, 8-14, or 8-17",CAPSS_VI_needs_VII_diff,S = fuel sulfur content in percent. Freight/fishing/passenger categories share factors in CAPSS VI.,National Air Pollutant Emissions Estimation Method Handbook VI,2023,https://www.scribd.com/document/742589271/
EF00396,1.0.0,superseded_pending_capss_vii_diff,false,Transport,Shipping,Cargo/passenger/fishing ship,Diesel,SOx,,20*S,,,kg/ton-fuel,fuel consumed,integrated/technology-average,Korea,CAPSS inventory default,CAPSS using EEA factors; cargo integrated factors are annually fuel-sales weighted,,,capss_handbook_vi_mirror,"CAPSS VI Tables 8-12, 8-14, or 8-17",CAPSS_VI_needs_VII_diff,S = fuel sulfur content in percent. Freight/fishing/passenger categories share factors in CAPSS VI.,National Air Pollutant Emissions Estimation Method Handbook VI,2023,https://www.scribd.com/document/742589271/
EF00397,1.0.0,superseded_pending_capss_vii_diff,false,Transport,Shipping,Cargo/passenger/fishing ship,Diesel,TSP,1.5,,,,kg/ton-fuel,fuel consumed,integrated/technology-average,Korea,CAPSS inventory default,CAPSS using EEA factors; cargo integrated factors are annually fuel-sales weighted,,,capss_handbook_vi_mirror,"CAPSS VI Tables 8-12, 8-14, or 8-17",CAPSS_VI_needs_VII_diff,S = fuel sulfur content in percent. Freight/fishing/passenger categories share factors in CAPSS VI.,National Air Pollutant Emissions Estimation Method Handbook VI,2023,https://www.scribd.com/document/742589271/
EF00398,1.0.0,superseded_pending_capss_vii_diff,false,Transport,Shipping,Cargo/passenger/fishing ship,Diesel,PM10,1.5,,,,kg/ton-fuel,fuel consumed,integrated/technology-average,Korea,CAPSS inventory default,CAPSS using EEA factors; cargo integrated factors are annually fuel-sales weighted,,,capss_handbook_vi_mirror,"CAPSS VI Tables 8-12, 8-14, or 8-17",CAPSS_VI_needs_VII_diff,S = fuel sulfur content in percent. Freight/fishing/passenger categories share factors in CAPSS VI.,National Air Pollutant Emissions Estimation Method Handbook VI,2023,https://www.scribd.com/document/742589271/
EF00399,1.0.0,superseded_pending_capss_vii_diff,false,Transport,Shipping,Cargo/passenger/fishing ship,Diesel,PM2.5,1.4,,,,kg/ton-fuel,fuel consumed,integrated/technology-average,Korea,CAPSS inventory default,CAPSS using EEA factors; cargo integrated factors are annually fuel-sales weighted,,,capss_handbook_vi_mirror,"CAPSS VI Tables 8-12, 8-14, or 8-17",CAPSS_VI_needs_VII_diff,S = fuel sulfur content in percent. Freight/fishing/passenger categories share factors in CAPSS VI.,National Air Pollutant Emissions Estimation Method Handbook VI,2023,https://www.scribd.com/document/742589271/
EF00400,1.0.0,superseded_pending_capss_vii_diff,false,Transport,Shipping,Cargo/passenger/fishing ship,Diesel,VOCs,2.8,,,,kg/ton-fuel,fuel consumed,integrated/technology-average,Korea,CAPSS inventory default,CAPSS using EEA factors; cargo integrated factors are annually fuel-sales weighted,,,capss_handbook_vi_mirror,"CAPSS VI Tables 8-12, 8-14, or 8-17",CAPSS_VI_needs_VII_diff,S = fuel sulfur content in percent. Freight/fishing/passenger categories share factors in CAPSS VI.,National Air Pollutant Emissions Estimation Method Handbook VI,2023,https://www.scribd.com/document/742589271/
EF00401,1.0.0,superseded_pending_capss_vii_diff,false,Transport,Shipping,Cargo/passenger/fishing ship,Diesel,NH3,0.007,,,,kg/ton-fuel,fuel consumed,integrated/technology-average,Korea,CAPSS inventory default,CAPSS using EEA factors; cargo integrated factors are annually fuel-sales weighted,,,capss_handbook_vi_mirror,"CAPSS VI Tables 8-12, 8-14, or 8-17",CAPSS_VI_needs_VII_diff,S = fuel sulfur content in percent. Freight/fishing/passenger categories share factors in CAPSS VI.,National Air Pollutant Emissions Estimation Method Handbook VI,2023,https://www.scribd.com/document/742589271/
EF00402,1.0.0,superseded_pending_capss_vii_diff,false,Transport,Shipping,Cargo/passenger ship,Heavy fuel oil,CO,7.4,,,,kg/ton-fuel,fuel consumed,integrated/technology-average,Korea,CAPSS inventory default,CAPSS using EEA factors; cargo integrated factors are annually fuel-sales weighted,,,capss_handbook_vi_mirror,"CAPSS VI Tables 8-12, 8-14, or 8-17",CAPSS_VI_needs_VII_diff,S = fuel sulfur content in percent. Freight/fishing/passenger categories share factors in CAPSS VI.,National Air Pollutant Emissions Estimation Method Handbook VI,2023,https://www.scribd.com/document/742589271/
EF00403,1.0.0,superseded_pending_capss_vii_diff,false,Transport,Shipping,Cargo/passenger ship,Heavy fuel oil,NOx,79.3,,,,kg/ton-fuel,fuel consumed,integrated/technology-average,Korea,CAPSS inventory default,CAPSS using EEA factors; cargo integrated factors are annually fuel-sales weighted,,,capss_handbook_vi_mirror,"CAPSS VI Tables 8-12, 8-14, or 8-17",CAPSS_VI_needs_VII_diff,S = fuel sulfur content in percent. Freight/fishing/passenger categories share factors in CAPSS VI.,National Air Pollutant Emissions Estimation Method Handbook VI,2023,https://www.scribd.com/document/742589271/
EF00404,1.0.0,superseded_pending_capss_vii_diff,false,Transport,Shipping,Cargo/passenger ship,Heavy fuel oil,SOx,,20*S,,,kg/ton-fuel,fuel consumed,integrated/technology-average,Korea,CAPSS inventory default,CAPSS using EEA factors; cargo integrated factors are annually fuel-sales weighted,,,capss_handbook_vi_mirror,"CAPSS VI Tables 8-12, 8-14, or 8-17",CAPSS_VI_needs_VII_diff,S = fuel sulfur content in percent. Freight/fishing/passenger categories share factors in CAPSS VI.,National Air Pollutant Emissions Estimation Method Handbook VI,2023,https://www.scribd.com/document/742589271/
EF00405,1.0.0,superseded_pending_capss_vii_diff,false,Transport,Shipping,Cargo/passenger ship,Heavy fuel oil,TSP,6.2,,,,kg/ton-fuel,fuel consumed,integrated/technology-average,Korea,CAPSS inventory default,CAPSS using EEA factors; cargo integrated factors are annually fuel-sales weighted,,,capss_handbook_vi_mirror,"CAPSS VI Tables 8-12, 8-14, or 8-17",CAPSS_VI_needs_VII_diff,S = fuel sulfur content in percent. Freight/fishing/passenger categories share factors in CAPSS VI.,National Air Pollutant Emissions Estimation Method Handbook VI,2023,https://www.scribd.com/document/742589271/
EF00406,1.0.0,superseded_pending_capss_vii_diff,false,Transport,Shipping,Cargo/passenger ship,Heavy fuel oil,PM10,6.2,,,,kg/ton-fuel,fuel consumed,integrated/technology-average,Korea,CAPSS inventory default,CAPSS using EEA factors; cargo integrated factors are annually fuel-sales weighted,,,capss_handbook_vi_mirror,"CAPSS VI Tables 8-12, 8-14, or 8-17",CAPSS_VI_needs_VII_diff,S = fuel sulfur content in percent. Freight/fishing/passenger categories share factors in CAPSS VI.,National Air Pollutant Emissions Estimation Method Handbook VI,2023,https://www.scribd.com/document/742589271/
EF00407,1.0.0,superseded_pending_capss_vii_diff,false,Transport,Shipping,Cargo/passenger ship,Heavy fuel oil,PM2.5,5.6,,,,kg/ton-fuel,fuel consumed,integrated/technology-average,Korea,CAPSS inventory default,CAPSS using EEA factors; cargo integrated factors are annually fuel-sales weighted,,,capss_handbook_vi_mirror,"CAPSS VI Tables 8-12, 8-14, or 8-17",CAPSS_VI_needs_VII_diff,S = fuel sulfur content in percent. Freight/fishing/passenger categories share factors in CAPSS VI.,National Air Pollutant Emissions Estimation Method Handbook VI,2023,https://www.scribd.com/document/742589271/
EF00408,1.0.0,superseded_pending_capss_vii_diff,false,Transport,Shipping,Cargo/passenger ship,Heavy fuel oil,VOCs,2.7,,,,kg/ton-fuel,fuel consumed,integrated/technology-average,Korea,CAPSS inventory default,CAPSS using EEA factors; cargo integrated factors are annually fuel-sales weighted,,,capss_handbook_vi_mirror,"CAPSS VI Tables 8-12, 8-14, or 8-17",CAPSS_VI_needs_VII_diff,S = fuel sulfur content in percent. Freight/fishing/passenger categories share factors in CAPSS VI.,National Air Pollutant Emissions Estimation Method Handbook VI,2023,https://www.scribd.com/document/742589271/
EF00409,1.0.0,superseded_pending_capss_vii_diff,false,Transport,Shipping,Cargo/passenger ship,Heavy fuel oil,NH3,0.007,,,,kg/ton-fuel,fuel consumed,integrated/technology-average,Korea,CAPSS inventory default,CAPSS using EEA factors; cargo integrated factors are annually fuel-sales weighted,,,capss_handbook_vi_mirror,"CAPSS VI Tables 8-12, 8-14, or 8-17",CAPSS_VI_needs_VII_diff,S = fuel sulfur content in percent. Freight/fishing/passenger categories share factors in CAPSS VI.,National Air Pollutant Emissions Estimation Method Handbook VI,2023,https://www.scribd.com/document/742589271/
EF00410,1.0.0,superseded_pending_capss_vii_diff,false,Transport,Shipping,"Leisure vessel, assumed 2-stroke",Gasoline,CO,481.0,,,,kg/ton-fuel,fuel consumed,integrated/technology-average,Korea,CAPSS inventory default,CAPSS using EEA factors; cargo integrated factors are annually fuel-sales weighted,,,capss_handbook_vi_mirror,"CAPSS VI Tables 8-12, 8-14, or 8-17",CAPSS_VI_needs_VII_diff,S = fuel sulfur content in percent. Freight/fishing/passenger categories share factors in CAPSS VI.,National Air Pollutant Emissions Estimation Method Handbook VI,2023,https://www.scribd.com/document/742589271/
EF00411,1.0.0,superseded_pending_capss_vii_diff,false,Transport,Shipping,"Leisure vessel, assumed 2-stroke",Gasoline,NOx,3.27,,,,kg/ton-fuel,fuel consumed,integrated/technology-average,Korea,CAPSS inventory default,CAPSS using EEA factors; cargo integrated factors are annually fuel-sales weighted,,,capss_handbook_vi_mirror,"CAPSS VI Tables 8-12, 8-14, or 8-17",CAPSS_VI_needs_VII_diff,S = fuel sulfur content in percent. Freight/fishing/passenger categories share factors in CAPSS VI.,National Air Pollutant Emissions Estimation Method Handbook VI,2023,https://www.scribd.com/document/742589271/
EF00412,1.0.0,superseded_pending_capss_vii_diff,false,Transport,Shipping,"Leisure vessel, assumed 2-stroke",Gasoline,SOx,,20*S,,,kg/ton-fuel,fuel consumed,integrated/technology-average,Korea,CAPSS inventory default,CAPSS using EEA factors; cargo integrated factors are annually fuel-sales weighted,,,capss_handbook_vi_mirror,"CAPSS VI Tables 8-12, 8-14, or 8-17",CAPSS_VI_needs_VII_diff,S = fuel sulfur content in percent. Freight/fishing/passenger categories share factors in CAPSS VI.,National Air Pollutant Emissions Estimation Method Handbook VI,2023,https://www.scribd.com/document/742589271/
EF00413,1.0.0,superseded_pending_capss_vii_diff,false,Transport,Shipping,"Leisure vessel, assumed 2-stroke",Gasoline,TSP,12.6,,,,kg/ton-fuel,fuel consumed,integrated/technology-average,Korea,CAPSS inventory default,CAPSS using EEA factors; cargo integrated factors are annually fuel-sales weighted,,,capss_handbook_vi_mirror,"CAPSS VI Tables 8-12, 8-14, or 8-17",CAPSS_VI_needs_VII_diff,S = fuel sulfur content in percent. Freight/fishing/passenger categories share factors in CAPSS VI.,National Air Pollutant Emissions Estimation Method Handbook VI,2023,https://www.scribd.com/document/742589271/
EF00414,1.0.0,superseded_pending_capss_vii_diff,false,Transport,Shipping,"Leisure vessel, assumed 2-stroke",Gasoline,PM10,12.6,,,,kg/ton-fuel,fuel consumed,integrated/technology-average,Korea,CAPSS inventory default,CAPSS using EEA factors; cargo integrated factors are annually fuel-sales weighted,,,capss_handbook_vi_mirror,"CAPSS VI Tables 8-12, 8-14, or 8-17",CAPSS_VI_needs_VII_diff,S = fuel sulfur content in percent. Freight/fishing/passenger categories share factors in CAPSS VI.,National Air Pollutant Emissions Estimation Method Handbook VI,2023,https://www.scribd.com/document/742589271/
EF00415,1.0.0,superseded_pending_capss_vii_diff,false,Transport,Shipping,"Leisure vessel, assumed 2-stroke",Gasoline,PM2.5,12.6,,,,kg/ton-fuel,fuel consumed,integrated/technology-average,Korea,CAPSS inventory default,CAPSS using EEA factors; cargo integrated factors are annually fuel-sales weighted,,,capss_handbook_vi_mirror,"CAPSS VI Tables 8-12, 8-14, or 8-17",CAPSS_VI_needs_VII_diff,S = fuel sulfur content in percent. Freight/fishing/passenger categories share factors in CAPSS VI.,National Air Pollutant Emissions Estimation Method Handbook VI,2023,https://www.scribd.com/document/742589271/
EF00416,1.0.0,superseded_pending_capss_vii_diff,false,Transport,Shipping,"Leisure vessel, assumed 2-stroke",Gasoline,VOCs,233.0,,,,kg/ton-fuel,fuel consumed,integrated/technology-average,Korea,CAPSS inventory default,CAPSS using EEA factors; cargo integrated factors are annually fuel-sales weighted,,,capss_handbook_vi_mirror,"CAPSS VI Tables 8-12, 8-14, or 8-17",CAPSS_VI_needs_VII_diff,S = fuel sulfur content in percent. Freight/fishing/passenger categories share factors in CAPSS VI.,National Air Pollutant Emissions Estimation Method Handbook VI,2023,https://www.scribd.com/document/742589271/
EF00417,1.0.0,superseded_pending_capss_vii_diff,false,Transport,Shipping,"Leisure vessel, assumed 2-stroke",Gasoline,NH3,0.003,,,,kg/ton-fuel,fuel consumed,integrated/technology-average,Korea,CAPSS inventory default,CAPSS using EEA factors; cargo integrated factors are annually fuel-sales weighted,,,capss_handbook_vi_mirror,"CAPSS VI Tables 8-12, 8-14, or 8-17",CAPSS_VI_needs_VII_diff,S = fuel sulfur content in percent. Freight/fishing/passenger categories share factors in CAPSS VI.,National Air Pollutant Emissions Estimation Method Handbook VI,2023,https://www.scribd.com/document/742589271/
EF00418,1.0.0,superseded_pending_capss_vii_diff,false,Agriculture,Agricultural machinery,Power tiller,Diesel,CO,6.8,,,,g/kWh,rated power × load factor × operating hours,pre-2013 equipment schedule; CAPSS notes it applies these older factors broadly due data limitations,Korea,CAPSS inventory default,Domestic engine study with EEA/US EPA supplements,,,capss_handbook_vi_mirror,CAPSS VI Table 8-28,CAPSS_VI_needs_VII_diff,S = fuel sulfur content in percent. Several equipment classes proxy power-tiller factors.,National Air Pollutant Emissions Estimation Method Handbook VI,2023,https://www.scribd.com/document/742589271/
EF00419,1.0.0,superseded_pending_capss_vii_diff,false,Agriculture,Agricultural machinery,Power tiller,Diesel,NOx,13.6,,,,g/kWh,rated power × load factor × operating hours,pre-2013 equipment schedule; CAPSS notes it applies these older factors broadly due data limitations,Korea,CAPSS inventory default,Domestic engine study with EEA/US EPA supplements,,,capss_handbook_vi_mirror,CAPSS VI Table 8-28,CAPSS_VI_needs_VII_diff,S = fuel sulfur content in percent. Several equipment classes proxy power-tiller factors.,National Air Pollutant Emissions Estimation Method Handbook VI,2023,https://www.scribd.com/document/742589271/
EF00420,1.0.0,superseded_pending_capss_vii_diff,false,Agriculture,Agricultural machinery,Power tiller,Diesel,SOx,,5.42*S,,,g/kWh,rated power × load factor × operating hours,pre-2013 equipment schedule; CAPSS notes it applies these older factors broadly due data limitations,Korea,CAPSS inventory default,Domestic engine study with EEA/US EPA supplements,,,capss_handbook_vi_mirror,CAPSS VI Table 8-28,CAPSS_VI_needs_VII_diff,S = fuel sulfur content in percent. Several equipment classes proxy power-tiller factors.,National Air Pollutant Emissions Estimation Method Handbook VI,2023,https://www.scribd.com/document/742589271/
EF00421,1.0.0,superseded_pending_capss_vii_diff,false,Agriculture,Agricultural machinery,Power tiller,Diesel,TSP,1.36,,,,g/kWh,rated power × load factor × operating hours,pre-2013 equipment schedule; CAPSS notes it applies these older factors broadly due data limitations,Korea,CAPSS inventory default,Domestic engine study with EEA/US EPA supplements,,,capss_handbook_vi_mirror,CAPSS VI Table 8-28,CAPSS_VI_needs_VII_diff,S = fuel sulfur content in percent. Several equipment classes proxy power-tiller factors.,National Air Pollutant Emissions Estimation Method Handbook VI,2023,https://www.scribd.com/document/742589271/
EF00422,1.0.0,superseded_pending_capss_vii_diff,false,Agriculture,Agricultural machinery,Power tiller,Diesel,PM10,1.36,,,,g/kWh,rated power × load factor × operating hours,pre-2013 equipment schedule; CAPSS notes it applies these older factors broadly due data limitations,Korea,CAPSS inventory default,Domestic engine study with EEA/US EPA supplements,,,capss_handbook_vi_mirror,CAPSS VI Table 8-28,CAPSS_VI_needs_VII_diff,S = fuel sulfur content in percent. Several equipment classes proxy power-tiller factors.,National Air Pollutant Emissions Estimation Method Handbook VI,2023,https://www.scribd.com/document/742589271/
EF00423,1.0.0,superseded_pending_capss_vii_diff,false,Agriculture,Agricultural machinery,Power tiller,Diesel,PM2.5,1.251,,,,g/kWh,rated power × load factor × operating hours,pre-2013 equipment schedule; CAPSS notes it applies these older factors broadly due data limitations,Korea,CAPSS inventory default,Domestic engine study with EEA/US EPA supplements,,,capss_handbook_vi_mirror,CAPSS VI Table 8-28,CAPSS_VI_needs_VII_diff,S = fuel sulfur content in percent. Several equipment classes proxy power-tiller factors.,National Air Pollutant Emissions Estimation Method Handbook VI,2023,https://www.scribd.com/document/742589271/
EF00424,1.0.0,superseded_pending_capss_vii_diff,false,Agriculture,Agricultural machinery,Power tiller,Diesel,VOCs,2.04,,,,g/kWh,rated power × load factor × operating hours,pre-2013 equipment schedule; CAPSS notes it applies these older factors broadly due data limitations,Korea,CAPSS inventory default,Domestic engine study with EEA/US EPA supplements,,,capss_handbook_vi_mirror,CAPSS VI Table 8-28,CAPSS_VI_needs_VII_diff,S = fuel sulfur content in percent. Several equipment classes proxy power-tiller factors.,National Air Pollutant Emissions Estimation Method Handbook VI,2023,https://www.scribd.com/document/742589271/
EF00425,1.0.0,superseded_pending_capss_vii_diff,false,Agriculture,Agricultural machinery,Power tiller,Diesel,NH3,0.04,,,,g/kWh,rated power × load factor × operating hours,pre-2013 equipment schedule; CAPSS notes it applies these older factors broadly due data limitations,Korea,CAPSS inventory default,Domestic engine study with EEA/US EPA supplements,,,capss_handbook_vi_mirror,CAPSS VI Table 8-28,CAPSS_VI_needs_VII_diff,S = fuel sulfur content in percent. Several equipment classes proxy power-tiller factors.,National Air Pollutant Emissions Estimation Method Handbook VI,2023,https://www.scribd.com/document/742589271/
EF00426,1.0.0,superseded_pending_capss_vii_diff,false,Agriculture,Agricultural machinery,Combine harvester,Diesel,CO,3.44,,,,g/kWh,rated power × load factor × operating hours,pre-2013 equipment schedule; CAPSS notes it applies these older factors broadly due data limitations,Korea,CAPSS inventory default,Domestic engine study with EEA/US EPA supplements,,,capss_handbook_vi_mirror,CAPSS VI Table 8-28,CAPSS_VI_needs_VII_diff,S = fuel sulfur content in percent. Several equipment classes proxy power-tiller factors.,National Air Pollutant Emissions Estimation Method Handbook VI,2023,https://www.scribd.com/document/742589271/
EF00427,1.0.0,superseded_pending_capss_vii_diff,false,Agriculture,Agricultural machinery,Combine harvester,Diesel,NOx,6.36,,,,g/kWh,rated power × load factor × operating hours,pre-2013 equipment schedule; CAPSS notes it applies these older factors broadly due data limitations,Korea,CAPSS inventory default,Domestic engine study with EEA/US EPA supplements,,,capss_handbook_vi_mirror,CAPSS VI Table 8-28,CAPSS_VI_needs_VII_diff,S = fuel sulfur content in percent. Several equipment classes proxy power-tiller factors.,National Air Pollutant Emissions Estimation Method Handbook VI,2023,https://www.scribd.com/document/742589271/
EF00428,1.0.0,superseded_pending_capss_vii_diff,false,Agriculture,Agricultural machinery,Combine harvester,Diesel,SOx,,5.38*S,,,g/kWh,rated power × load factor × operating hours,pre-2013 equipment schedule; CAPSS notes it applies these older factors broadly due data limitations,Korea,CAPSS inventory default,Domestic engine study with EEA/US EPA supplements,,,capss_handbook_vi_mirror,CAPSS VI Table 8-28,CAPSS_VI_needs_VII_diff,S = fuel sulfur content in percent. Several equipment classes proxy power-tiller factors.,National Air Pollutant Emissions Estimation Method Handbook VI,2023,https://www.scribd.com/document/742589271/
EF00429,1.0.0,superseded_pending_capss_vii_diff,false,Agriculture,Agricultural machinery,Combine harvester,Diesel,TSP,0.77,,,,g/kWh,rated power × load factor × operating hours,pre-2013 equipment schedule; CAPSS notes it applies these older factors broadly due data limitations,Korea,CAPSS inventory default,Domestic engine study with EEA/US EPA supplements,,,capss_handbook_vi_mirror,CAPSS VI Table 8-28,CAPSS_VI_needs_VII_diff,S = fuel sulfur content in percent. Several equipment classes proxy power-tiller factors.,National Air Pollutant Emissions Estimation Method Handbook VI,2023,https://www.scribd.com/document/742589271/
EF00430,1.0.0,superseded_pending_capss_vii_diff,false,Agriculture,Agricultural machinery,Combine harvester,Diesel,PM10,0.77,,,,g/kWh,rated power × load factor × operating hours,pre-2013 equipment schedule; CAPSS notes it applies these older factors broadly due data limitations,Korea,CAPSS inventory default,Domestic engine study with EEA/US EPA supplements,,,capss_handbook_vi_mirror,CAPSS VI Table 8-28,CAPSS_VI_needs_VII_diff,S = fuel sulfur content in percent. Several equipment classes proxy power-tiller factors.,National Air Pollutant Emissions Estimation Method Handbook VI,2023,https://www.scribd.com/document/742589271/
EF00431,1.0.0,superseded_pending_capss_vii_diff,false,Agriculture,Agricultural machinery,Combine harvester,Diesel,PM2.5,0.708,,,,g/kWh,rated power × load factor × operating hours,pre-2013 equipment schedule; CAPSS notes it applies these older factors broadly due data limitations,Korea,CAPSS inventory default,Domestic engine study with EEA/US EPA supplements,,,capss_handbook_vi_mirror,CAPSS VI Table 8-28,CAPSS_VI_needs_VII_diff,S = fuel sulfur content in percent. Several equipment classes proxy power-tiller factors.,National Air Pollutant Emissions Estimation Method Handbook VI,2023,https://www.scribd.com/document/742589271/
EF00432,1.0.0,superseded_pending_capss_vii_diff,false,Agriculture,Agricultural machinery,Combine harvester,Diesel,VOCs,0.75,,,,g/kWh,rated power × load factor × operating hours,pre-2013 equipment schedule; CAPSS notes it applies these older factors broadly due data limitations,Korea,CAPSS inventory default,Domestic engine study with EEA/US EPA supplements,,,capss_handbook_vi_mirror,CAPSS VI Table 8-28,CAPSS_VI_needs_VII_diff,S = fuel sulfur content in percent. Several equipment classes proxy power-tiller factors.,National Air Pollutant Emissions Estimation Method Handbook VI,2023,https://www.scribd.com/document/742589271/
EF00433,1.0.0,superseded_pending_capss_vii_diff,false,Agriculture,Agricultural machinery,Combine harvester,Diesel,NH3,0.03,,,,g/kWh,rated power × load factor × operating hours,pre-2013 equipment schedule; CAPSS notes it applies these older factors broadly due data limitations,Korea,CAPSS inventory default,Domestic engine study with EEA/US EPA supplements,,,capss_handbook_vi_mirror,CAPSS VI Table 8-28,CAPSS_VI_needs_VII_diff,S = fuel sulfur content in percent. Several equipment classes proxy power-tiller factors.,National Air Pollutant Emissions Estimation Method Handbook VI,2023,https://www.scribd.com/document/742589271/
EF00434,1.0.0,superseded_pending_capss_vii_diff,false,Agriculture,Agricultural machinery,Sprayer,Diesel,CO,6.8,,,,g/kWh,rated power × load factor × operating hours,pre-2013 equipment schedule; CAPSS notes it applies these older factors broadly due data limitations,Korea,CAPSS inventory default,Domestic engine study with EEA/US EPA supplements,,,capss_handbook_vi_mirror,CAPSS VI Table 8-28,CAPSS_VI_needs_VII_diff,S = fuel sulfur content in percent. Several equipment classes proxy power-tiller factors.,National Air Pollutant Emissions Estimation Method Handbook VI,2023,https://www.scribd.com/document/742589271/
EF00435,1.0.0,superseded_pending_capss_vii_diff,false,Agriculture,Agricultural machinery,Sprayer,Diesel,NOx,13.6,,,,g/kWh,rated power × load factor × operating hours,pre-2013 equipment schedule; CAPSS notes it applies these older factors broadly due data limitations,Korea,CAPSS inventory default,Domestic engine study with EEA/US EPA supplements,,,capss_handbook_vi_mirror,CAPSS VI Table 8-28,CAPSS_VI_needs_VII_diff,S = fuel sulfur content in percent. Several equipment classes proxy power-tiller factors.,National Air Pollutant Emissions Estimation Method Handbook VI,2023,https://www.scribd.com/document/742589271/
EF00436,1.0.0,superseded_pending_capss_vii_diff,false,Agriculture,Agricultural machinery,Sprayer,Diesel,SOx,,5.42*S,,,g/kWh,rated power × load factor × operating hours,pre-2013 equipment schedule; CAPSS notes it applies these older factors broadly due data limitations,Korea,CAPSS inventory default,Domestic engine study with EEA/US EPA supplements,,,capss_handbook_vi_mirror,CAPSS VI Table 8-28,CAPSS_VI_needs_VII_diff,S = fuel sulfur content in percent. Several equipment classes proxy power-tiller factors.,National Air Pollutant Emissions Estimation Method Handbook VI,2023,https://www.scribd.com/document/742589271/
EF00437,1.0.0,superseded_pending_capss_vii_diff,false,Agriculture,Agricultural machinery,Sprayer,Diesel,TSP,1.36,,,,g/kWh,rated power × load factor × operating hours,pre-2013 equipment schedule; CAPSS notes it applies these older factors broadly due data limitations,Korea,CAPSS inventory default,Domestic engine study with EEA/US EPA supplements,,,capss_handbook_vi_mirror,CAPSS VI Table 8-28,CAPSS_VI_needs_VII_diff,S = fuel sulfur content in percent. Several equipment classes proxy power-tiller factors.,National Air Pollutant Emissions Estimation Method Handbook VI,2023,https://www.scribd.com/document/742589271/
EF00438,1.0.0,superseded_pending_capss_vii_diff,false,Agriculture,Agricultural machinery,Sprayer,Diesel,PM10,1.36,,,,g/kWh,rated power × load factor × operating hours,pre-2013 equipment schedule; CAPSS notes it applies these older factors broadly due data limitations,Korea,CAPSS inventory default,Domestic engine study with EEA/US EPA supplements,,,capss_handbook_vi_mirror,CAPSS VI Table 8-28,CAPSS_VI_needs_VII_diff,S = fuel sulfur content in percent. Several equipment classes proxy power-tiller factors.,National Air Pollutant Emissions Estimation Method Handbook VI,2023,https://www.scribd.com/document/742589271/
EF00439,1.0.0,superseded_pending_capss_vii_diff,false,Agriculture,Agricultural machinery,Sprayer,Diesel,PM2.5,1.251,,,,g/kWh,rated power × load factor × operating hours,pre-2013 equipment schedule; CAPSS notes it applies these older factors broadly due data limitations,Korea,CAPSS inventory default,Domestic engine study with EEA/US EPA supplements,,,capss_handbook_vi_mirror,CAPSS VI Table 8-28,CAPSS_VI_needs_VII_diff,S = fuel sulfur content in percent. Several equipment classes proxy power-tiller factors.,National Air Pollutant Emissions Estimation Method Handbook VI,2023,https://www.scribd.com/document/742589271/
EF00440,1.0.0,superseded_pending_capss_vii_diff,false,Agriculture,Agricultural machinery,Sprayer,Diesel,VOCs,2.04,,,,g/kWh,rated power × load factor × operating hours,pre-2013 equipment schedule; CAPSS notes it applies these older factors broadly due data limitations,Korea,CAPSS inventory default,Domestic engine study with EEA/US EPA supplements,,,capss_handbook_vi_mirror,CAPSS VI Table 8-28,CAPSS_VI_needs_VII_diff,S = fuel sulfur content in percent. Several equipment classes proxy power-tiller factors.,National Air Pollutant Emissions Estimation Method Handbook VI,2023,https://www.scribd.com/document/742589271/
EF00441,1.0.0,superseded_pending_capss_vii_diff,false,Agriculture,Agricultural machinery,Sprayer,Diesel,NH3,0.04,,,,g/kWh,rated power × load factor × operating hours,pre-2013 equipment schedule; CAPSS notes it applies these older factors broadly due data limitations,Korea,CAPSS inventory default,Domestic engine study with EEA/US EPA supplements,,,capss_handbook_vi_mirror,CAPSS VI Table 8-28,CAPSS_VI_needs_VII_diff,S = fuel sulfur content in percent. Several equipment classes proxy power-tiller factors.,National Air Pollutant Emissions Estimation Method Handbook VI,2023,https://www.scribd.com/document/742589271/
EF00442,1.0.0,superseded_pending_capss_vii_diff,false,Agriculture,Agricultural machinery,Water pump,Diesel,CO,6.8,,,,g/kWh,rated power × load factor × operating hours,pre-2013 equipment schedule; CAPSS notes it applies these older factors broadly due data limitations,Korea,CAPSS inventory default,Domestic engine study with EEA/US EPA supplements,,,capss_handbook_vi_mirror,CAPSS VI Table 8-28,CAPSS_VI_needs_VII_diff,S = fuel sulfur content in percent. Several equipment classes proxy power-tiller factors.,National Air Pollutant Emissions Estimation Method Handbook VI,2023,https://www.scribd.com/document/742589271/
EF00443,1.0.0,superseded_pending_capss_vii_diff,false,Agriculture,Agricultural machinery,Water pump,Diesel,NOx,13.6,,,,g/kWh,rated power × load factor × operating hours,pre-2013 equipment schedule; CAPSS notes it applies these older factors broadly due data limitations,Korea,CAPSS inventory default,Domestic engine study with EEA/US EPA supplements,,,capss_handbook_vi_mirror,CAPSS VI Table 8-28,CAPSS_VI_needs_VII_diff,S = fuel sulfur content in percent. Several equipment classes proxy power-tiller factors.,National Air Pollutant Emissions Estimation Method Handbook VI,2023,https://www.scribd.com/document/742589271/
EF00444,1.0.0,superseded_pending_capss_vii_diff,false,Agriculture,Agricultural machinery,Water pump,Diesel,SOx,,5.42*S,,,g/kWh,rated power × load factor × operating hours,pre-2013 equipment schedule; CAPSS notes it applies these older factors broadly due data limitations,Korea,CAPSS inventory default,Domestic engine study with EEA/US EPA supplements,,,capss_handbook_vi_mirror,CAPSS VI Table 8-28,CAPSS_VI_needs_VII_diff,S = fuel sulfur content in percent. Several equipment classes proxy power-tiller factors.,National Air Pollutant Emissions Estimation Method Handbook VI,2023,https://www.scribd.com/document/742589271/
EF00445,1.0.0,superseded_pending_capss_vii_diff,false,Agriculture,Agricultural machinery,Water pump,Diesel,TSP,1.36,,,,g/kWh,rated power × load factor × operating hours,pre-2013 equipment schedule; CAPSS notes it applies these older factors broadly due data limitations,Korea,CAPSS inventory default,Domestic engine study with EEA/US EPA supplements,,,capss_handbook_vi_mirror,CAPSS VI Table 8-28,CAPSS_VI_needs_VII_diff,S = fuel sulfur content in percent. Several equipment classes proxy power-tiller factors.,National Air Pollutant Emissions Estimation Method Handbook VI,2023,https://www.scribd.com/document/742589271/
EF00446,1.0.0,superseded_pending_capss_vii_diff,false,Agriculture,Agricultural machinery,Water pump,Diesel,PM10,1.36,,,,g/kWh,rated power × load factor × operating hours,pre-2013 equipment schedule; CAPSS notes it applies these older factors broadly due data limitations,Korea,CAPSS inventory default,Domestic engine study with EEA/US EPA supplements,,,capss_handbook_vi_mirror,CAPSS VI Table 8-28,CAPSS_VI_needs_VII_diff,S = fuel sulfur content in percent. Several equipment classes proxy power-tiller factors.,National Air Pollutant Emissions Estimation Method Handbook VI,2023,https://www.scribd.com/document/742589271/
EF00447,1.0.0,superseded_pending_capss_vii_diff,false,Agriculture,Agricultural machinery,Water pump,Diesel,PM2.5,1.251,,,,g/kWh,rated power × load factor × operating hours,pre-2013 equipment schedule; CAPSS notes it applies these older factors broadly due data limitations,Korea,CAPSS inventory default,Domestic engine study with EEA/US EPA supplements,,,capss_handbook_vi_mirror,CAPSS VI Table 8-28,CAPSS_VI_needs_VII_diff,S = fuel sulfur content in percent. Several equipment classes proxy power-tiller factors.,National Air Pollutant Emissions Estimation Method Handbook VI,2023,https://www.scribd.com/document/742589271/
EF00448,1.0.0,superseded_pending_capss_vii_diff,false,Agriculture,Agricultural machinery,Water pump,Diesel,VOCs,2.04,,,,g/kWh,rated power × load factor × operating hours,pre-2013 equipment schedule; CAPSS notes it applies these older factors broadly due data limitations,Korea,CAPSS inventory default,Domestic engine study with EEA/US EPA supplements,,,capss_handbook_vi_mirror,CAPSS VI Table 8-28,CAPSS_VI_needs_VII_diff,S = fuel sulfur content in percent. Several equipment classes proxy power-tiller factors.,National Air Pollutant Emissions Estimation Method Handbook VI,2023,https://www.scribd.com/document/742589271/
EF00449,1.0.0,superseded_pending_capss_vii_diff,false,Agriculture,Agricultural machinery,Water pump,Diesel,NH3,0.04,,,,g/kWh,rated power × load factor × operating hours,pre-2013 equipment schedule; CAPSS notes it applies these older factors broadly due data limitations,Korea,CAPSS inventory default,Domestic engine study with EEA/US EPA supplements,,,capss_handbook_vi_mirror,CAPSS VI Table 8-28,CAPSS_VI_needs_VII_diff,S = fuel sulfur content in percent. Several equipment classes proxy power-tiller factors.,National Air Pollutant Emissions Estimation Method Handbook VI,2023,https://www.scribd.com/document/742589271/
EF00450,1.0.0,superseded_pending_capss_vii_diff,false,Agriculture,Agricultural machinery,Thresher,Diesel,CO,6.8,,,,g/kWh,rated power × load factor × operating hours,pre-2013 equipment schedule; CAPSS notes it applies these older factors broadly due data limitations,Korea,CAPSS inventory default,Domestic engine study with EEA/US EPA supplements,,,capss_handbook_vi_mirror,CAPSS VI Table 8-28,CAPSS_VI_needs_VII_diff,S = fuel sulfur content in percent. Several equipment classes proxy power-tiller factors.,National Air Pollutant Emissions Estimation Method Handbook VI,2023,https://www.scribd.com/document/742589271/
EF00451,1.0.0,superseded_pending_capss_vii_diff,false,Agriculture,Agricultural machinery,Thresher,Diesel,NOx,13.6,,,,g/kWh,rated power × load factor × operating hours,pre-2013 equipment schedule; CAPSS notes it applies these older factors broadly due data limitations,Korea,CAPSS inventory default,Domestic engine study with EEA/US EPA supplements,,,capss_handbook_vi_mirror,CAPSS VI Table 8-28,CAPSS_VI_needs_VII_diff,S = fuel sulfur content in percent. Several equipment classes proxy power-tiller factors.,National Air Pollutant Emissions Estimation Method Handbook VI,2023,https://www.scribd.com/document/742589271/
EF00452,1.0.0,superseded_pending_capss_vii_diff,false,Agriculture,Agricultural machinery,Thresher,Diesel,SOx,,5.42*S,,,g/kWh,rated power × load factor × operating hours,pre-2013 equipment schedule; CAPSS notes it applies these older factors broadly due data limitations,Korea,CAPSS inventory default,Domestic engine study with EEA/US EPA supplements,,,capss_handbook_vi_mirror,CAPSS VI Table 8-28,CAPSS_VI_needs_VII_diff,S = fuel sulfur content in percent. Several equipment classes proxy power-tiller factors.,National Air Pollutant Emissions Estimation Method Handbook VI,2023,https://www.scribd.com/document/742589271/
EF00453,1.0.0,superseded_pending_capss_vii_diff,false,Agriculture,Agricultural machinery,Thresher,Diesel,TSP,1.36,,,,g/kWh,rated power × load factor × operating hours,pre-2013 equipment schedule; CAPSS notes it applies these older factors broadly due data limitations,Korea,CAPSS inventory default,Domestic engine study with EEA/US EPA supplements,,,capss_handbook_vi_mirror,CAPSS VI Table 8-28,CAPSS_VI_needs_VII_diff,S = fuel sulfur content in percent. Several equipment classes proxy power-tiller factors.,National Air Pollutant Emissions Estimation Method Handbook VI,2023,https://www.scribd.com/document/742589271/
EF00454,1.0.0,superseded_pending_capss_vii_diff,false,Agriculture,Agricultural machinery,Thresher,Diesel,PM10,1.36,,,,g/kWh,rated power × load factor × operating hours,pre-2013 equipment schedule; CAPSS notes it applies these older factors broadly due data limitations,Korea,CAPSS inventory default,Domestic engine study with EEA/US EPA supplements,,,capss_handbook_vi_mirror,CAPSS VI Table 8-28,CAPSS_VI_needs_VII_diff,S = fuel sulfur content in percent. Several equipment classes proxy power-tiller factors.,National Air Pollutant Emissions Estimation Method Handbook VI,2023,https://www.scribd.com/document/742589271/
EF00455,1.0.0,superseded_pending_capss_vii_diff,false,Agriculture,Agricultural machinery,Thresher,Diesel,PM2.5,1.251,,,,g/kWh,rated power × load factor × operating hours,pre-2013 equipment schedule; CAPSS notes it applies these older factors broadly due data limitations,Korea,CAPSS inventory default,Domestic engine study with EEA/US EPA supplements,,,capss_handbook_vi_mirror,CAPSS VI Table 8-28,CAPSS_VI_needs_VII_diff,S = fuel sulfur content in percent. Several equipment classes proxy power-tiller factors.,National Air Pollutant Emissions Estimation Method Handbook VI,2023,https://www.scribd.com/document/742589271/
EF00456,1.0.0,superseded_pending_capss_vii_diff,false,Agriculture,Agricultural machinery,Thresher,Diesel,VOCs,2.04,,,,g/kWh,rated power × load factor × operating hours,pre-2013 equipment schedule; CAPSS notes it applies these older factors broadly due data limitations,Korea,CAPSS inventory default,Domestic engine study with EEA/US EPA supplements,,,capss_handbook_vi_mirror,CAPSS VI Table 8-28,CAPSS_VI_needs_VII_diff,S = fuel sulfur content in percent. Several equipment classes proxy power-tiller factors.,National Air Pollutant Emissions Estimation Method Handbook VI,2023,https://www.scribd.com/document/742589271/
EF00457,1.0.0,superseded_pending_capss_vii_diff,false,Agriculture,Agricultural machinery,Thresher,Diesel,NH3,0.04,,,,g/kWh,rated power × load factor × operating hours,pre-2013 equipment schedule; CAPSS notes it applies these older factors broadly due data limitations,Korea,CAPSS inventory default,Domestic engine study with EEA/US EPA supplements,,,capss_handbook_vi_mirror,CAPSS VI Table 8-28,CAPSS_VI_needs_VII_diff,S = fuel sulfur content in percent. Several equipment classes proxy power-tiller factors.,National Air Pollutant Emissions Estimation Method Handbook VI,2023,https://www.scribd.com/document/742589271/
EF00458,1.0.0,superseded_pending_capss_vii_diff,false,Agriculture,Agricultural machinery,Seeder,Diesel,CO,6.8,,,,g/kWh,rated power × load factor × operating hours,pre-2013 equipment schedule; CAPSS notes it applies these older factors broadly due data limitations,Korea,CAPSS inventory default,Domestic engine study with EEA/US EPA supplements,,,capss_handbook_vi_mirror,CAPSS VI Table 8-28,CAPSS_VI_needs_VII_diff,S = fuel sulfur content in percent. Several equipment classes proxy power-tiller factors.,National Air Pollutant Emissions Estimation Method Handbook VI,2023,https://www.scribd.com/document/742589271/
EF00459,1.0.0,superseded_pending_capss_vii_diff,false,Agriculture,Agricultural machinery,Seeder,Diesel,NOx,13.6,,,,g/kWh,rated power × load factor × operating hours,pre-2013 equipment schedule; CAPSS notes it applies these older factors broadly due data limitations,Korea,CAPSS inventory default,Domestic engine study with EEA/US EPA supplements,,,capss_handbook_vi_mirror,CAPSS VI Table 8-28,CAPSS_VI_needs_VII_diff,S = fuel sulfur content in percent. Several equipment classes proxy power-tiller factors.,National Air Pollutant Emissions Estimation Method Handbook VI,2023,https://www.scribd.com/document/742589271/
EF00460,1.0.0,superseded_pending_capss_vii_diff,false,Agriculture,Agricultural machinery,Seeder,Diesel,SOx,,5.42*S,,,g/kWh,rated power × load factor × operating hours,pre-2013 equipment schedule; CAPSS notes it applies these older factors broadly due data limitations,Korea,CAPSS inventory default,Domestic engine study with EEA/US EPA supplements,,,capss_handbook_vi_mirror,CAPSS VI Table 8-28,CAPSS_VI_needs_VII_diff,S = fuel sulfur content in percent. Several equipment classes proxy power-tiller factors.,National Air Pollutant Emissions Estimation Method Handbook VI,2023,https://www.scribd.com/document/742589271/
EF00461,1.0.0,superseded_pending_capss_vii_diff,false,Agriculture,Agricultural machinery,Seeder,Diesel,TSP,1.36,,,,g/kWh,rated power × load factor × operating hours,pre-2013 equipment schedule; CAPSS notes it applies these older factors broadly due data limitations,Korea,CAPSS inventory default,Domestic engine study with EEA/US EPA supplements,,,capss_handbook_vi_mirror,CAPSS VI Table 8-28,CAPSS_VI_needs_VII_diff,S = fuel sulfur content in percent. Several equipment classes proxy power-tiller factors.,National Air Pollutant Emissions Estimation Method Handbook VI,2023,https://www.scribd.com/document/742589271/
EF00462,1.0.0,superseded_pending_capss_vii_diff,false,Agriculture,Agricultural machinery,Seeder,Diesel,PM10,1.36,,,,g/kWh,rated power × load factor × operating hours,pre-2013 equipment schedule; CAPSS notes it applies these older factors broadly due data limitations,Korea,CAPSS inventory default,Domestic engine study with EEA/US EPA supplements,,,capss_handbook_vi_mirror,CAPSS VI Table 8-28,CAPSS_VI_needs_VII_diff,S = fuel sulfur content in percent. Several equipment classes proxy power-tiller factors.,National Air Pollutant Emissions Estimation Method Handbook VI,2023,https://www.scribd.com/document/742589271/
EF00463,1.0.0,superseded_pending_capss_vii_diff,false,Agriculture,Agricultural machinery,Seeder,Diesel,PM2.5,1.251,,,,g/kWh,rated power × load factor × operating hours,pre-2013 equipment schedule; CAPSS notes it applies these older factors broadly due data limitations,Korea,CAPSS inventory default,Domestic engine study with EEA/US EPA supplements,,,capss_handbook_vi_mirror,CAPSS VI Table 8-28,CAPSS_VI_needs_VII_diff,S = fuel sulfur content in percent. Several equipment classes proxy power-tiller factors.,National Air Pollutant Emissions Estimation Method Handbook VI,2023,https://www.scribd.com/document/742589271/
EF00464,1.0.0,superseded_pending_capss_vii_diff,false,Agriculture,Agricultural machinery,Seeder,Diesel,VOCs,2.04,,,,g/kWh,rated power × load factor × operating hours,pre-2013 equipment schedule; CAPSS notes it applies these older factors broadly due data limitations,Korea,CAPSS inventory default,Domestic engine study with EEA/US EPA supplements,,,capss_handbook_vi_mirror,CAPSS VI Table 8-28,CAPSS_VI_needs_VII_diff,S = fuel sulfur content in percent. Several equipment classes proxy power-tiller factors.,National Air Pollutant Emissions Estimation Method Handbook VI,2023,https://www.scribd.com/document/742589271/
EF00465,1.0.0,superseded_pending_capss_vii_diff,false,Agriculture,Agricultural machinery,Seeder,Diesel,NH3,0.04,,,,g/kWh,rated power × load factor × operating hours,pre-2013 equipment schedule; CAPSS notes it applies these older factors broadly due data limitations,Korea,CAPSS inventory default,Domestic engine study with EEA/US EPA supplements,,,capss_handbook_vi_mirror,CAPSS VI Table 8-28,CAPSS_VI_needs_VII_diff,S = fuel sulfur content in percent. Several equipment classes proxy power-tiller factors.,National Air Pollutant Emissions Estimation Method Handbook VI,2023,https://www.scribd.com/document/742589271/
EF00466,1.0.0,superseded_pending_capss_vii_diff,false,Agriculture,Agricultural machinery,Tractor,Diesel,CO,2.48,,,,g/kWh,rated power × load factor × operating hours,pre-2013 equipment schedule; CAPSS notes it applies these older factors broadly due data limitations,Korea,CAPSS inventory default,Domestic engine study with EEA/US EPA supplements,,,capss_handbook_vi_mirror,CAPSS VI Table 8-28,CAPSS_VI_needs_VII_diff,S = fuel sulfur content in percent. Several equipment classes proxy power-tiller factors.,National Air Pollutant Emissions Estimation Method Handbook VI,2023,https://www.scribd.com/document/742589271/
EF00467,1.0.0,superseded_pending_capss_vii_diff,false,Agriculture,Agricultural machinery,Tractor,Diesel,NOx,7.84,,,,g/kWh,rated power × load factor × operating hours,pre-2013 equipment schedule; CAPSS notes it applies these older factors broadly due data limitations,Korea,CAPSS inventory default,Domestic engine study with EEA/US EPA supplements,,,capss_handbook_vi_mirror,CAPSS VI Table 8-28,CAPSS_VI_needs_VII_diff,S = fuel sulfur content in percent. Several equipment classes proxy power-tiller factors.,National Air Pollutant Emissions Estimation Method Handbook VI,2023,https://www.scribd.com/document/742589271/
EF00468,1.0.0,superseded_pending_capss_vii_diff,false,Agriculture,Agricultural machinery,Tractor,Diesel,SOx,,5.38*S,,,g/kWh,rated power × load factor × operating hours,pre-2013 equipment schedule; CAPSS notes it applies these older factors broadly due data limitations,Korea,CAPSS inventory default,Domestic engine study with EEA/US EPA supplements,,,capss_handbook_vi_mirror,CAPSS VI Table 8-28,CAPSS_VI_needs_VII_diff,S = fuel sulfur content in percent. Several equipment classes proxy power-tiller factors.,National Air Pollutant Emissions Estimation Method Handbook VI,2023,https://www.scribd.com/document/742589271/
EF00469,1.0.0,superseded_pending_capss_vii_diff,false,Agriculture,Agricultural machinery,Tractor,Diesel,TSP,0.39,,,,g/kWh,rated power × load factor × operating hours,pre-2013 equipment schedule; CAPSS notes it applies these older factors broadly due data limitations,Korea,CAPSS inventory default,Domestic engine study with EEA/US EPA supplements,,,capss_handbook_vi_mirror,CAPSS VI Table 8-28,CAPSS_VI_needs_VII_diff,S = fuel sulfur content in percent. Several equipment classes proxy power-tiller factors.,National Air Pollutant Emissions Estimation Method Handbook VI,2023,https://www.scribd.com/document/742589271/
EF00470,1.0.0,superseded_pending_capss_vii_diff,false,Agriculture,Agricultural machinery,Tractor,Diesel,PM10,0.39,,,,g/kWh,rated power × load factor × operating hours,pre-2013 equipment schedule; CAPSS notes it applies these older factors broadly due data limitations,Korea,CAPSS inventory default,Domestic engine study with EEA/US EPA supplements,,,capss_handbook_vi_mirror,CAPSS VI Table 8-28,CAPSS_VI_needs_VII_diff,S = fuel sulfur content in percent. Several equipment classes proxy power-tiller factors.,National Air Pollutant Emissions Estimation Method Handbook VI,2023,https://www.scribd.com/document/742589271/
EF00471,1.0.0,superseded_pending_capss_vii_diff,false,Agriculture,Agricultural machinery,Tractor,Diesel,PM2.5,0.359,,,,g/kWh,rated power × load factor × operating hours,pre-2013 equipment schedule; CAPSS notes it applies these older factors broadly due data limitations,Korea,CAPSS inventory default,Domestic engine study with EEA/US EPA supplements,,,capss_handbook_vi_mirror,CAPSS VI Table 8-28,CAPSS_VI_needs_VII_diff,S = fuel sulfur content in percent. Several equipment classes proxy power-tiller factors.,National Air Pollutant Emissions Estimation Method Handbook VI,2023,https://www.scribd.com/document/742589271/
EF00472,1.0.0,superseded_pending_capss_vii_diff,false,Agriculture,Agricultural machinery,Tractor,Diesel,VOCs,0.48,,,,g/kWh,rated power × load factor × operating hours,pre-2013 equipment schedule; CAPSS notes it applies these older factors broadly due data limitations,Korea,CAPSS inventory default,Domestic engine study with EEA/US EPA supplements,,,capss_handbook_vi_mirror,CAPSS VI Table 8-28,CAPSS_VI_needs_VII_diff,S = fuel sulfur content in percent. Several equipment classes proxy power-tiller factors.,National Air Pollutant Emissions Estimation Method Handbook VI,2023,https://www.scribd.com/document/742589271/
EF00473,1.0.0,superseded_pending_capss_vii_diff,false,Agriculture,Agricultural machinery,Tractor,Diesel,NH3,0.03,,,,g/kWh,rated power × load factor × operating hours,pre-2013 equipment schedule; CAPSS notes it applies these older factors broadly due data limitations,Korea,CAPSS inventory default,Domestic engine study with EEA/US EPA supplements,,,capss_handbook_vi_mirror,CAPSS VI Table 8-28,CAPSS_VI_needs_VII_diff,S = fuel sulfur content in percent. Several equipment classes proxy power-tiller factors.,National Air Pollutant Emissions Estimation Method Handbook VI,2023,https://www.scribd.com/document/742589271/
EF00474,1.0.0,superseded_pending_capss_vii_diff,false,Agriculture,Agricultural machinery,Rice transplanter,Diesel,CO,6.8,,,,g/kWh,rated power × load factor × operating hours,pre-2013 equipment schedule; CAPSS notes it applies these older factors broadly due data limitations,Korea,CAPSS inventory default,Domestic engine study with EEA/US EPA supplements,,,capss_handbook_vi_mirror,CAPSS VI Table 8-28,CAPSS_VI_needs_VII_diff,S = fuel sulfur content in percent. Several equipment classes proxy power-tiller factors.,National Air Pollutant Emissions Estimation Method Handbook VI,2023,https://www.scribd.com/document/742589271/
EF00475,1.0.0,superseded_pending_capss_vii_diff,false,Agriculture,Agricultural machinery,Rice transplanter,Diesel,NOx,13.6,,,,g/kWh,rated power × load factor × operating hours,pre-2013 equipment schedule; CAPSS notes it applies these older factors broadly due data limitations,Korea,CAPSS inventory default,Domestic engine study with EEA/US EPA supplements,,,capss_handbook_vi_mirror,CAPSS VI Table 8-28,CAPSS_VI_needs_VII_diff,S = fuel sulfur content in percent. Several equipment classes proxy power-tiller factors.,National Air Pollutant Emissions Estimation Method Handbook VI,2023,https://www.scribd.com/document/742589271/
EF00476,1.0.0,superseded_pending_capss_vii_diff,false,Agriculture,Agricultural machinery,Rice transplanter,Diesel,SOx,,5.42*S,,,g/kWh,rated power × load factor × operating hours,pre-2013 equipment schedule; CAPSS notes it applies these older factors broadly due data limitations,Korea,CAPSS inventory default,Domestic engine study with EEA/US EPA supplements,,,capss_handbook_vi_mirror,CAPSS VI Table 8-28,CAPSS_VI_needs_VII_diff,S = fuel sulfur content in percent. Several equipment classes proxy power-tiller factors.,National Air Pollutant Emissions Estimation Method Handbook VI,2023,https://www.scribd.com/document/742589271/
EF00477,1.0.0,superseded_pending_capss_vii_diff,false,Agriculture,Agricultural machinery,Rice transplanter,Diesel,TSP,1.36,,,,g/kWh,rated power × load factor × operating hours,pre-2013 equipment schedule; CAPSS notes it applies these older factors broadly due data limitations,Korea,CAPSS inventory default,Domestic engine study with EEA/US EPA supplements,,,capss_handbook_vi_mirror,CAPSS VI Table 8-28,CAPSS_VI_needs_VII_diff,S = fuel sulfur content in percent. Several equipment classes proxy power-tiller factors.,National Air Pollutant Emissions Estimation Method Handbook VI,2023,https://www.scribd.com/document/742589271/
EF00478,1.0.0,superseded_pending_capss_vii_diff,false,Agriculture,Agricultural machinery,Rice transplanter,Diesel,PM10,1.36,,,,g/kWh,rated power × load factor × operating hours,pre-2013 equipment schedule; CAPSS notes it applies these older factors broadly due data limitations,Korea,CAPSS inventory default,Domestic engine study with EEA/US EPA supplements,,,capss_handbook_vi_mirror,CAPSS VI Table 8-28,CAPSS_VI_needs_VII_diff,S = fuel sulfur content in percent. Several equipment classes proxy power-tiller factors.,National Air Pollutant Emissions Estimation Method Handbook VI,2023,https://www.scribd.com/document/742589271/
EF00479,1.0.0,superseded_pending_capss_vii_diff,false,Agriculture,Agricultural machinery,Rice transplanter,Diesel,PM2.5,1.251,,,,g/kWh,rated power × load factor × operating hours,pre-2013 equipment schedule; CAPSS notes it applies these older factors broadly due data limitations,Korea,CAPSS inventory default,Domestic engine study with EEA/US EPA supplements,,,capss_handbook_vi_mirror,CAPSS VI Table 8-28,CAPSS_VI_needs_VII_diff,S = fuel sulfur content in percent. Several equipment classes proxy power-tiller factors.,National Air Pollutant Emissions Estimation Method Handbook VI,2023,https://www.scribd.com/document/742589271/
EF00480,1.0.0,superseded_pending_capss_vii_diff,false,Agriculture,Agricultural machinery,Rice transplanter,Diesel,VOCs,2.04,,,,g/kWh,rated power × load factor × operating hours,pre-2013 equipment schedule; CAPSS notes it applies these older factors broadly due data limitations,Korea,CAPSS inventory default,Domestic engine study with EEA/US EPA supplements,,,capss_handbook_vi_mirror,CAPSS VI Table 8-28,CAPSS_VI_needs_VII_diff,S = fuel sulfur content in percent. Several equipment classes proxy power-tiller factors.,National Air Pollutant Emissions Estimation Method Handbook VI,2023,https://www.scribd.com/document/742589271/
EF00481,1.0.0,superseded_pending_capss_vii_diff,false,Agriculture,Agricultural machinery,Rice transplanter,Diesel,NH3,0.04,,,,g/kWh,rated power × load factor × operating hours,pre-2013 equipment schedule; CAPSS notes it applies these older factors broadly due data limitations,Korea,CAPSS inventory default,Domestic engine study with EEA/US EPA supplements,,,capss_handbook_vi_mirror,CAPSS VI Table 8-28,CAPSS_VI_needs_VII_diff,S = fuel sulfur content in percent. Several equipment classes proxy power-tiller factors.,National Air Pollutant Emissions Estimation Method Handbook VI,2023,https://www.scribd.com/document/742589271/
EF00482,1.0.0,superseded_pending_capss_vii_diff,false,Construction,Construction equipment,"Bulldozer Tier 1, 19<=P<37, before 2007",Diesel,CO,4.1,,,,g/kWh,rated power × load factor × operating hours,Tier 1,Korea,CAPSS inventory default,CAPSS engine-tier schedule,,,capss_handbook_vi_mirror,CAPSS VI Table 8-36 (partial extraction: bulldozer schedule),partial_table_needs_full_extraction,Partial representative extraction only; full equipment-by-tier table remains to be transcribed. S = sulfur percent.,National Air Pollutant Emissions Estimation Method Handbook VI,2023,https://www.scribd.com/document/742589271/
EF00483,1.0.0,superseded_pending_capss_vii_diff,false,Construction,Construction equipment,"Bulldozer Tier 1, 19<=P<37, before 2007",Diesel,NOx,9.7,,,,g/kWh,rated power × load factor × operating hours,Tier 1,Korea,CAPSS inventory default,CAPSS engine-tier schedule,,,capss_handbook_vi_mirror,CAPSS VI Table 8-36 (partial extraction: bulldozer schedule),partial_table_needs_full_extraction,Partial representative extraction only; full equipment-by-tier table remains to be transcribed. S = sulfur percent.,National Air Pollutant Emissions Estimation Method Handbook VI,2023,https://www.scribd.com/document/742589271/
EF00484,1.0.0,superseded_pending_capss_vii_diff,false,Construction,Construction equipment,"Bulldozer Tier 1, 19<=P<37, before 2007",Diesel,SOx,,5.38*S,,,g/kWh,rated power × load factor × operating hours,Tier 1,Korea,CAPSS inventory default,CAPSS engine-tier schedule,,,capss_handbook_vi_mirror,CAPSS VI Table 8-36 (partial extraction: bulldozer schedule),partial_table_needs_full_extraction,Partial representative extraction only; full equipment-by-tier table remains to be transcribed. S = sulfur percent.,National Air Pollutant Emissions Estimation Method Handbook VI,2023,https://www.scribd.com/document/742589271/
EF00485,1.0.0,superseded_pending_capss_vii_diff,false,Construction,Construction equipment,"Bulldozer Tier 1, 19<=P<37, before 2007",Diesel,PM10,0.48,,,,g/kWh,rated power × load factor × operating hours,Tier 1,Korea,CAPSS inventory default,CAPSS engine-tier schedule,,,capss_handbook_vi_mirror,CAPSS VI Table 8-36 (partial extraction: bulldozer schedule),partial_table_needs_full_extraction,Partial representative extraction only; full equipment-by-tier table remains to be transcribed. S = sulfur percent.,National Air Pollutant Emissions Estimation Method Handbook VI,2023,https://www.scribd.com/document/742589271/
EF00486,1.0.0,superseded_pending_capss_vii_diff,false,Construction,Construction equipment,"Bulldozer Tier 1, 19<=P<37, before 2007",Diesel,PM2.5,,0.92*PM10,,,g/kWh,rated power × load factor × operating hours,Tier 1,Korea,CAPSS inventory default,CAPSS engine-tier schedule,,,capss_handbook_vi_mirror,CAPSS VI Table 8-36 (partial extraction: bulldozer schedule),partial_table_needs_full_extraction,Partial representative extraction only; full equipment-by-tier table remains to be transcribed. S = sulfur percent.,National Air Pollutant Emissions Estimation Method Handbook VI,2023,https://www.scribd.com/document/742589271/
EF00487,1.0.0,superseded_pending_capss_vii_diff,false,Construction,Construction equipment,"Bulldozer Tier 1, 19<=P<37, before 2007",Diesel,VOCs,1.23,,,,g/kWh,rated power × load factor × operating hours,Tier 1,Korea,CAPSS inventory default,CAPSS engine-tier schedule,,,capss_handbook_vi_mirror,CAPSS VI Table 8-36 (partial extraction: bulldozer schedule),partial_table_needs_full_extraction,Partial representative extraction only; full equipment-by-tier table remains to be transcribed. S = sulfur percent.,National Air Pollutant Emissions Estimation Method Handbook VI,2023,https://www.scribd.com/document/742589271/
EF00488,1.0.0,superseded_pending_capss_vii_diff,false,Construction,Construction equipment,"Bulldozer Tier 1, 19<=P<37, before 2007",Diesel,NH3,0.002,,,,g/kWh,rated power × load factor × operating hours,Tier 1,Korea,CAPSS inventory default,CAPSS engine-tier schedule,,,capss_handbook_vi_mirror,CAPSS VI Table 8-36 (partial extraction: bulldozer schedule),partial_table_needs_full_extraction,Partial representative extraction only; full equipment-by-tier table remains to be transcribed. S = sulfur percent.,National Air Pollutant Emissions Estimation Method Handbook VI,2023,https://www.scribd.com/document/742589271/
EF00489,1.0.0,superseded_pending_capss_vii_diff,false,Construction,Construction equipment,"Bulldozer Tier 1, 37<=P<75, before 2007",Diesel,CO,4.1,,,,g/kWh,rated power × load factor × operating hours,Tier 1,Korea,CAPSS inventory default,CAPSS engine-tier schedule,,,capss_handbook_vi_mirror,CAPSS VI Table 8-36 (partial extraction: bulldozer schedule),partial_table_needs_full_extraction,Partial representative extraction only; full equipment-by-tier table remains to be transcribed. S = sulfur percent.,National Air Pollutant Emissions Estimation Method Handbook VI,2023,https://www.scribd.com/document/742589271/
EF00490,1.0.0,superseded_pending_capss_vii_diff,false,Construction,Construction equipment,"Bulldozer Tier 1, 37<=P<75, before 2007",Diesel,NOx,9.7,,,,g/kWh,rated power × load factor × operating hours,Tier 1,Korea,CAPSS inventory default,CAPSS engine-tier schedule,,,capss_handbook_vi_mirror,CAPSS VI Table 8-36 (partial extraction: bulldozer schedule),partial_table_needs_full_extraction,Partial representative extraction only; full equipment-by-tier table remains to be transcribed. S = sulfur percent.,National Air Pollutant Emissions Estimation Method Handbook VI,2023,https://www.scribd.com/document/742589271/
EF00491,1.0.0,superseded_pending_capss_vii_diff,false,Construction,Construction equipment,"Bulldozer Tier 1, 37<=P<75, before 2007",Diesel,SOx,,5.30*S,,,g/kWh,rated power × load factor × operating hours,Tier 1,Korea,CAPSS inventory default,CAPSS engine-tier schedule,,,capss_handbook_vi_mirror,CAPSS VI Table 8-36 (partial extraction: bulldozer schedule),partial_table_needs_full_extraction,Partial representative extraction only; full equipment-by-tier table remains to be transcribed. S = sulfur percent.,National Air Pollutant Emissions Estimation Method Handbook VI,2023,https://www.scribd.com/document/742589271/
EF00492,1.0.0,superseded_pending_capss_vii_diff,false,Construction,Construction equipment,"Bulldozer Tier 1, 37<=P<75, before 2007",Diesel,PM10,0.36,,,,g/kWh,rated power × load factor × operating hours,Tier 1,Korea,CAPSS inventory default,CAPSS engine-tier schedule,,,capss_handbook_vi_mirror,CAPSS VI Table 8-36 (partial extraction: bulldozer schedule),partial_table_needs_full_extraction,Partial representative extraction only; full equipment-by-tier table remains to be transcribed. S = sulfur percent.,National Air Pollutant Emissions Estimation Method Handbook VI,2023,https://www.scribd.com/document/742589271/
EF00493,1.0.0,superseded_pending_capss_vii_diff,false,Construction,Construction equipment,"Bulldozer Tier 1, 37<=P<75, before 2007",Diesel,PM2.5,,0.92*PM10,,,g/kWh,rated power × load factor × operating hours,Tier 1,Korea,CAPSS inventory default,CAPSS engine-tier schedule,,,capss_handbook_vi_mirror,CAPSS VI Table 8-36 (partial extraction: bulldozer schedule),partial_table_needs_full_extraction,Partial representative extraction only; full equipment-by-tier table remains to be transcribed. S = sulfur percent.,National Air Pollutant Emissions Estimation Method Handbook VI,2023,https://www.scribd.com/document/742589271/
EF00494,1.0.0,superseded_pending_capss_vii_diff,false,Construction,Construction equipment,"Bulldozer Tier 1, 37<=P<75, before 2007",Diesel,VOCs,1.23,,,,g/kWh,rated power × load factor × operating hours,Tier 1,Korea,CAPSS inventory default,CAPSS engine-tier schedule,,,capss_handbook_vi_mirror,CAPSS VI Table 8-36 (partial extraction: bulldozer schedule),partial_table_needs_full_extraction,Partial representative extraction only; full equipment-by-tier table remains to be transcribed. S = sulfur percent.,National Air Pollutant Emissions Estimation Method Handbook VI,2023,https://www.scribd.com/document/742589271/
EF00495,1.0.0,superseded_pending_capss_vii_diff,false,Construction,Construction equipment,"Bulldozer Tier 1, 37<=P<75, before 2007",Diesel,NH3,0.002,,,,g/kWh,rated power × load factor × operating hours,Tier 1,Korea,CAPSS inventory default,CAPSS engine-tier schedule,,,capss_handbook_vi_mirror,CAPSS VI Table 8-36 (partial extraction: bulldozer schedule),partial_table_needs_full_extraction,Partial representative extraction only; full equipment-by-tier table remains to be transcribed. S = sulfur percent.,National Air Pollutant Emissions Estimation Method Handbook VI,2023,https://www.scribd.com/document/742589271/
EF00496,1.0.0,superseded_pending_capss_vii_diff,false,Construction,Construction equipment,"Bulldozer Tier 1, 75<=P<130, before 2006",Diesel,CO,3.73,,,,g/kWh,rated power × load factor × operating hours,Tier 1,Korea,CAPSS inventory default,CAPSS engine-tier schedule,,,capss_handbook_vi_mirror,CAPSS VI Table 8-36 (partial extraction: bulldozer schedule),partial_table_needs_full_extraction,Partial representative extraction only; full equipment-by-tier table remains to be transcribed. S = sulfur percent.,National Air Pollutant Emissions Estimation Method Handbook VI,2023,https://www.scribd.com/document/742589271/
EF00497,1.0.0,superseded_pending_capss_vii_diff,false,Construction,Construction equipment,"Bulldozer Tier 1, 75<=P<130, before 2006",Diesel,NOx,9.7,,,,g/kWh,rated power × load factor × operating hours,Tier 1,Korea,CAPSS inventory default,CAPSS engine-tier schedule,,,capss_handbook_vi_mirror,CAPSS VI Table 8-36 (partial extraction: bulldozer schedule),partial_table_needs_full_extraction,Partial representative extraction only; full equipment-by-tier table remains to be transcribed. S = sulfur percent.,National Air Pollutant Emissions Estimation Method Handbook VI,2023,https://www.scribd.com/document/742589271/
EF00498,1.0.0,superseded_pending_capss_vii_diff,false,Construction,Construction equipment,"Bulldozer Tier 1, 75<=P<130, before 2006",Diesel,SOx,,5.20*S,,,g/kWh,rated power × load factor × operating hours,Tier 1,Korea,CAPSS inventory default,CAPSS engine-tier schedule,,,capss_handbook_vi_mirror,CAPSS VI Table 8-36 (partial extraction: bulldozer schedule),partial_table_needs_full_extraction,Partial representative extraction only; full equipment-by-tier table remains to be transcribed. S = sulfur percent.,National Air Pollutant Emissions Estimation Method Handbook VI,2023,https://www.scribd.com/document/742589271/
EF00499,1.0.0,superseded_pending_capss_vii_diff,false,Construction,Construction equipment,"Bulldozer Tier 1, 75<=P<130, before 2006",Diesel,PM10,0.36,,,,g/kWh,rated power × load factor × operating hours,Tier 1,Korea,CAPSS inventory default,CAPSS engine-tier schedule,,,capss_handbook_vi_mirror,CAPSS VI Table 8-36 (partial extraction: bulldozer schedule),partial_table_needs_full_extraction,Partial representative extraction only; full equipment-by-tier table remains to be transcribed. S = sulfur percent.,National Air Pollutant Emissions Estimation Method Handbook VI,2023,https://www.scribd.com/document/742589271/
EF00500,1.0.0,superseded_pending_capss_vii_diff,false,Construction,Construction equipment,"Bulldozer Tier 1, 75<=P<130, before 2006",Diesel,PM2.5,,0.92*PM10,,,g/kWh,rated power × load factor × operating hours,Tier 1,Korea,CAPSS inventory default,CAPSS engine-tier schedule,,,capss_handbook_vi_mirror,CAPSS VI Table 8-36 (partial extraction: bulldozer schedule),partial_table_needs_full_extraction,Partial representative extraction only; full equipment-by-tier table remains to be transcribed. S = sulfur percent.,National Air Pollutant Emissions Estimation Method Handbook VI,2023,https://www.scribd.com/document/742589271/
EF00501,1.0.0,superseded_pending_capss_vii_diff,false,Construction,Construction equipment,"Bulldozer Tier 1, 75<=P<130, before 2006",Diesel,VOCs,1.23,,,,g/kWh,rated power × load factor × operating hours,Tier 1,Korea,CAPSS inventory default,CAPSS engine-tier schedule,,,capss_handbook_vi_mirror,CAPSS VI Table 8-36 (partial extraction: bulldozer schedule),partial_table_needs_full_extraction,Partial representative extraction only; full equipment-by-tier table remains to be transcribed. S = sulfur percent.,National Air Pollutant Emissions Estimation Method Handbook VI,2023,https://www.scribd.com/document/742589271/
EF00502,1.0.0,superseded_pending_capss_vii_diff,false,Construction,Construction equipment,"Bulldozer Tier 1, 75<=P<130, before 2006",Diesel,NH3,0.002,,,,g/kWh,rated power × load factor × operating hours,Tier 1,Korea,CAPSS inventory default,CAPSS engine-tier schedule,,,capss_handbook_vi_mirror,CAPSS VI Table 8-36 (partial extraction: bulldozer schedule),partial_table_needs_full_extraction,Partial representative extraction only; full equipment-by-tier table remains to be transcribed. S = sulfur percent.,National Air Pollutant Emissions Estimation Method Handbook VI,2023,https://www.scribd.com/document/742589271/
EF00503,1.0.0,superseded_pending_capss_vii_diff,false,Construction,Construction equipment,"Bulldozer Tier 1, 130<=P<560, before 2005",Diesel,CO,3.73,,,,g/kWh,rated power × load factor × operating hours,Tier 1,Korea,CAPSS inventory default,CAPSS engine-tier schedule,,,capss_handbook_vi_mirror,CAPSS VI Table 8-36 (partial extraction: bulldozer schedule),partial_table_needs_full_extraction,Partial representative extraction only; full equipment-by-tier table remains to be transcribed. S = sulfur percent.,National Air Pollutant Emissions Estimation Method Handbook VI,2023,https://www.scribd.com/document/742589271/
EF00504,1.0.0,superseded_pending_capss_vii_diff,false,Construction,Construction equipment,"Bulldozer Tier 1, 130<=P<560, before 2005",Diesel,NOx,9.7,,,,g/kWh,rated power × load factor × operating hours,Tier 1,Korea,CAPSS inventory default,CAPSS engine-tier schedule,,,capss_handbook_vi_mirror,CAPSS VI Table 8-36 (partial extraction: bulldozer schedule),partial_table_needs_full_extraction,Partial representative extraction only; full equipment-by-tier table remains to be transcribed. S = sulfur percent.,National Air Pollutant Emissions Estimation Method Handbook VI,2023,https://www.scribd.com/document/742589271/
EF00505,1.0.0,superseded_pending_capss_vii_diff,false,Construction,Construction equipment,"Bulldozer Tier 1, 130<=P<560, before 2005",Diesel,SOx,,5.08*S,,,g/kWh,rated power × load factor × operating hours,Tier 1,Korea,CAPSS inventory default,CAPSS engine-tier schedule,,,capss_handbook_vi_mirror,CAPSS VI Table 8-36 (partial extraction: bulldozer schedule),partial_table_needs_full_extraction,Partial representative extraction only; full equipment-by-tier table remains to be transcribed. S = sulfur percent.,National Air Pollutant Emissions Estimation Method Handbook VI,2023,https://www.scribd.com/document/742589271/
EF00506,1.0.0,superseded_pending_capss_vii_diff,false,Construction,Construction equipment,"Bulldozer Tier 1, 130<=P<560, before 2005",Diesel,PM10,0.32,,,,g/kWh,rated power × load factor × operating hours,Tier 1,Korea,CAPSS inventory default,CAPSS engine-tier schedule,,,capss_handbook_vi_mirror,CAPSS VI Table 8-36 (partial extraction: bulldozer schedule),partial_table_needs_full_extraction,Partial representative extraction only; full equipment-by-tier table remains to be transcribed. S = sulfur percent.,National Air Pollutant Emissions Estimation Method Handbook VI,2023,https://www.scribd.com/document/742589271/
EF00507,1.0.0,superseded_pending_capss_vii_diff,false,Construction,Construction equipment,"Bulldozer Tier 1, 130<=P<560, before 2005",Diesel,PM2.5,,0.92*PM10,,,g/kWh,rated power × load factor × operating hours,Tier 1,Korea,CAPSS inventory default,CAPSS engine-tier schedule,,,capss_handbook_vi_mirror,CAPSS VI Table 8-36 (partial extraction: bulldozer schedule),partial_table_needs_full_extraction,Partial representative extraction only; full equipment-by-tier table remains to be transcribed. S = sulfur percent.,National Air Pollutant Emissions Estimation Method Handbook VI,2023,https://www.scribd.com/document/742589271/
EF00508,1.0.0,superseded_pending_capss_vii_diff,false,Construction,Construction equipment,"Bulldozer Tier 1, 130<=P<560, before 2005",Diesel,VOCs,1.23,,,,g/kWh,rated power × load factor × operating hours,Tier 1,Korea,CAPSS inventory default,CAPSS engine-tier schedule,,,capss_handbook_vi_mirror,CAPSS VI Table 8-36 (partial extraction: bulldozer schedule),partial_table_needs_full_extraction,Partial representative extraction only; full equipment-by-tier table remains to be transcribed. S = sulfur percent.,National Air Pollutant Emissions Estimation Method Handbook VI,2023,https://www.scribd.com/document/742589271/
EF00509,1.0.0,superseded_pending_capss_vii_diff,false,Construction,Construction equipment,"Bulldozer Tier 1, 130<=P<560, before 2005",Diesel,NH3,0.002,,,,g/kWh,rated power × load factor × operating hours,Tier 1,Korea,CAPSS inventory default,CAPSS engine-tier schedule,,,capss_handbook_vi_mirror,CAPSS VI Table 8-36 (partial extraction: bulldozer schedule),partial_table_needs_full_extraction,Partial representative extraction only; full equipment-by-tier table remains to be transcribed. S = sulfur percent.,National Air Pollutant Emissions Estimation Method Handbook VI,2023,https://www.scribd.com/document/742589271/
EF00510,1.0.0,superseded_pending_capss_vii_diff,false,Construction,Construction equipment,"Bulldozer Tier 2, 19<=P<37, 2007+",Diesel,CO,1.81,,,,g/kWh,rated power × load factor × operating hours,Tier 2,Korea,CAPSS inventory default,CAPSS engine-tier schedule,,,capss_handbook_vi_mirror,CAPSS VI Table 8-36 (partial extraction: bulldozer schedule),partial_table_needs_full_extraction,Partial representative extraction only; full equipment-by-tier table remains to be transcribed. S = sulfur percent.,National Air Pollutant Emissions Estimation Method Handbook VI,2023,https://www.scribd.com/document/742589271/
EF00511,1.0.0,superseded_pending_capss_vii_diff,false,Construction,Construction equipment,"Bulldozer Tier 2, 19<=P<37, 2007+",Diesel,NOx,5.23,,,,g/kWh,rated power × load factor × operating hours,Tier 2,Korea,CAPSS inventory default,CAPSS engine-tier schedule,,,capss_handbook_vi_mirror,CAPSS VI Table 8-36 (partial extraction: bulldozer schedule),partial_table_needs_full_extraction,Partial representative extraction only; full equipment-by-tier table remains to be transcribed. S = sulfur percent.,National Air Pollutant Emissions Estimation Method Handbook VI,2023,https://www.scribd.com/document/742589271/
EF00512,1.0.0,superseded_pending_capss_vii_diff,false,Construction,Construction equipment,"Bulldozer Tier 2, 19<=P<37, 2007+",Diesel,SOx,,5.38*S,,,g/kWh,rated power × load factor × operating hours,Tier 2,Korea,CAPSS inventory default,CAPSS engine-tier schedule,,,capss_handbook_vi_mirror,CAPSS VI Table 8-36 (partial extraction: bulldozer schedule),partial_table_needs_full_extraction,Partial representative extraction only; full equipment-by-tier table remains to be transcribed. S = sulfur percent.,National Air Pollutant Emissions Estimation Method Handbook VI,2023,https://www.scribd.com/document/742589271/
EF00513,1.0.0,superseded_pending_capss_vii_diff,false,Construction,Construction equipment,"Bulldozer Tier 2, 19<=P<37, 2007+",Diesel,PM10,0.37,,,,g/kWh,rated power × load factor × operating hours,Tier 2,Korea,CAPSS inventory default,CAPSS engine-tier schedule,,,capss_handbook_vi_mirror,CAPSS VI Table 8-36 (partial extraction: bulldozer schedule),partial_table_needs_full_extraction,Partial representative extraction only; full equipment-by-tier table remains to be transcribed. S = sulfur percent.,National Air Pollutant Emissions Estimation Method Handbook VI,2023,https://www.scribd.com/document/742589271/
EF00514,1.0.0,superseded_pending_capss_vii_diff,false,Construction,Construction equipment,"Bulldozer Tier 2, 19<=P<37, 2007+",Diesel,PM2.5,,0.92*PM10,,,g/kWh,rated power × load factor × operating hours,Tier 2,Korea,CAPSS inventory default,CAPSS engine-tier schedule,,,capss_handbook_vi_mirror,CAPSS VI Table 8-36 (partial extraction: bulldozer schedule),partial_table_needs_full_extraction,Partial representative extraction only; full equipment-by-tier table remains to be transcribed. S = sulfur percent.,National Air Pollutant Emissions Estimation Method Handbook VI,2023,https://www.scribd.com/document/742589271/
EF00515,1.0.0,superseded_pending_capss_vii_diff,false,Construction,Construction equipment,"Bulldozer Tier 2, 19<=P<37, 2007+",Diesel,VOCs,0.4,,,,g/kWh,rated power × load factor × operating hours,Tier 2,Korea,CAPSS inventory default,CAPSS engine-tier schedule,,,capss_handbook_vi_mirror,CAPSS VI Table 8-36 (partial extraction: bulldozer schedule),partial_table_needs_full_extraction,Partial representative extraction only; full equipment-by-tier table remains to be transcribed. S = sulfur percent.,National Air Pollutant Emissions Estimation Method Handbook VI,2023,https://www.scribd.com/document/742589271/
EF00516,1.0.0,superseded_pending_capss_vii_diff,false,Construction,Construction equipment,"Bulldozer Tier 2, 19<=P<37, 2007+",Diesel,NH3,0.002,,,,g/kWh,rated power × load factor × operating hours,Tier 2,Korea,CAPSS inventory default,CAPSS engine-tier schedule,,,capss_handbook_vi_mirror,CAPSS VI Table 8-36 (partial extraction: bulldozer schedule),partial_table_needs_full_extraction,Partial representative extraction only; full equipment-by-tier table remains to be transcribed. S = sulfur percent.,National Air Pollutant Emissions Estimation Method Handbook VI,2023,https://www.scribd.com/document/742589271/
EF00517,1.0.0,superseded_pending_capss_vii_diff,false,Construction,Construction equipment,"Bulldozer Tier 2, 37<=P<75, 2007+",Diesel,CO,1.65,,,,g/kWh,rated power × load factor × operating hours,Tier 2,Korea,CAPSS inventory default,CAPSS engine-tier schedule,,,capss_handbook_vi_mirror,CAPSS VI Table 8-36 (partial extraction: bulldozer schedule),partial_table_needs_full_extraction,Partial representative extraction only; full equipment-by-tier table remains to be transcribed. S = sulfur percent.,National Air Pollutant Emissions Estimation Method Handbook VI,2023,https://www.scribd.com/document/742589271/
EF00518,1.0.0,superseded_pending_capss_vii_diff,false,Construction,Construction equipment,"Bulldozer Tier 2, 37<=P<75, 2007+",Diesel,NOx,5.23,,,,g/kWh,rated power × load factor × operating hours,Tier 2,Korea,CAPSS inventory default,CAPSS engine-tier schedule,,,capss_handbook_vi_mirror,CAPSS VI Table 8-36 (partial extraction: bulldozer schedule),partial_table_needs_full_extraction,Partial representative extraction only; full equipment-by-tier table remains to be transcribed. S = sulfur percent.,National Air Pollutant Emissions Estimation Method Handbook VI,2023,https://www.scribd.com/document/742589271/
EF00519,1.0.0,superseded_pending_capss_vii_diff,false,Construction,Construction equipment,"Bulldozer Tier 2, 37<=P<75, 2007+",Diesel,SOx,,5.30*S,,,g/kWh,rated power × load factor × operating hours,Tier 2,Korea,CAPSS inventory default,CAPSS engine-tier schedule,,,capss_handbook_vi_mirror,CAPSS VI Table 8-36 (partial extraction: bulldozer schedule),partial_table_needs_full_extraction,Partial representative extraction only; full equipment-by-tier table remains to be transcribed. S = sulfur percent.,National Air Pollutant Emissions Estimation Method Handbook VI,2023,https://www.scribd.com/document/742589271/
EF00520,1.0.0,superseded_pending_capss_vii_diff,false,Construction,Construction equipment,"Bulldozer Tier 2, 37<=P<75, 2007+",Diesel,PM10,0.25,,,,g/kWh,rated power × load factor × operating hours,Tier 2,Korea,CAPSS inventory default,CAPSS engine-tier schedule,,,capss_handbook_vi_mirror,CAPSS VI Table 8-36 (partial extraction: bulldozer schedule),partial_table_needs_full_extraction,Partial representative extraction only; full equipment-by-tier table remains to be transcribed. S = sulfur percent.,National Air Pollutant Emissions Estimation Method Handbook VI,2023,https://www.scribd.com/document/742589271/
EF00521,1.0.0,superseded_pending_capss_vii_diff,false,Construction,Construction equipment,"Bulldozer Tier 2, 37<=P<75, 2007+",Diesel,PM2.5,,0.92*PM10,,,g/kWh,rated power × load factor × operating hours,Tier 2,Korea,CAPSS inventory default,CAPSS engine-tier schedule,,,capss_handbook_vi_mirror,CAPSS VI Table 8-36 (partial extraction: bulldozer schedule),partial_table_needs_full_extraction,Partial representative extraction only; full equipment-by-tier table remains to be transcribed. S = sulfur percent.,National Air Pollutant Emissions Estimation Method Handbook VI,2023,https://www.scribd.com/document/742589271/
EF00522,1.0.0,superseded_pending_capss_vii_diff,false,Construction,Construction equipment,"Bulldozer Tier 2, 37<=P<75, 2007+",Diesel,VOCs,0.4,,,,g/kWh,rated power × load factor × operating hours,Tier 2,Korea,CAPSS inventory default,CAPSS engine-tier schedule,,,capss_handbook_vi_mirror,CAPSS VI Table 8-36 (partial extraction: bulldozer schedule),partial_table_needs_full_extraction,Partial representative extraction only; full equipment-by-tier table remains to be transcribed. S = sulfur percent.,National Air Pollutant Emissions Estimation Method Handbook VI,2023,https://www.scribd.com/document/742589271/
EF00523,1.0.0,superseded_pending_capss_vii_diff,false,Construction,Construction equipment,"Bulldozer Tier 2, 37<=P<75, 2007+",Diesel,NH3,0.002,,,,g/kWh,rated power × load factor × operating hours,Tier 2,Korea,CAPSS inventory default,CAPSS engine-tier schedule,,,capss_handbook_vi_mirror,CAPSS VI Table 8-36 (partial extraction: bulldozer schedule),partial_table_needs_full_extraction,Partial representative extraction only; full equipment-by-tier table remains to be transcribed. S = sulfur percent.,National Air Pollutant Emissions Estimation Method Handbook VI,2023,https://www.scribd.com/document/742589271/
EF00524,1.0.0,superseded_pending_capss_vii_diff,false,Construction,Construction equipment,"Bulldozer Tier 2, 75<=P<130, 2006+",Diesel,CO,1.65,,,,g/kWh,rated power × load factor × operating hours,Tier 2,Korea,CAPSS inventory default,CAPSS engine-tier schedule,,,capss_handbook_vi_mirror,CAPSS VI Table 8-36 (partial extraction: bulldozer schedule),partial_table_needs_full_extraction,Partial representative extraction only; full equipment-by-tier table remains to be transcribed. S = sulfur percent.,National Air Pollutant Emissions Estimation Method Handbook VI,2023,https://www.scribd.com/document/742589271/
EF00525,1.0.0,superseded_pending_capss_vii_diff,false,Construction,Construction equipment,"Bulldozer Tier 2, 75<=P<130, 2006+",Diesel,NOx,4.6,,,,g/kWh,rated power × load factor × operating hours,Tier 2,Korea,CAPSS inventory default,CAPSS engine-tier schedule,,,capss_handbook_vi_mirror,CAPSS VI Table 8-36 (partial extraction: bulldozer schedule),partial_table_needs_full_extraction,Partial representative extraction only; full equipment-by-tier table remains to be transcribed. S = sulfur percent.,National Air Pollutant Emissions Estimation Method Handbook VI,2023,https://www.scribd.com/document/742589271/
EF00526,1.0.0,superseded_pending_capss_vii_diff,false,Construction,Construction equipment,"Bulldozer Tier 2, 75<=P<130, 2006+",Diesel,SOx,,5.20*S,,,g/kWh,rated power × load factor × operating hours,Tier 2,Korea,CAPSS inventory default,CAPSS engine-tier schedule,,,capss_handbook_vi_mirror,CAPSS VI Table 8-36 (partial extraction: bulldozer schedule),partial_table_needs_full_extraction,Partial representative extraction only; full equipment-by-tier table remains to be transcribed. S = sulfur percent.,National Air Pollutant Emissions Estimation Method Handbook VI,2023,https://www.scribd.com/document/742589271/
EF00527,1.0.0,superseded_pending_capss_vii_diff,false,Construction,Construction equipment,"Bulldozer Tier 2, 75<=P<130, 2006+",Diesel,PM10,0.19,,,,g/kWh,rated power × load factor × operating hours,Tier 2,Korea,CAPSS inventory default,CAPSS engine-tier schedule,,,capss_handbook_vi_mirror,CAPSS VI Table 8-36 (partial extraction: bulldozer schedule),partial_table_needs_full_extraction,Partial representative extraction only; full equipment-by-tier table remains to be transcribed. S = sulfur percent.,National Air Pollutant Emissions Estimation Method Handbook VI,2023,https://www.scribd.com/document/742589271/
EF00528,1.0.0,superseded_pending_capss_vii_diff,false,Construction,Construction equipment,"Bulldozer Tier 2, 75<=P<130, 2006+",Diesel,PM2.5,,0.92*PM10,,,g/kWh,rated power × load factor × operating hours,Tier 2,Korea,CAPSS inventory default,CAPSS engine-tier schedule,,,capss_handbook_vi_mirror,CAPSS VI Table 8-36 (partial extraction: bulldozer schedule),partial_table_needs_full_extraction,Partial representative extraction only; full equipment-by-tier table remains to be transcribed. S = sulfur percent.,National Air Pollutant Emissions Estimation Method Handbook VI,2023,https://www.scribd.com/document/742589271/
EF00529,1.0.0,superseded_pending_capss_vii_diff,false,Construction,Construction equipment,"Bulldozer Tier 2, 75<=P<130, 2006+",Diesel,VOCs,0.35,,,,g/kWh,rated power × load factor × operating hours,Tier 2,Korea,CAPSS inventory default,CAPSS engine-tier schedule,,,capss_handbook_vi_mirror,CAPSS VI Table 8-36 (partial extraction: bulldozer schedule),partial_table_needs_full_extraction,Partial representative extraction only; full equipment-by-tier table remains to be transcribed. S = sulfur percent.,National Air Pollutant Emissions Estimation Method Handbook VI,2023,https://www.scribd.com/document/742589271/
EF00530,1.0.0,superseded_pending_capss_vii_diff,false,Construction,Construction equipment,"Bulldozer Tier 2, 75<=P<130, 2006+",Diesel,NH3,0.002,,,,g/kWh,rated power × load factor × operating hours,Tier 2,Korea,CAPSS inventory default,CAPSS engine-tier schedule,,,capss_handbook_vi_mirror,CAPSS VI Table 8-36 (partial extraction: bulldozer schedule),partial_table_needs_full_extraction,Partial representative extraction only; full equipment-by-tier table remains to be transcribed. S = sulfur percent.,National Air Pollutant Emissions Estimation Method Handbook VI,2023,https://www.scribd.com/document/742589271/
EF00531,1.0.0,superseded_pending_capss_vii_diff,false,Construction,Construction equipment,"Bulldozer Tier 2, 130<=P<560, 2005+",Diesel,CO,1.49,,,,g/kWh,rated power × load factor × operating hours,Tier 2,Korea,CAPSS inventory default,CAPSS engine-tier schedule,,,capss_handbook_vi_mirror,CAPSS VI Table 8-36 (partial extraction: bulldozer schedule),partial_table_needs_full_extraction,Partial representative extraction only; full equipment-by-tier table remains to be transcribed. S = sulfur percent.,National Air Pollutant Emissions Estimation Method Handbook VI,2023,https://www.scribd.com/document/742589271/
EF00532,1.0.0,superseded_pending_capss_vii_diff,false,Construction,Construction equipment,"Bulldozer Tier 2, 130<=P<560, 2005+",Diesel,NOx,4.06,,,,g/kWh,rated power × load factor × operating hours,Tier 2,Korea,CAPSS inventory default,CAPSS engine-tier schedule,,,capss_handbook_vi_mirror,CAPSS VI Table 8-36 (partial extraction: bulldozer schedule),partial_table_needs_full_extraction,Partial representative extraction only; full equipment-by-tier table remains to be transcribed. S = sulfur percent.,National Air Pollutant Emissions Estimation Method Handbook VI,2023,https://www.scribd.com/document/742589271/
EF00533,1.0.0,superseded_pending_capss_vii_diff,false,Construction,Construction equipment,"Bulldozer Tier 2, 130<=P<560, 2005+",Diesel,SOx,,5.08*S,,,g/kWh,rated power × load factor × operating hours,Tier 2,Korea,CAPSS inventory default,CAPSS engine-tier schedule,,,capss_handbook_vi_mirror,CAPSS VI Table 8-36 (partial extraction: bulldozer schedule),partial_table_needs_full_extraction,Partial representative extraction only; full equipment-by-tier table remains to be transcribed. S = sulfur percent.,National Air Pollutant Emissions Estimation Method Handbook VI,2023,https://www.scribd.com/document/742589271/
EF00534,1.0.0,superseded_pending_capss_vii_diff,false,Construction,Construction equipment,"Bulldozer Tier 2, 130<=P<560, 2005+",Diesel,PM10,0.17,,,,g/kWh,rated power × load factor × operating hours,Tier 2,Korea,CAPSS inventory default,CAPSS engine-tier schedule,,,capss_handbook_vi_mirror,CAPSS VI Table 8-36 (partial extraction: bulldozer schedule),partial_table_needs_full_extraction,Partial representative extraction only; full equipment-by-tier table remains to be transcribed. S = sulfur percent.,National Air Pollutant Emissions Estimation Method Handbook VI,2023,https://www.scribd.com/document/742589271/
EF00535,1.0.0,superseded_pending_capss_vii_diff,false,Construction,Construction equipment,"Bulldozer Tier 2, 130<=P<560, 2005+",Diesel,PM2.5,,0.92*PM10,,,g/kWh,rated power × load factor × operating hours,Tier 2,Korea,CAPSS inventory default,CAPSS engine-tier schedule,,,capss_handbook_vi_mirror,CAPSS VI Table 8-36 (partial extraction: bulldozer schedule),partial_table_needs_full_extraction,Partial representative extraction only; full equipment-by-tier table remains to be transcribed. S = sulfur percent.,National Air Pollutant Emissions Estimation Method Handbook VI,2023,https://www.scribd.com/document/742589271/
EF00536,1.0.0,superseded_pending_capss_vii_diff,false,Construction,Construction equipment,"Bulldozer Tier 2, 130<=P<560, 2005+",Diesel,VOCs,0.29,,,,g/kWh,rated power × load factor × operating hours,Tier 2,Korea,CAPSS inventory default,CAPSS engine-tier schedule,,,capss_handbook_vi_mirror,CAPSS VI Table 8-36 (partial extraction: bulldozer schedule),partial_table_needs_full_extraction,Partial representative extraction only; full equipment-by-tier table remains to be transcribed. S = sulfur percent.,National Air Pollutant Emissions Estimation Method Handbook VI,2023,https://www.scribd.com/document/742589271/
EF00537,1.0.0,superseded_pending_capss_vii_diff,false,Construction,Construction equipment,"Bulldozer Tier 2, 130<=P<560, 2005+",Diesel,NH3,0.002,,,,g/kWh,rated power × load factor × operating hours,Tier 2,Korea,CAPSS inventory default,CAPSS engine-tier schedule,,,capss_handbook_vi_mirror,CAPSS VI Table 8-36 (partial extraction: bulldozer schedule),partial_table_needs_full_extraction,Partial representative extraction only; full equipment-by-tier table remains to be transcribed. S = sulfur percent.,National Air Pollutant Emissions Estimation Method Handbook VI,2023,https://www.scribd.com/document/742589271/
EF00538,1.0.0,superseded_pending_capss_vii_diff,false,Construction,Construction equipment,"Bulldozer Tier 3, 19<=P<37, 2010+",Diesel,CO,2.29,,,,g/kWh,rated power × load factor × operating hours,Tier 3,Korea,CAPSS inventory default,CAPSS engine-tier schedule,,,capss_handbook_vi_mirror,CAPSS VI Table 8-36 (partial extraction: bulldozer schedule),partial_table_needs_full_extraction,Partial representative extraction only; full equipment-by-tier table remains to be transcribed. S = sulfur percent.,National Air Pollutant Emissions Estimation Method Handbook VI,2023,https://www.scribd.com/document/742589271/
EF00539,1.0.0,superseded_pending_capss_vii_diff,false,Construction,Construction equipment,"Bulldozer Tier 3, 19<=P<37, 2010+",Diesel,NOx,5.04,,,,g/kWh,rated power × load factor × operating hours,Tier 3,Korea,CAPSS inventory default,CAPSS engine-tier schedule,,,capss_handbook_vi_mirror,CAPSS VI Table 8-36 (partial extraction: bulldozer schedule),partial_table_needs_full_extraction,Partial representative extraction only; full equipment-by-tier table remains to be transcribed. S = sulfur percent.,National Air Pollutant Emissions Estimation Method Handbook VI,2023,https://www.scribd.com/document/742589271/
EF00540,1.0.0,superseded_pending_capss_vii_diff,false,Construction,Construction equipment,"Bulldozer Tier 3, 19<=P<37, 2010+",Diesel,SOx,,5.38*S,,,g/kWh,rated power × load factor × operating hours,Tier 3,Korea,CAPSS inventory default,CAPSS engine-tier schedule,,,capss_handbook_vi_mirror,CAPSS VI Table 8-36 (partial extraction: bulldozer schedule),partial_table_needs_full_extraction,Partial representative extraction only; full equipment-by-tier table remains to be transcribed. S = sulfur percent.,National Air Pollutant Emissions Estimation Method Handbook VI,2023,https://www.scribd.com/document/742589271/
EF00541,1.0.0,superseded_pending_capss_vii_diff,false,Construction,Construction equipment,"Bulldozer Tier 3, 19<=P<37, 2010+",Diesel,PM10,0.29,,,,g/kWh,rated power × load factor × operating hours,Tier 3,Korea,CAPSS inventory default,CAPSS engine-tier schedule,,,capss_handbook_vi_mirror,CAPSS VI Table 8-36 (partial extraction: bulldozer schedule),partial_table_needs_full_extraction,Partial representative extraction only; full equipment-by-tier table remains to be transcribed. S = sulfur percent.,National Air Pollutant Emissions Estimation Method Handbook VI,2023,https://www.scribd.com/document/742589271/
EF00542,1.0.0,superseded_pending_capss_vii_diff,false,Construction,Construction equipment,"Bulldozer Tier 3, 19<=P<37, 2010+",Diesel,PM2.5,,0.92*PM10,,,g/kWh,rated power × load factor × operating hours,Tier 3,Korea,CAPSS inventory default,CAPSS engine-tier schedule,,,capss_handbook_vi_mirror,CAPSS VI Table 8-36 (partial extraction: bulldozer schedule),partial_table_needs_full_extraction,Partial representative extraction only; full equipment-by-tier table remains to be transcribed. S = sulfur percent.,National Air Pollutant Emissions Estimation Method Handbook VI,2023,https://www.scribd.com/document/742589271/
EF00543,1.0.0,superseded_pending_capss_vii_diff,false,Construction,Construction equipment,"Bulldozer Tier 3, 19<=P<37, 2010+",Diesel,VOCs,0.48,,,,g/kWh,rated power × load factor × operating hours,Tier 3,Korea,CAPSS inventory default,CAPSS engine-tier schedule,,,capss_handbook_vi_mirror,CAPSS VI Table 8-36 (partial extraction: bulldozer schedule),partial_table_needs_full_extraction,Partial representative extraction only; full equipment-by-tier table remains to be transcribed. S = sulfur percent.,National Air Pollutant Emissions Estimation Method Handbook VI,2023,https://www.scribd.com/document/742589271/
EF00544,1.0.0,superseded_pending_capss_vii_diff,false,Construction,Construction equipment,"Bulldozer Tier 3, 19<=P<37, 2010+",Diesel,NH3,0.002,,,,g/kWh,rated power × load factor × operating hours,Tier 3,Korea,CAPSS inventory default,CAPSS engine-tier schedule,,,capss_handbook_vi_mirror,CAPSS VI Table 8-36 (partial extraction: bulldozer schedule),partial_table_needs_full_extraction,Partial representative extraction only; full equipment-by-tier table remains to be transcribed. S = sulfur percent.,National Air Pollutant Emissions Estimation Method Handbook VI,2023,https://www.scribd.com/document/742589271/
EF00545,1.0.0,superseded_pending_capss_vii_diff,false,Construction,Construction equipment,"Bulldozer Tier 3, 37<=P<75, 2010+",Diesel,CO,1.91,,,,g/kWh,rated power × load factor × operating hours,Tier 3,Korea,CAPSS inventory default,CAPSS engine-tier schedule,,,capss_handbook_vi_mirror,CAPSS VI Table 8-36 (partial extraction: bulldozer schedule),partial_table_needs_full_extraction,Partial representative extraction only; full equipment-by-tier table remains to be transcribed. S = sulfur percent.,National Air Pollutant Emissions Estimation Method Handbook VI,2023,https://www.scribd.com/document/742589271/
EF00546,1.0.0,superseded_pending_capss_vii_diff,false,Construction,Construction equipment,"Bulldozer Tier 3, 37<=P<75, 2010+",Diesel,NOx,3.8,,,,g/kWh,rated power × load factor × operating hours,Tier 3,Korea,CAPSS inventory default,CAPSS engine-tier schedule,,,capss_handbook_vi_mirror,CAPSS VI Table 8-36 (partial extraction: bulldozer schedule),partial_table_needs_full_extraction,Partial representative extraction only; full equipment-by-tier table remains to be transcribed. S = sulfur percent.,National Air Pollutant Emissions Estimation Method Handbook VI,2023,https://www.scribd.com/document/742589271/
EF00547,1.0.0,superseded_pending_capss_vii_diff,false,Construction,Construction equipment,"Bulldozer Tier 3, 37<=P<75, 2010+",Diesel,SOx,,5.30*S,,,g/kWh,rated power × load factor × operating hours,Tier 3,Korea,CAPSS inventory default,CAPSS engine-tier schedule,,,capss_handbook_vi_mirror,CAPSS VI Table 8-36 (partial extraction: bulldozer schedule),partial_table_needs_full_extraction,Partial representative extraction only; full equipment-by-tier table remains to be transcribed. S = sulfur percent.,National Air Pollutant Emissions Estimation Method Handbook VI,2023,https://www.scribd.com/document/742589271/
EF00548,1.0.0,superseded_pending_capss_vii_diff,false,Construction,Construction equipment,"Bulldozer Tier 3, 37<=P<75, 2010+",Diesel,PM10,0.34,,,,g/kWh,rated power × load factor × operating hours,Tier 3,Korea,CAPSS inventory default,CAPSS engine-tier schedule,,,capss_handbook_vi_mirror,CAPSS VI Table 8-36 (partial extraction: bulldozer schedule),partial_table_needs_full_extraction,Partial representative extraction only; full equipment-by-tier table remains to be transcribed. S = sulfur percent.,National Air Pollutant Emissions Estimation Method Handbook VI,2023,https://www.scribd.com/document/742589271/
EF00549,1.0.0,superseded_pending_capss_vii_diff,false,Construction,Construction equipment,"Bulldozer Tier 3, 37<=P<75, 2010+",Diesel,PM2.5,,0.92*PM10,,,g/kWh,rated power × load factor × operating hours,Tier 3,Korea,CAPSS inventory default,CAPSS engine-tier schedule,,,capss_handbook_vi_mirror,CAPSS VI Table 8-36 (partial extraction: bulldozer schedule),partial_table_needs_full_extraction,Partial representative extraction only; full equipment-by-tier table remains to be transcribed. S = sulfur percent.,National Air Pollutant Emissions Estimation Method Handbook VI,2023,https://www.scribd.com/document/742589271/
EF00550,1.0.0,superseded_pending_capss_vii_diff,false,Construction,Construction equipment,"Bulldozer Tier 3, 37<=P<75, 2010+",Diesel,VOCs,0.22,,,,g/kWh,rated power × load factor × operating hours,Tier 3,Korea,CAPSS inventory default,CAPSS engine-tier schedule,,,capss_handbook_vi_mirror,CAPSS VI Table 8-36 (partial extraction: bulldozer schedule),partial_table_needs_full_extraction,Partial representative extraction only; full equipment-by-tier table remains to be transcribed. S = sulfur percent.,National Air Pollutant Emissions Estimation Method Handbook VI,2023,https://www.scribd.com/document/742589271/
EF00551,1.0.0,superseded_pending_capss_vii_diff,false,Construction,Construction equipment,"Bulldozer Tier 3, 37<=P<75, 2010+",Diesel,NH3,0.002,,,,g/kWh,rated power × load factor × operating hours,Tier 3,Korea,CAPSS inventory default,CAPSS engine-tier schedule,,,capss_handbook_vi_mirror,CAPSS VI Table 8-36 (partial extraction: bulldozer schedule),partial_table_needs_full_extraction,Partial representative extraction only; full equipment-by-tier table remains to be transcribed. S = sulfur percent.,National Air Pollutant Emissions Estimation Method Handbook VI,2023,https://www.scribd.com/document/742589271/
EF00552,1.0.0,superseded_pending_capss_vii_diff,false,Construction,Construction equipment,"Bulldozer Tier 3, 75<=P<130, 2009+",Diesel,CO,2.01,,,,g/kWh,rated power × load factor × operating hours,Tier 3,Korea,CAPSS inventory default,CAPSS engine-tier schedule,,,capss_handbook_vi_mirror,CAPSS VI Table 8-36 (partial extraction: bulldozer schedule),partial_table_needs_full_extraction,Partial representative extraction only; full equipment-by-tier table remains to be transcribed. S = sulfur percent.,National Air Pollutant Emissions Estimation Method Handbook VI,2023,https://www.scribd.com/document/742589271/
EF00553,1.0.0,superseded_pending_capss_vii_diff,false,Construction,Construction equipment,"Bulldozer Tier 3, 75<=P<130, 2009+",Diesel,NOx,3.67,,,,g/kWh,rated power × load factor × operating hours,Tier 3,Korea,CAPSS inventory default,CAPSS engine-tier schedule,,,capss_handbook_vi_mirror,CAPSS VI Table 8-36 (partial extraction: bulldozer schedule),partial_table_needs_full_extraction,Partial representative extraction only; full equipment-by-tier table remains to be transcribed. S = sulfur percent.,National Air Pollutant Emissions Estimation Method Handbook VI,2023,https://www.scribd.com/document/742589271/
EF00554,1.0.0,superseded_pending_capss_vii_diff,false,Construction,Construction equipment,"Bulldozer Tier 3, 75<=P<130, 2009+",Diesel,SOx,,5.20*S,,,g/kWh,rated power × load factor × operating hours,Tier 3,Korea,CAPSS inventory default,CAPSS engine-tier schedule,,,capss_handbook_vi_mirror,CAPSS VI Table 8-36 (partial extraction: bulldozer schedule),partial_table_needs_full_extraction,Partial representative extraction only; full equipment-by-tier table remains to be transcribed. S = sulfur percent.,National Air Pollutant Emissions Estimation Method Handbook VI,2023,https://www.scribd.com/document/742589271/
EF00555,1.0.0,superseded_pending_capss_vii_diff,false,Construction,Construction equipment,"Bulldozer Tier 3, 75<=P<130, 2009+",Diesel,PM10,0.22,,,,g/kWh,rated power × load factor × operating hours,Tier 3,Korea,CAPSS inventory default,CAPSS engine-tier schedule,,,capss_handbook_vi_mirror,CAPSS VI Table 8-36 (partial extraction: bulldozer schedule),partial_table_needs_full_extraction,Partial representative extraction only; full equipment-by-tier table remains to be transcribed. S = sulfur percent.,National Air Pollutant Emissions Estimation Method Handbook VI,2023,https://www.scribd.com/document/742589271/
EF00556,1.0.0,superseded_pending_capss_vii_diff,false,Construction,Construction equipment,"Bulldozer Tier 3, 75<=P<130, 2009+",Diesel,PM2.5,,0.92*PM10,,,g/kWh,rated power × load factor × operating hours,Tier 3,Korea,CAPSS inventory default,CAPSS engine-tier schedule,,,capss_handbook_vi_mirror,CAPSS VI Table 8-36 (partial extraction: bulldozer schedule),partial_table_needs_full_extraction,Partial representative extraction only; full equipment-by-tier table remains to be transcribed. S = sulfur percent.,National Air Pollutant Emissions Estimation Method Handbook VI,2023,https://www.scribd.com/document/742589271/
EF00557,1.0.0,superseded_pending_capss_vii_diff,false,Construction,Construction equipment,"Bulldozer Tier 3, 75<=P<130, 2009+",Diesel,VOCs,0.11,,,,g/kWh,rated power × load factor × operating hours,Tier 3,Korea,CAPSS inventory default,CAPSS engine-tier schedule,,,capss_handbook_vi_mirror,CAPSS VI Table 8-36 (partial extraction: bulldozer schedule),partial_table_needs_full_extraction,Partial representative extraction only; full equipment-by-tier table remains to be transcribed. S = sulfur percent.,National Air Pollutant Emissions Estimation Method Handbook VI,2023,https://www.scribd.com/document/742589271/
EF00558,1.0.0,superseded_pending_capss_vii_diff,false,Construction,Construction equipment,"Bulldozer Tier 3, 75<=P<130, 2009+",Diesel,NH3,0.002,,,,g/kWh,rated power × load factor × operating hours,Tier 3,Korea,CAPSS inventory default,CAPSS engine-tier schedule,,,capss_handbook_vi_mirror,CAPSS VI Table 8-36 (partial extraction: bulldozer schedule),partial_table_needs_full_extraction,Partial representative extraction only; full equipment-by-tier table remains to be transcribed. S = sulfur percent.,National Air Pollutant Emissions Estimation Method Handbook VI,2023,https://www.scribd.com/document/742589271/
EF00559,1.0.0,superseded_pending_capss_vii_diff,false,Construction,Construction equipment,"Bulldozer Tier 3, 130<=P<560, 2009+",Diesel,CO,2.14,,,,g/kWh,rated power × load factor × operating hours,Tier 3,Korea,CAPSS inventory default,CAPSS engine-tier schedule,,,capss_handbook_vi_mirror,CAPSS VI Table 8-36 (partial extraction: bulldozer schedule),partial_table_needs_full_extraction,Partial representative extraction only; full equipment-by-tier table remains to be transcribed. S = sulfur percent.,National Air Pollutant Emissions Estimation Method Handbook VI,2023,https://www.scribd.com/document/742589271/
EF00560,1.0.0,superseded_pending_capss_vii_diff,false,Construction,Construction equipment,"Bulldozer Tier 3, 130<=P<560, 2009+",Diesel,NOx,3.43,,,,g/kWh,rated power × load factor × operating hours,Tier 3,Korea,CAPSS inventory default,CAPSS engine-tier schedule,,,capss_handbook_vi_mirror,CAPSS VI Table 8-36 (partial extraction: bulldozer schedule),partial_table_needs_full_extraction,Partial representative extraction only; full equipment-by-tier table remains to be transcribed. S = sulfur percent.,National Air Pollutant Emissions Estimation Method Handbook VI,2023,https://www.scribd.com/document/742589271/
EF00561,1.0.0,superseded_pending_capss_vii_diff,false,Construction,Construction equipment,"Bulldozer Tier 3, 130<=P<560, 2009+",Diesel,SOx,,5.08*S,,,g/kWh,rated power × load factor × operating hours,Tier 3,Korea,CAPSS inventory default,CAPSS engine-tier schedule,,,capss_handbook_vi_mirror,CAPSS VI Table 8-36 (partial extraction: bulldozer schedule),partial_table_needs_full_extraction,Partial representative extraction only; full equipment-by-tier table remains to be transcribed. S = sulfur percent.,National Air Pollutant Emissions Estimation Method Handbook VI,2023,https://www.scribd.com/document/742589271/
EF00562,1.0.0,superseded_pending_capss_vii_diff,false,Construction,Construction equipment,"Bulldozer Tier 3, 130<=P<560, 2009+",Diesel,PM10,0.16,,,,g/kWh,rated power × load factor × operating hours,Tier 3,Korea,CAPSS inventory default,CAPSS engine-tier schedule,,,capss_handbook_vi_mirror,CAPSS VI Table 8-36 (partial extraction: bulldozer schedule),partial_table_needs_full_extraction,Partial representative extraction only; full equipment-by-tier table remains to be transcribed. S = sulfur percent.,National Air Pollutant Emissions Estimation Method Handbook VI,2023,https://www.scribd.com/document/742589271/
EF00563,1.0.0,superseded_pending_capss_vii_diff,false,Construction,Construction equipment,"Bulldozer Tier 3, 130<=P<560, 2009+",Diesel,PM2.5,,0.92*PM10,,,g/kWh,rated power × load factor × operating hours,Tier 3,Korea,CAPSS inventory default,CAPSS engine-tier schedule,,,capss_handbook_vi_mirror,CAPSS VI Table 8-36 (partial extraction: bulldozer schedule),partial_table_needs_full_extraction,Partial representative extraction only; full equipment-by-tier table remains to be transcribed. S = sulfur percent.,National Air Pollutant Emissions Estimation Method Handbook VI,2023,https://www.scribd.com/document/742589271/
EF00564,1.0.0,superseded_pending_capss_vii_diff,false,Construction,Construction equipment,"Bulldozer Tier 3, 130<=P<560, 2009+",Diesel,VOCs,0.16,,,,g/kWh,rated power × load factor × operating hours,Tier 3,Korea,CAPSS inventory default,CAPSS engine-tier schedule,,,capss_handbook_vi_mirror,CAPSS VI Table 8-36 (partial extraction: bulldozer schedule),partial_table_needs_full_extraction,Partial representative extraction only; full equipment-by-tier table remains to be transcribed. S = sulfur percent.,National Air Pollutant Emissions Estimation Method Handbook VI,2023,https://www.scribd.com/document/742589271/
EF00565,1.0.0,superseded_pending_capss_vii_diff,false,Construction,Construction equipment,"Bulldozer Tier 3, 130<=P<560, 2009+",Diesel,NH3,0.002,,,,g/kWh,rated power × load factor × operating hours,Tier 3,Korea,CAPSS inventory default,CAPSS engine-tier schedule,,,capss_handbook_vi_mirror,CAPSS VI Table 8-36 (partial extraction: bulldozer schedule),partial_table_needs_full_extraction,Partial representative extraction only; full equipment-by-tier table remains to be transcribed. S = sulfur percent.,National Air Pollutant Emissions Estimation Method Handbook VI,2023,https://www.scribd.com/document/742589271/
EF00566,1.0.0,superseded_pending_capss_vii_diff,false,Transport,Road motorcycles,Gasoline motorcycle <50cc,Gasoline,CO,3.289,,,,g/vehicle-km,vehicle-kilometres traveled,model-year group 2008–2017,Korea,CAPSS road inventory factor,NIER transport-environment research,,,capss_handbook_vi_mirror,CAPSS VI Table 7-14,CAPSS_VI_needs_VII_diff,PM2.5 is 92% of PM10 in the handbook.,National Air Pollutant Emissions Estimation Method Handbook VI,2023,https://www.scribd.com/document/742589271/
EF00567,1.0.0,superseded_pending_capss_vii_diff,false,Transport,Road motorcycles,Gasoline motorcycle 50–<100cc,Gasoline,CO,1.522,,,,g/vehicle-km,vehicle-kilometres traveled,model-year group 2008–2017,Korea,CAPSS road inventory factor,NIER transport-environment research,,,capss_handbook_vi_mirror,CAPSS VI Table 7-14,CAPSS_VI_needs_VII_diff,PM2.5 is 92% of PM10 in the handbook.,National Air Pollutant Emissions Estimation Method Handbook VI,2023,https://www.scribd.com/document/742589271/
EF00568,1.0.0,superseded_pending_capss_vii_diff,false,Transport,Road motorcycles,Gasoline motorcycle 100–<260cc,Gasoline,CO,1.522,,,,g/vehicle-km,vehicle-kilometres traveled,model-year group 2008–2017,Korea,CAPSS road inventory factor,NIER transport-environment research,,,capss_handbook_vi_mirror,CAPSS VI Table 7-14,CAPSS_VI_needs_VII_diff,PM2.5 is 92% of PM10 in the handbook.,National Air Pollutant Emissions Estimation Method Handbook VI,2023,https://www.scribd.com/document/742589271/
EF00569,1.0.0,superseded_pending_capss_vii_diff,false,Transport,Road motorcycles,Gasoline motorcycle 260cc+,Gasoline,CO,0.812,,,,g/vehicle-km,vehicle-kilometres traveled,model-year group 2008–2017,Korea,CAPSS road inventory factor,NIER transport-environment research,,,capss_handbook_vi_mirror,CAPSS VI Table 7-14,CAPSS_VI_needs_VII_diff,PM2.5 is 92% of PM10 in the handbook.,National Air Pollutant Emissions Estimation Method Handbook VI,2023,https://www.scribd.com/document/742589271/
EF00570,1.0.0,superseded_pending_capss_vii_diff,false,Transport,Road motorcycles,Gasoline motorcycle <50cc,Gasoline,CO,3.289,,,,g/vehicle-km,vehicle-kilometres traveled,model-year group 2018+,Korea,CAPSS road inventory factor,NIER transport-environment research,,,capss_handbook_vi_mirror,CAPSS VI Table 7-14,CAPSS_VI_needs_VII_diff,PM2.5 is 92% of PM10 in the handbook.,National Air Pollutant Emissions Estimation Method Handbook VI,2023,https://www.scribd.com/document/742589271/
EF00571,1.0.0,superseded_pending_capss_vii_diff,false,Transport,Road motorcycles,Gasoline motorcycle 50–<100cc,Gasoline,CO,0.495,,,,g/vehicle-km,vehicle-kilometres traveled,model-year group 2018+,Korea,CAPSS road inventory factor,NIER transport-environment research,,,capss_handbook_vi_mirror,CAPSS VI Table 7-14,CAPSS_VI_needs_VII_diff,PM2.5 is 92% of PM10 in the handbook.,National Air Pollutant Emissions Estimation Method Handbook VI,2023,https://www.scribd.com/document/742589271/
EF00572,1.0.0,superseded_pending_capss_vii_diff,false,Transport,Road motorcycles,Gasoline motorcycle 100–<260cc,Gasoline,CO,0.501,,,,g/vehicle-km,vehicle-kilometres traveled,model-year group 2018+,Korea,CAPSS road inventory factor,NIER transport-environment research,,,capss_handbook_vi_mirror,CAPSS VI Table 7-14,CAPSS_VI_needs_VII_diff,PM2.5 is 92% of PM10 in the handbook.,National Air Pollutant Emissions Estimation Method Handbook VI,2023,https://www.scribd.com/document/742589271/
EF00573,1.0.0,superseded_pending_capss_vii_diff,false,Transport,Road motorcycles,Gasoline motorcycle 260cc+,Gasoline,CO,0.611,,,,g/vehicle-km,vehicle-kilometres traveled,model-year group 2018+,Korea,CAPSS road inventory factor,NIER transport-environment research,,,capss_handbook_vi_mirror,CAPSS VI Table 7-14,CAPSS_VI_needs_VII_diff,PM2.5 is 92% of PM10 in the handbook.,National Air Pollutant Emissions Estimation Method Handbook VI,2023,https://www.scribd.com/document/742589271/
EF00574,1.0.0,superseded_pending_capss_vii_diff,false,Transport,Road motorcycles,Gasoline motorcycle <50cc,Gasoline,NOx,0.016,,,,g/vehicle-km,vehicle-kilometres traveled,model-year group 2008–2017,Korea,CAPSS road inventory factor,NIER transport-environment research,,,capss_handbook_vi_mirror,CAPSS VI Table 7-14,CAPSS_VI_needs_VII_diff,PM2.5 is 92% of PM10 in the handbook.,National Air Pollutant Emissions Estimation Method Handbook VI,2023,https://www.scribd.com/document/742589271/
EF00575,1.0.0,superseded_pending_capss_vii_diff,false,Transport,Road motorcycles,Gasoline motorcycle 50–<100cc,Gasoline,NOx,0.117,,,,g/vehicle-km,vehicle-kilometres traveled,model-year group 2008–2017,Korea,CAPSS road inventory factor,NIER transport-environment research,,,capss_handbook_vi_mirror,CAPSS VI Table 7-14,CAPSS_VI_needs_VII_diff,PM2.5 is 92% of PM10 in the handbook.,National Air Pollutant Emissions Estimation Method Handbook VI,2023,https://www.scribd.com/document/742589271/
EF00576,1.0.0,superseded_pending_capss_vii_diff,false,Transport,Road motorcycles,Gasoline motorcycle 100–<260cc,Gasoline,NOx,0.117,,,,g/vehicle-km,vehicle-kilometres traveled,model-year group 2008–2017,Korea,CAPSS road inventory factor,NIER transport-environment research,,,capss_handbook_vi_mirror,CAPSS VI Table 7-14,CAPSS_VI_needs_VII_diff,PM2.5 is 92% of PM10 in the handbook.,National Air Pollutant Emissions Estimation Method Handbook VI,2023,https://www.scribd.com/document/742589271/
EF00577,1.0.0,superseded_pending_capss_vii_diff,false,Transport,Road motorcycles,Gasoline motorcycle 260cc+,Gasoline,NOx,0.157,,,,g/vehicle-km,vehicle-kilometres traveled,model-year group 2008–2017,Korea,CAPSS road inventory factor,NIER transport-environment research,,,capss_handbook_vi_mirror,CAPSS VI Table 7-14,CAPSS_VI_needs_VII_diff,PM2.5 is 92% of PM10 in the handbook.,National Air Pollutant Emissions Estimation Method Handbook VI,2023,https://www.scribd.com/document/742589271/
EF00578,1.0.0,superseded_pending_capss_vii_diff,false,Transport,Road motorcycles,Gasoline motorcycle <50cc,Gasoline,NOx,0.016,,,,g/vehicle-km,vehicle-kilometres traveled,model-year group 2018+,Korea,CAPSS road inventory factor,NIER transport-environment research,,,capss_handbook_vi_mirror,CAPSS VI Table 7-14,CAPSS_VI_needs_VII_diff,PM2.5 is 92% of PM10 in the handbook.,National Air Pollutant Emissions Estimation Method Handbook VI,2023,https://www.scribd.com/document/742589271/
EF00579,1.0.0,superseded_pending_capss_vii_diff,false,Transport,Road motorcycles,Gasoline motorcycle 50–<100cc,Gasoline,NOx,0.04,,,,g/vehicle-km,vehicle-kilometres traveled,model-year group 2018+,Korea,CAPSS road inventory factor,NIER transport-environment research,,,capss_handbook_vi_mirror,CAPSS VI Table 7-14,CAPSS_VI_needs_VII_diff,PM2.5 is 92% of PM10 in the handbook.,National Air Pollutant Emissions Estimation Method Handbook VI,2023,https://www.scribd.com/document/742589271/
EF00580,1.0.0,superseded_pending_capss_vii_diff,false,Transport,Road motorcycles,Gasoline motorcycle 100–<260cc,Gasoline,NOx,0.03,,,,g/vehicle-km,vehicle-kilometres traveled,model-year group 2018+,Korea,CAPSS road inventory factor,NIER transport-environment research,,,capss_handbook_vi_mirror,CAPSS VI Table 7-14,CAPSS_VI_needs_VII_diff,PM2.5 is 92% of PM10 in the handbook.,National Air Pollutant Emissions Estimation Method Handbook VI,2023,https://www.scribd.com/document/742589271/
EF00581,1.0.0,superseded_pending_capss_vii_diff,false,Transport,Road motorcycles,Gasoline motorcycle 260cc+,Gasoline,NOx,0.037,,,,g/vehicle-km,vehicle-kilometres traveled,model-year group 2018+,Korea,CAPSS road inventory factor,NIER transport-environment research,,,capss_handbook_vi_mirror,CAPSS VI Table 7-14,CAPSS_VI_needs_VII_diff,PM2.5 is 92% of PM10 in the handbook.,National Air Pollutant Emissions Estimation Method Handbook VI,2023,https://www.scribd.com/document/742589271/
EF00582,1.0.0,superseded_pending_capss_vii_diff,false,Transport,Road motorcycles,Gasoline motorcycle <50cc,Gasoline,TSP,0.003,,,,g/vehicle-km,vehicle-kilometres traveled,model-year group all,Korea,CAPSS road inventory factor,NIER transport-environment research,,,capss_handbook_vi_mirror,CAPSS VI Table 7-14,CAPSS_VI_needs_VII_diff,PM2.5 is 92% of PM10 in the handbook.,National Air Pollutant Emissions Estimation Method Handbook VI,2023,https://www.scribd.com/document/742589271/
EF00583,1.0.0,superseded_pending_capss_vii_diff,false,Transport,Road motorcycles,Gasoline motorcycle 50–<100cc,Gasoline,TSP,0.003,,,,g/vehicle-km,vehicle-kilometres traveled,model-year group all,Korea,CAPSS road inventory factor,NIER transport-environment research,,,capss_handbook_vi_mirror,CAPSS VI Table 7-14,CAPSS_VI_needs_VII_diff,PM2.5 is 92% of PM10 in the handbook.,National Air Pollutant Emissions Estimation Method Handbook VI,2023,https://www.scribd.com/document/742589271/
EF00584,1.0.0,superseded_pending_capss_vii_diff,false,Transport,Road motorcycles,Gasoline motorcycle 100–<260cc,Gasoline,TSP,0.003,,,,g/vehicle-km,vehicle-kilometres traveled,model-year group all,Korea,CAPSS road inventory factor,NIER transport-environment research,,,capss_handbook_vi_mirror,CAPSS VI Table 7-14,CAPSS_VI_needs_VII_diff,PM2.5 is 92% of PM10 in the handbook.,National Air Pollutant Emissions Estimation Method Handbook VI,2023,https://www.scribd.com/document/742589271/
EF00585,1.0.0,superseded_pending_capss_vii_diff,false,Transport,Road motorcycles,Gasoline motorcycle 260cc+,Gasoline,TSP,0.003,,,,g/vehicle-km,vehicle-kilometres traveled,model-year group all,Korea,CAPSS road inventory factor,NIER transport-environment research,,,capss_handbook_vi_mirror,CAPSS VI Table 7-14,CAPSS_VI_needs_VII_diff,PM2.5 is 92% of PM10 in the handbook.,National Air Pollutant Emissions Estimation Method Handbook VI,2023,https://www.scribd.com/document/742589271/
EF00586,1.0.0,superseded_pending_capss_vii_diff,false,Transport,Road motorcycles,Gasoline motorcycle <50cc,Gasoline,PM10,0.003,,,,g/vehicle-km,vehicle-kilometres traveled,model-year group all,Korea,CAPSS road inventory factor,NIER transport-environment research,,,capss_handbook_vi_mirror,CAPSS VI Table 7-14,CAPSS_VI_needs_VII_diff,PM2.5 is 92% of PM10 in the handbook.,National Air Pollutant Emissions Estimation Method Handbook VI,2023,https://www.scribd.com/document/742589271/
EF00587,1.0.0,superseded_pending_capss_vii_diff,false,Transport,Road motorcycles,Gasoline motorcycle 50–<100cc,Gasoline,PM10,0.003,,,,g/vehicle-km,vehicle-kilometres traveled,model-year group all,Korea,CAPSS road inventory factor,NIER transport-environment research,,,capss_handbook_vi_mirror,CAPSS VI Table 7-14,CAPSS_VI_needs_VII_diff,PM2.5 is 92% of PM10 in the handbook.,National Air Pollutant Emissions Estimation Method Handbook VI,2023,https://www.scribd.com/document/742589271/
EF00588,1.0.0,superseded_pending_capss_vii_diff,false,Transport,Road motorcycles,Gasoline motorcycle 100–<260cc,Gasoline,PM10,0.003,,,,g/vehicle-km,vehicle-kilometres traveled,model-year group all,Korea,CAPSS road inventory factor,NIER transport-environment research,,,capss_handbook_vi_mirror,CAPSS VI Table 7-14,CAPSS_VI_needs_VII_diff,PM2.5 is 92% of PM10 in the handbook.,National Air Pollutant Emissions Estimation Method Handbook VI,2023,https://www.scribd.com/document/742589271/
EF00589,1.0.0,superseded_pending_capss_vii_diff,false,Transport,Road motorcycles,Gasoline motorcycle 260cc+,Gasoline,PM10,0.003,,,,g/vehicle-km,vehicle-kilometres traveled,model-year group all,Korea,CAPSS road inventory factor,NIER transport-environment research,,,capss_handbook_vi_mirror,CAPSS VI Table 7-14,CAPSS_VI_needs_VII_diff,PM2.5 is 92% of PM10 in the handbook.,National Air Pollutant Emissions Estimation Method Handbook VI,2023,https://www.scribd.com/document/742589271/
EF00590,1.0.0,superseded_pending_capss_vii_diff,false,Transport,Road motorcycles,Gasoline motorcycle <50cc,Gasoline,PM2.5,0.00276,,,,g/vehicle-km,vehicle-kilometres traveled,model-year group all,Korea,CAPSS road inventory factor,NIER transport-environment research,,,capss_handbook_vi_mirror,CAPSS VI Table 7-14,CAPSS_VI_needs_VII_diff,PM2.5 is 92% of PM10 in the handbook.,National Air Pollutant Emissions Estimation Method Handbook VI,2023,https://www.scribd.com/document/742589271/
EF00591,1.0.0,superseded_pending_capss_vii_diff,false,Transport,Road motorcycles,Gasoline motorcycle 50–<100cc,Gasoline,PM2.5,0.00276,,,,g/vehicle-km,vehicle-kilometres traveled,model-year group all,Korea,CAPSS road inventory factor,NIER transport-environment research,,,capss_handbook_vi_mirror,CAPSS VI Table 7-14,CAPSS_VI_needs_VII_diff,PM2.5 is 92% of PM10 in the handbook.,National Air Pollutant Emissions Estimation Method Handbook VI,2023,https://www.scribd.com/document/742589271/
EF00592,1.0.0,superseded_pending_capss_vii_diff,false,Transport,Road motorcycles,Gasoline motorcycle 100–<260cc,Gasoline,PM2.5,0.00276,,,,g/vehicle-km,vehicle-kilometres traveled,model-year group all,Korea,CAPSS road inventory factor,NIER transport-environment research,,,capss_handbook_vi_mirror,CAPSS VI Table 7-14,CAPSS_VI_needs_VII_diff,PM2.5 is 92% of PM10 in the handbook.,National Air Pollutant Emissions Estimation Method Handbook VI,2023,https://www.scribd.com/document/742589271/
EF00593,1.0.0,superseded_pending_capss_vii_diff,false,Transport,Road motorcycles,Gasoline motorcycle 260cc+,Gasoline,PM2.5,0.00276,,,,g/vehicle-km,vehicle-kilometres traveled,model-year group all,Korea,CAPSS road inventory factor,NIER transport-environment research,,,capss_handbook_vi_mirror,CAPSS VI Table 7-14,CAPSS_VI_needs_VII_diff,PM2.5 is 92% of PM10 in the handbook.,National Air Pollutant Emissions Estimation Method Handbook VI,2023,https://www.scribd.com/document/742589271/
EF00594,1.0.0,superseded_pending_capss_vii_diff,false,Transport,Road motorcycles,Gasoline motorcycle <50cc,Gasoline,VOCs,0.189,,,,g/vehicle-km,vehicle-kilometres traveled,model-year group 2008–2017,Korea,CAPSS road inventory factor,NIER transport-environment research,,,capss_handbook_vi_mirror,CAPSS VI Table 7-14,CAPSS_VI_needs_VII_diff,PM2.5 is 92% of PM10 in the handbook.,National Air Pollutant Emissions Estimation Method Handbook VI,2023,https://www.scribd.com/document/742589271/
EF00595,1.0.0,superseded_pending_capss_vii_diff,false,Transport,Road motorcycles,Gasoline motorcycle 50–<100cc,Gasoline,VOCs,0.114,,,,g/vehicle-km,vehicle-kilometres traveled,model-year group 2008–2017,Korea,CAPSS road inventory factor,NIER transport-environment research,,,capss_handbook_vi_mirror,CAPSS VI Table 7-14,CAPSS_VI_needs_VII_diff,PM2.5 is 92% of PM10 in the handbook.,National Air Pollutant Emissions Estimation Method Handbook VI,2023,https://www.scribd.com/document/742589271/
EF00596,1.0.0,superseded_pending_capss_vii_diff,false,Transport,Road motorcycles,Gasoline motorcycle 100–<260cc,Gasoline,VOCs,0.114,,,,g/vehicle-km,vehicle-kilometres traveled,model-year group 2008–2017,Korea,CAPSS road inventory factor,NIER transport-environment research,,,capss_handbook_vi_mirror,CAPSS VI Table 7-14,CAPSS_VI_needs_VII_diff,PM2.5 is 92% of PM10 in the handbook.,National Air Pollutant Emissions Estimation Method Handbook VI,2023,https://www.scribd.com/document/742589271/
EF00597,1.0.0,superseded_pending_capss_vii_diff,false,Transport,Road motorcycles,Gasoline motorcycle 260cc+,Gasoline,VOCs,0.085,,,,g/vehicle-km,vehicle-kilometres traveled,model-year group 2008–2017,Korea,CAPSS road inventory factor,NIER transport-environment research,,,capss_handbook_vi_mirror,CAPSS VI Table 7-14,CAPSS_VI_needs_VII_diff,PM2.5 is 92% of PM10 in the handbook.,National Air Pollutant Emissions Estimation Method Handbook VI,2023,https://www.scribd.com/document/742589271/
EF00598,1.0.0,superseded_pending_capss_vii_diff,false,Transport,Road motorcycles,Gasoline motorcycle <50cc,Gasoline,VOCs,0.189,,,,g/vehicle-km,vehicle-kilometres traveled,model-year group 2018+,Korea,CAPSS road inventory factor,NIER transport-environment research,,,capss_handbook_vi_mirror,CAPSS VI Table 7-14,CAPSS_VI_needs_VII_diff,PM2.5 is 92% of PM10 in the handbook.,National Air Pollutant Emissions Estimation Method Handbook VI,2023,https://www.scribd.com/document/742589271/
EF00599,1.0.0,superseded_pending_capss_vii_diff,false,Transport,Road motorcycles,Gasoline motorcycle 50–<100cc,Gasoline,VOCs,0.098,,,,g/vehicle-km,vehicle-kilometres traveled,model-year group 2018+,Korea,CAPSS road inventory factor,NIER transport-environment research,,,capss_handbook_vi_mirror,CAPSS VI Table 7-14,CAPSS_VI_needs_VII_diff,PM2.5 is 92% of PM10 in the handbook.,National Air Pollutant Emissions Estimation Method Handbook VI,2023,https://www.scribd.com/document/742589271/
EF00600,1.0.0,superseded_pending_capss_vii_diff,false,Transport,Road motorcycles,Gasoline motorcycle 100–<260cc,Gasoline,VOCs,0.101,,,,g/vehicle-km,vehicle-kilometres traveled,model-year group 2018+,Korea,CAPSS road inventory factor,NIER transport-environment research,,,capss_handbook_vi_mirror,CAPSS VI Table 7-14,CAPSS_VI_needs_VII_diff,PM2.5 is 92% of PM10 in the handbook.,National Air Pollutant Emissions Estimation Method Handbook VI,2023,https://www.scribd.com/document/742589271/
EF00601,1.0.0,superseded_pending_capss_vii_diff,false,Transport,Road motorcycles,Gasoline motorcycle 260cc+,Gasoline,VOCs,0.084,,,,g/vehicle-km,vehicle-kilometres traveled,model-year group 2018+,Korea,CAPSS road inventory factor,NIER transport-environment research,,,capss_handbook_vi_mirror,CAPSS VI Table 7-14,CAPSS_VI_needs_VII_diff,PM2.5 is 92% of PM10 in the handbook.,National Air Pollutant Emissions Estimation Method Handbook VI,2023,https://www.scribd.com/document/742589271/
EF00602,1.0.0,superseded_pending_capss_vii_diff,false,Transport,Road motorcycles,Gasoline motorcycle <50cc,Gasoline,NH3,0.001,,,,g/vehicle-km,vehicle-kilometres traveled,model-year group all,Korea,CAPSS road inventory factor,NIER transport-environment research,,,capss_handbook_vi_mirror,CAPSS VI Table 7-14,CAPSS_VI_needs_VII_diff,PM2.5 is 92% of PM10 in the handbook.,National Air Pollutant Emissions Estimation Method Handbook VI,2023,https://www.scribd.com/document/742589271/
EF00603,1.0.0,superseded_pending_capss_vii_diff,false,Transport,Road motorcycles,Gasoline motorcycle 50–<100cc,Gasoline,NH3,0.002,,,,g/vehicle-km,vehicle-kilometres traveled,model-year group all,Korea,CAPSS road inventory factor,NIER transport-environment research,,,capss_handbook_vi_mirror,CAPSS VI Table 7-14,CAPSS_VI_needs_VII_diff,PM2.5 is 92% of PM10 in the handbook.,National Air Pollutant Emissions Estimation Method Handbook VI,2023,https://www.scribd.com/document/742589271/
EF00604,1.0.0,superseded_pending_capss_vii_diff,false,Transport,Road motorcycles,Gasoline motorcycle 100–<260cc,Gasoline,NH3,0.002,,,,g/vehicle-km,vehicle-kilometres traveled,model-year group all,Korea,CAPSS road inventory factor,NIER transport-environment research,,,capss_handbook_vi_mirror,CAPSS VI Table 7-14,CAPSS_VI_needs_VII_diff,PM2.5 is 92% of PM10 in the handbook.,National Air Pollutant Emissions Estimation Method Handbook VI,2023,https://www.scribd.com/document/742589271/
EF00605,1.0.0,superseded_pending_capss_vii_diff,false,Transport,Road motorcycles,Gasoline motorcycle 260cc+,Gasoline,NH3,0.002,,,,g/vehicle-km,vehicle-kilometres traveled,model-year group all,Korea,CAPSS road inventory factor,NIER transport-environment research,,,capss_handbook_vi_mirror,CAPSS VI Table 7-14,CAPSS_VI_needs_VII_diff,PM2.5 is 92% of PM10 in the handbook.,National Air Pollutant Emissions Estimation Method Handbook VI,2023,https://www.scribd.com/document/742589271/
EF00606,1.0.0,superseded_pending_capss_vii_diff,false,Agriculture,Fertilizer application,Urea,,NH3,141.5,,,,kg/ton-N,fertilizer mass × nitrogen content,field volatilization factor,Korea,inventory default,Korean NIER study or US EPA depending fertilizer,,,capss_handbook_vi_mirror,CAPSS VI Table 10-3,CAPSS_VI_needs_VII_diff,"CAPSS formula applies the factor to nitrogen mass, not gross fertilizer mass.",National Air Pollutant Emissions Estimation Method Handbook VI,2023,https://www.scribd.com/document/742589271/
EF00607,1.0.0,superseded_pending_capss_vii_diff,false,Agriculture,Fertilizer application,Compound fertilizer,,NH3,75.2,,,,kg/ton-N,fertilizer mass × nitrogen content,field volatilization factor,Korea,inventory default,Korean NIER study or US EPA depending fertilizer,,,capss_handbook_vi_mirror,CAPSS VI Table 10-3,CAPSS_VI_needs_VII_diff,"CAPSS formula applies the factor to nitrogen mass, not gross fertilizer mass.",National Air Pollutant Emissions Estimation Method Handbook VI,2023,https://www.scribd.com/document/742589271/
EF00608,1.0.0,superseded_pending_capss_vii_diff,false,Agriculture,Fertilizer application,Ammonium sulfate,,NH3,97.0,,,,kg/ton-N,fertilizer mass × nitrogen content,field volatilization factor,Korea,inventory default,Korean NIER study or US EPA depending fertilizer,,,capss_handbook_vi_mirror,CAPSS VI Table 10-3,CAPSS_VI_needs_VII_diff,"CAPSS formula applies the factor to nitrogen mass, not gross fertilizer mass.",National Air Pollutant Emissions Estimation Method Handbook VI,2023,https://www.scribd.com/document/742589271/
EF00609,1.0.0,superseded_pending_capss_vii_diff,false,Agriculture,Fertilizer application,Anhydrous ammonia,,NH3,12.0,,,,kg/ton-N,fertilizer mass × nitrogen content,field volatilization factor,Korea,inventory default,Korean NIER study or US EPA depending fertilizer,,,capss_handbook_vi_mirror,CAPSS VI Table 10-3,CAPSS_VI_needs_VII_diff,"CAPSS formula applies the factor to nitrogen mass, not gross fertilizer mass.",National Air Pollutant Emissions Estimation Method Handbook VI,2023,https://www.scribd.com/document/742589271/
EF00610,1.0.0,superseded_pending_capss_vii_diff,false,Agriculture,Fertilizer application,Aqueous ammonia,,NH3,12.0,,,,kg/ton-N,fertilizer mass × nitrogen content,field volatilization factor,Korea,inventory default,Korean NIER study or US EPA depending fertilizer,,,capss_handbook_vi_mirror,CAPSS VI Table 10-3,CAPSS_VI_needs_VII_diff,"CAPSS formula applies the factor to nitrogen mass, not gross fertilizer mass.",National Air Pollutant Emissions Estimation Method Handbook VI,2023,https://www.scribd.com/document/742589271/
EF00611,1.0.0,superseded_pending_capss_vii_diff,false,Agriculture,Fertilizer application,Nitrogen solution,,NH3,30.0,,,,kg/ton-N,fertilizer mass × nitrogen content,field volatilization factor,Korea,inventory default,Korean NIER study or US EPA depending fertilizer,,,capss_handbook_vi_mirror,CAPSS VI Table 10-3,CAPSS_VI_needs_VII_diff,"CAPSS formula applies the factor to nitrogen mass, not gross fertilizer mass.",National Air Pollutant Emissions Estimation Method Handbook VI,2023,https://www.scribd.com/document/742589271/
EF00612,1.0.0,superseded_pending_capss_vii_diff,false,Agriculture,Fertilizer application,Ammonium nitrate,,NH3,25.0,,,,kg/ton-N,fertilizer mass × nitrogen content,field volatilization factor,Korea,inventory default,Korean NIER study or US EPA depending fertilizer,,,capss_handbook_vi_mirror,CAPSS VI Table 10-3,CAPSS_VI_needs_VII_diff,"CAPSS formula applies the factor to nitrogen mass, not gross fertilizer mass.",National Air Pollutant Emissions Estimation Method Handbook VI,2023,https://www.scribd.com/document/742589271/
EF00613,1.0.0,superseded_pending_capss_vii_diff,false,Agriculture,Fertilizer application,Ammonium thiosulfate,,NH3,30.0,,,,kg/ton-N,fertilizer mass × nitrogen content,field volatilization factor,Korea,inventory default,Korean NIER study or US EPA depending fertilizer,,,capss_handbook_vi_mirror,CAPSS VI Table 10-3,CAPSS_VI_needs_VII_diff,"CAPSS formula applies the factor to nitrogen mass, not gross fertilizer mass.",National Air Pollutant Emissions Estimation Method Handbook VI,2023,https://www.scribd.com/document/742589271/
EF00614,1.0.0,superseded_pending_capss_vii_diff,false,Agriculture,Fertilizer application,Other nitrogen fertilizer,,NH3,30.0,,,,kg/ton-N,fertilizer mass × nitrogen content,field volatilization factor,Korea,inventory default,Korean NIER study or US EPA depending fertilizer,,,capss_handbook_vi_mirror,CAPSS VI Table 10-3,CAPSS_VI_needs_VII_diff,"CAPSS formula applies the factor to nitrogen mass, not gross fertilizer mass.",National Air Pollutant Emissions Estimation Method Handbook VI,2023,https://www.scribd.com/document/742589271/
EF00615,1.0.0,superseded_pending_capss_vii_diff,false,Agriculture,Fertilizer application,Ammonium phosphate,,NH3,48.0,,,,kg/ton-N,fertilizer mass × nitrogen content,field volatilization factor,Korea,inventory default,Korean NIER study or US EPA depending fertilizer,,,capss_handbook_vi_mirror,CAPSS VI Table 10-3,CAPSS_VI_needs_VII_diff,"CAPSS formula applies the factor to nitrogen mass, not gross fertilizer mass.",National Air Pollutant Emissions Estimation Method Handbook VI,2023,https://www.scribd.com/document/742589271/
EF00616,1.0.0,superseded_pending_capss_vii_diff,false,Agriculture,Manure management,Dairy cow,,NH3,24.6,,,,kg/animal-year,annual animal population,animal-class average,Korea,inventory default,Korean NIER/CORINAIR/US EPA mix,,,capss_handbook_vi_mirror,CAPSS VI Table 10-6,CAPSS_VI_needs_VII_diff,,National Air Pollutant Emissions Estimation Method Handbook VI,2023,https://www.scribd.com/document/742589271/
EF00617,1.0.0,superseded_pending_capss_vii_diff,false,Agriculture,Manure management,Cattle <1 year,,NH3,11.8,,,,kg/animal-year,annual animal population,animal-class average,Korea,inventory default,Korean NIER/CORINAIR/US EPA mix,,,capss_handbook_vi_mirror,CAPSS VI Table 10-6,CAPSS_VI_needs_VII_diff,,National Air Pollutant Emissions Estimation Method Handbook VI,2023,https://www.scribd.com/document/742589271/
EF00618,1.0.0,superseded_pending_capss_vii_diff,false,Agriculture,Manure management,Cattle 1–2 years,,NH3,14.0,,,,kg/animal-year,annual animal population,animal-class average,Korea,inventory default,Korean NIER/CORINAIR/US EPA mix,,,capss_handbook_vi_mirror,CAPSS VI Table 10-6,CAPSS_VI_needs_VII_diff,,National Air Pollutant Emissions Estimation Method Handbook VI,2023,https://www.scribd.com/document/742589271/
EF00619,1.0.0,superseded_pending_capss_vii_diff,false,Agriculture,Manure management,Cattle >2 years,,NH3,16.8,,,,kg/animal-year,annual animal population,animal-class average,Korea,inventory default,Korean NIER/CORINAIR/US EPA mix,,,capss_handbook_vi_mirror,CAPSS VI Table 10-6,CAPSS_VI_needs_VII_diff,,National Air Pollutant Emissions Estimation Method Handbook VI,2023,https://www.scribd.com/document/742589271/
EF00620,1.0.0,superseded_pending_capss_vii_diff,false,Agriculture,Manure management,Piglet,,NH3,4.4,,,,kg/animal-year,annual animal population,animal-class average,Korea,inventory default,Korean NIER/CORINAIR/US EPA mix,,,capss_handbook_vi_mirror,CAPSS VI Table 10-6,CAPSS_VI_needs_VII_diff,,National Air Pollutant Emissions Estimation Method Handbook VI,2023,https://www.scribd.com/document/742589271/
EF00621,1.0.0,superseded_pending_capss_vii_diff,false,Agriculture,Manure management,Growing pig,,NH3,5.27,,,,kg/animal-year,annual animal population,animal-class average,Korea,inventory default,Korean NIER/CORINAIR/US EPA mix,,,capss_handbook_vi_mirror,CAPSS VI Table 10-6,CAPSS_VI_needs_VII_diff,,National Air Pollutant Emissions Estimation Method Handbook VI,2023,https://www.scribd.com/document/742589271/
EF00622,1.0.0,superseded_pending_capss_vii_diff,false,Agriculture,Manure management,Finishing pig,,NH3,7.28,,,,kg/animal-year,annual animal population,animal-class average,Korea,inventory default,Korean NIER/CORINAIR/US EPA mix,,,capss_handbook_vi_mirror,CAPSS VI Table 10-6,CAPSS_VI_needs_VII_diff,,National Air Pollutant Emissions Estimation Method Handbook VI,2023,https://www.scribd.com/document/742589271/
EF00623,1.0.0,superseded_pending_capss_vii_diff,false,Agriculture,Manure management,Sow,,NH3,21.4,,,,kg/animal-year,annual animal population,animal-class average,Korea,inventory default,Korean NIER/CORINAIR/US EPA mix,,,capss_handbook_vi_mirror,CAPSS VI Table 10-6,CAPSS_VI_needs_VII_diff,,National Air Pollutant Emissions Estimation Method Handbook VI,2023,https://www.scribd.com/document/742589271/
EF00624,1.0.0,superseded_pending_capss_vii_diff,false,Agriculture,Manure management,Layer chicken,,NH3,0.37,,,,kg/animal-year,annual animal population,animal-class average,Korea,inventory default,Korean NIER/CORINAIR/US EPA mix,,,capss_handbook_vi_mirror,CAPSS VI Table 10-6,CAPSS_VI_needs_VII_diff,,National Air Pollutant Emissions Estimation Method Handbook VI,2023,https://www.scribd.com/document/742589271/
EF00625,1.0.0,superseded_pending_capss_vii_diff,false,Agriculture,Manure management,Broiler chicken,,NH3,0.061625,,,,kg/animal-year,annual animal population,animal-class average,Korea,inventory default,Korean NIER/CORINAIR/US EPA mix,,,capss_handbook_vi_mirror,CAPSS VI Table 10-6,CAPSS_VI_needs_VII_diff,,National Air Pollutant Emissions Estimation Method Handbook VI,2023,https://www.scribd.com/document/742589271/
EF00626,1.0.0,superseded_pending_capss_vii_diff,false,Agriculture,Manure management,Duck,,NH3,0.92,,,,kg/animal-year,annual animal population,animal-class average,Korea,inventory default,Korean NIER/CORINAIR/US EPA mix,,,capss_handbook_vi_mirror,CAPSS VI Table 10-6,CAPSS_VI_needs_VII_diff,,National Air Pollutant Emissions Estimation Method Handbook VI,2023,https://www.scribd.com/document/742589271/
EF00627,1.0.0,superseded_pending_capss_vii_diff,false,Agriculture,Manure management,Goose,,NH3,0.92,,,,kg/animal-year,annual animal population,animal-class average,Korea,inventory default,Korean NIER/CORINAIR/US EPA mix,,,capss_handbook_vi_mirror,CAPSS VI Table 10-6,CAPSS_VI_needs_VII_diff,,National Air Pollutant Emissions Estimation Method Handbook VI,2023,https://www.scribd.com/document/742589271/
EF00628,1.0.0,superseded_pending_capss_vii_diff,false,Agriculture,Manure management,Turkey,,NH3,0.92,,,,kg/animal-year,annual animal population,animal-class average,Korea,inventory default,Korean NIER/CORINAIR/US EPA mix,,,capss_handbook_vi_mirror,CAPSS VI Table 10-6,CAPSS_VI_needs_VII_diff,,National Air Pollutant Emissions Estimation Method Handbook VI,2023,https://www.scribd.com/document/742589271/
EF00629,1.0.0,superseded_pending_capss_vii_diff,false,Agriculture,Manure management,Sheep,,NH3,0.46,,,,kg/animal-year,annual animal population,animal-class average,Korea,inventory default,Korean NIER/CORINAIR/US EPA mix,,,capss_handbook_vi_mirror,CAPSS VI Table 10-6,CAPSS_VI_needs_VII_diff,,National Air Pollutant Emissions Estimation Method Handbook VI,2023,https://www.scribd.com/document/742589271/
EF00630,1.0.0,superseded_pending_capss_vii_diff,false,Agriculture,Manure management,Goat,,NH3,0.46,,,,kg/animal-year,annual animal population,animal-class average,Korea,inventory default,Korean NIER/CORINAIR/US EPA mix,,,capss_handbook_vi_mirror,CAPSS VI Table 10-6,CAPSS_VI_needs_VII_diff,,National Air Pollutant Emissions Estimation Method Handbook VI,2023,https://www.scribd.com/document/742589271/
EF00631,1.0.0,superseded_pending_capss_vii_diff,false,Agriculture,Manure management,Horse,,NH3,5.1,,,,kg/animal-year,annual animal population,animal-class average,Korea,inventory default,Korean NIER/CORINAIR/US EPA mix,,,capss_handbook_vi_mirror,CAPSS VI Table 10-6,CAPSS_VI_needs_VII_diff,,National Air Pollutant Emissions Estimation Method Handbook VI,2023,https://www.scribd.com/document/742589271/
EF00632,1.0.0,superseded_pending_capss_vii_diff,false,Agriculture,Manure management,Mule,,NH3,5.1,,,,kg/animal-year,annual animal population,animal-class average,Korea,inventory default,Korean NIER/CORINAIR/US EPA mix,,,capss_handbook_vi_mirror,CAPSS VI Table 10-6,CAPSS_VI_needs_VII_diff,,National Air Pollutant Emissions Estimation Method Handbook VI,2023,https://www.scribd.com/document/742589271/
EF00633,1.0.0,superseded_pending_capss_vii_diff,false,Agriculture,Manure management,Donkey,,NH3,5.1,,,,kg/animal-year,annual animal population,animal-class average,Korea,inventory default,Korean NIER/CORINAIR/US EPA mix,,,capss_handbook_vi_mirror,CAPSS VI Table 10-6,CAPSS_VI_needs_VII_diff,,National Air Pollutant Emissions Estimation Method Handbook VI,2023,https://www.scribd.com/document/742589271/
EF00634,1.0.0,superseded_pending_capss_vii_diff,false,Agriculture,Manure management,Mink,,NH3,1.69,,,,kg/animal-year,annual animal population,animal-class average,Korea,inventory default,Korean NIER/CORINAIR/US EPA mix,,,capss_handbook_vi_mirror,CAPSS VI Table 10-6,CAPSS_VI_needs_VII_diff,,National Air Pollutant Emissions Estimation Method Handbook VI,2023,https://www.scribd.com/document/742589271/
EF00635,1.0.0,superseded_pending_capss_vii_diff,false,Agriculture,Manure management,Fox,,NH3,1.69,,,,kg/animal-year,annual animal population,animal-class average,Korea,inventory default,Korean NIER/CORINAIR/US EPA mix,,,capss_handbook_vi_mirror,CAPSS VI Table 10-6,CAPSS_VI_needs_VII_diff,,National Air Pollutant Emissions Estimation Method Handbook VI,2023,https://www.scribd.com/document/742589271/
EF00636,1.0.0,superseded_pending_capss_vii_diff,false,Agriculture,Manure management,Rabbit,,NH3,1.69,,,,kg/animal-year,annual animal population,animal-class average,Korea,inventory default,Korean NIER/CORINAIR/US EPA mix,,,capss_handbook_vi_mirror,CAPSS VI Table 10-6,CAPSS_VI_needs_VII_diff,,National Air Pollutant Emissions Estimation Method Handbook VI,2023,https://www.scribd.com/document/742589271/
EF00637,1.0.0,superseded_pending_capss_vii_diff,false,Agriculture,Manure management,Dog,,NH3,2.5,,,,kg/animal-year,annual animal population,animal-class average,Korea,inventory default,Korean NIER/CORINAIR/US EPA mix,,,capss_handbook_vi_mirror,CAPSS VI Table 10-6,CAPSS_VI_needs_VII_diff,,National Air Pollutant Emissions Estimation Method Handbook VI,2023,https://www.scribd.com/document/742589271/
EF00638,1.0.0,superseded_pending_capss_vii_diff,false,Agriculture,Manure management,Deer,,NH3,1.1,,,,kg/animal-year,annual animal population,animal-class average,Korea,inventory default,Korean NIER/CORINAIR/US EPA mix,,,capss_handbook_vi_mirror,CAPSS VI Table 10-6,CAPSS_VI_needs_VII_diff,,National Air Pollutant Emissions Estimation Method Handbook VI,2023,https://www.scribd.com/document/742589271/
EF00639,1.0.0,superseded_pending_capss_vii_diff,false,Agriculture,Manure management,Cat,,NH3,0.83,,,,kg/animal-year,annual animal population,animal-class average,Korea,inventory default,Korean NIER/CORINAIR/US EPA mix,,,capss_handbook_vi_mirror,CAPSS VI Table 10-6,CAPSS_VI_needs_VII_diff,,National Air Pollutant Emissions Estimation Method Handbook VI,2023,https://www.scribd.com/document/742589271/
EF00640,1.0.0,superseded_pending_capss_vii_diff,false,Waste,Municipal waste incineration,Small <=200 kg/h,,CO,0.5,,,,kg/ton-waste,waste incinerated,controlled; modern factors except older VOC factor,Korea,CAPSS inventory default,CAPSS using CORINAIR with Korean PM fractions,,,capss_handbook_vi_mirror,CAPSS VI Table 9-3,CAPSS_VI_needs_VII_diff,,National Air Pollutant Emissions Estimation Method Handbook VI,2023,https://www.scribd.com/document/742589271/
EF00641,1.0.0,superseded_pending_capss_vii_diff,false,Waste,Municipal waste incineration,Small <=200 kg/h,,NOx,1.8,,,,kg/ton-waste,waste incinerated,controlled; modern factors except older VOC factor,Korea,CAPSS inventory default,CAPSS using CORINAIR with Korean PM fractions,,,capss_handbook_vi_mirror,CAPSS VI Table 9-3,CAPSS_VI_needs_VII_diff,,National Air Pollutant Emissions Estimation Method Handbook VI,2023,https://www.scribd.com/document/742589271/
EF00642,1.0.0,superseded_pending_capss_vii_diff,false,Waste,Municipal waste incineration,Small <=200 kg/h,,SOx,0.4,,,,kg/ton-waste,waste incinerated,controlled; modern factors except older VOC factor,Korea,CAPSS inventory default,CAPSS using CORINAIR with Korean PM fractions,,,capss_handbook_vi_mirror,CAPSS VI Table 9-3,CAPSS_VI_needs_VII_diff,,National Air Pollutant Emissions Estimation Method Handbook VI,2023,https://www.scribd.com/document/742589271/
EF00643,1.0.0,superseded_pending_capss_vii_diff,false,Waste,Municipal waste incineration,Small <=200 kg/h,,TSP,0.05,,,,kg/ton-waste,waste incinerated,controlled; modern factors except older VOC factor,Korea,CAPSS inventory default,CAPSS using CORINAIR with Korean PM fractions,,,capss_handbook_vi_mirror,CAPSS VI Table 9-3,CAPSS_VI_needs_VII_diff,,National Air Pollutant Emissions Estimation Method Handbook VI,2023,https://www.scribd.com/document/742589271/
EF00644,1.0.0,superseded_pending_capss_vii_diff,false,Waste,Municipal waste incineration,Small <=200 kg/h,,PM10,0.0362,,,,kg/ton-waste,waste incinerated,controlled; modern factors except older VOC factor,Korea,CAPSS inventory default,CAPSS using CORINAIR with Korean PM fractions,,,capss_handbook_vi_mirror,CAPSS VI Table 9-3,CAPSS_VI_needs_VII_diff,,National Air Pollutant Emissions Estimation Method Handbook VI,2023,https://www.scribd.com/document/742589271/
EF00645,1.0.0,superseded_pending_capss_vii_diff,false,Waste,Municipal waste incineration,Small <=200 kg/h,,PM2.5,0.03258,,,,kg/ton-waste,waste incinerated,controlled; modern factors except older VOC factor,Korea,CAPSS inventory default,CAPSS using CORINAIR with Korean PM fractions,,,capss_handbook_vi_mirror,CAPSS VI Table 9-3,CAPSS_VI_needs_VII_diff,,National Air Pollutant Emissions Estimation Method Handbook VI,2023,https://www.scribd.com/document/742589271/
EF00646,1.0.0,superseded_pending_capss_vii_diff,false,Waste,Municipal waste incineration,Small <=200 kg/h,,VOCs,0.02,,,,kg/ton-waste,waste incinerated,controlled; modern factors except older VOC factor,Korea,CAPSS inventory default,CAPSS using CORINAIR with Korean PM fractions,,,capss_handbook_vi_mirror,CAPSS VI Table 9-3,CAPSS_VI_needs_VII_diff,,National Air Pollutant Emissions Estimation Method Handbook VI,2023,https://www.scribd.com/document/742589271/
EF00647,1.0.0,superseded_pending_capss_vii_diff,false,Waste,Industrial waste incineration,Small <=200 kg/h,,CO,0.125,,,,kg/ton-waste,waste incinerated,controlled,Korea,CAPSS inventory default,CAPSS using CORINAIR with Korean PM fractions,,,capss_handbook_vi_mirror,CAPSS VI Table 9-6,CAPSS_VI_needs_VII_diff,,National Air Pollutant Emissions Estimation Method Handbook VI,2023,https://www.scribd.com/document/742589271/
EF00648,1.0.0,superseded_pending_capss_vii_diff,false,Waste,Industrial waste incineration,Small <=200 kg/h,,NOx,2.5,,,,kg/ton-waste,waste incinerated,controlled,Korea,CAPSS inventory default,CAPSS using CORINAIR with Korean PM fractions,,,capss_handbook_vi_mirror,CAPSS VI Table 9-6,CAPSS_VI_needs_VII_diff,,National Air Pollutant Emissions Estimation Method Handbook VI,2023,https://www.scribd.com/document/742589271/
EF00649,1.0.0,superseded_pending_capss_vii_diff,false,Waste,Industrial waste incineration,Small <=200 kg/h,,SOx,0.07,,,,kg/ton-waste,waste incinerated,controlled,Korea,CAPSS inventory default,CAPSS using CORINAIR with Korean PM fractions,,,capss_handbook_vi_mirror,CAPSS VI Table 9-6,CAPSS_VI_needs_VII_diff,,National Air Pollutant Emissions Estimation Method Handbook VI,2023,https://www.scribd.com/document/742589271/
EF00650,1.0.0,superseded_pending_capss_vii_diff,false,Waste,Industrial waste incineration,Small <=200 kg/h,,TSP,0.05,,,,kg/ton-waste,waste incinerated,controlled,Korea,CAPSS inventory default,CAPSS using CORINAIR with Korean PM fractions,,,capss_handbook_vi_mirror,CAPSS VI Table 9-6,CAPSS_VI_needs_VII_diff,,National Air Pollutant Emissions Estimation Method Handbook VI,2023,https://www.scribd.com/document/742589271/
EF00651,1.0.0,superseded_pending_capss_vii_diff,false,Waste,Industrial waste incineration,Small <=200 kg/h,,PM10,0.0362,,,,kg/ton-waste,waste incinerated,controlled,Korea,CAPSS inventory default,CAPSS using CORINAIR with Korean PM fractions,,,capss_handbook_vi_mirror,CAPSS VI Table 9-6,CAPSS_VI_needs_VII_diff,,National Air Pollutant Emissions Estimation Method Handbook VI,2023,https://www.scribd.com/document/742589271/
EF00652,1.0.0,superseded_pending_capss_vii_diff,false,Waste,Industrial waste incineration,Small <=200 kg/h,,PM2.5,0.03258,,,,kg/ton-waste,waste incinerated,controlled,Korea,CAPSS inventory default,CAPSS using CORINAIR with Korean PM fractions,,,capss_handbook_vi_mirror,CAPSS VI Table 9-6,CAPSS_VI_needs_VII_diff,,National Air Pollutant Emissions Estimation Method Handbook VI,2023,https://www.scribd.com/document/742589271/
EF00653,1.0.0,superseded_pending_capss_vii_diff,false,Waste,Industrial waste incineration,Small <=200 kg/h,,VOCs,7.4,,,,kg/ton-waste,waste incinerated,controlled,Korea,CAPSS inventory default,CAPSS using CORINAIR with Korean PM fractions,,,capss_handbook_vi_mirror,CAPSS VI Table 9-6,CAPSS_VI_needs_VII_diff,,National Air Pollutant Emissions Estimation Method Handbook VI,2023,https://www.scribd.com/document/742589271/
EF00654,1.0.0,superseded_pending_capss_vii_diff,false,Waste,Municipal waste incineration,Medium 200–2000 kg/h,,CO,0.5,,,,kg/ton-waste,waste incinerated,controlled; modern factors except older VOC factor,Korea,CAPSS inventory default,CAPSS using CORINAIR with Korean PM fractions,,,capss_handbook_vi_mirror,CAPSS VI Table 9-3,CAPSS_VI_needs_VII_diff,,National Air Pollutant Emissions Estimation Method Handbook VI,2023,https://www.scribd.com/document/742589271/
EF00655,1.0.0,superseded_pending_capss_vii_diff,false,Waste,Municipal waste incineration,Medium 200–2000 kg/h,,NOx,1.8,,,,kg/ton-waste,waste incinerated,controlled; modern factors except older VOC factor,Korea,CAPSS inventory default,CAPSS using CORINAIR with Korean PM fractions,,,capss_handbook_vi_mirror,CAPSS VI Table 9-3,CAPSS_VI_needs_VII_diff,,National Air Pollutant Emissions Estimation Method Handbook VI,2023,https://www.scribd.com/document/742589271/
EF00656,1.0.0,superseded_pending_capss_vii_diff,false,Waste,Municipal waste incineration,Medium 200–2000 kg/h,,SOx,0.4,,,,kg/ton-waste,waste incinerated,controlled; modern factors except older VOC factor,Korea,CAPSS inventory default,CAPSS using CORINAIR with Korean PM fractions,,,capss_handbook_vi_mirror,CAPSS VI Table 9-3,CAPSS_VI_needs_VII_diff,,National Air Pollutant Emissions Estimation Method Handbook VI,2023,https://www.scribd.com/document/742589271/
EF00657,1.0.0,superseded_pending_capss_vii_diff,false,Waste,Municipal waste incineration,Medium 200–2000 kg/h,,TSP,0.05,,,,kg/ton-waste,waste incinerated,controlled; modern factors except older VOC factor,Korea,CAPSS inventory default,CAPSS using CORINAIR with Korean PM fractions,,,capss_handbook_vi_mirror,CAPSS VI Table 9-3,CAPSS_VI_needs_VII_diff,,National Air Pollutant Emissions Estimation Method Handbook VI,2023,https://www.scribd.com/document/742589271/
EF00658,1.0.0,superseded_pending_capss_vii_diff,false,Waste,Municipal waste incineration,Medium 200–2000 kg/h,,PM10,0.0362,,,,kg/ton-waste,waste incinerated,controlled; modern factors except older VOC factor,Korea,CAPSS inventory default,CAPSS using CORINAIR with Korean PM fractions,,,capss_handbook_vi_mirror,CAPSS VI Table 9-3,CAPSS_VI_needs_VII_diff,,National Air Pollutant Emissions Estimation Method Handbook VI,2023,https://www.scribd.com/document/742589271/
EF00659,1.0.0,superseded_pending_capss_vii_diff,false,Waste,Municipal waste incineration,Medium 200–2000 kg/h,,PM2.5,0.03258,,,,kg/ton-waste,waste incinerated,controlled; modern factors except older VOC factor,Korea,CAPSS inventory default,CAPSS using CORINAIR with Korean PM fractions,,,capss_handbook_vi_mirror,CAPSS VI Table 9-3,CAPSS_VI_needs_VII_diff,,National Air Pollutant Emissions Estimation Method Handbook VI,2023,https://www.scribd.com/document/742589271/
EF00660,1.0.0,superseded_pending_capss_vii_diff,false,Waste,Municipal waste incineration,Medium 200–2000 kg/h,,VOCs,0.02,,,,kg/ton-waste,waste incinerated,controlled; modern factors except older VOC factor,Korea,CAPSS inventory default,CAPSS using CORINAIR with Korean PM fractions,,,capss_handbook_vi_mirror,CAPSS VI Table 9-3,CAPSS_VI_needs_VII_diff,,National Air Pollutant Emissions Estimation Method Handbook VI,2023,https://www.scribd.com/document/742589271/
EF00661,1.0.0,superseded_pending_capss_vii_diff,false,Waste,Industrial waste incineration,Medium 200–2000 kg/h,,CO,0.125,,,,kg/ton-waste,waste incinerated,controlled,Korea,CAPSS inventory default,CAPSS using CORINAIR with Korean PM fractions,,,capss_handbook_vi_mirror,CAPSS VI Table 9-6,CAPSS_VI_needs_VII_diff,,National Air Pollutant Emissions Estimation Method Handbook VI,2023,https://www.scribd.com/document/742589271/
EF00662,1.0.0,superseded_pending_capss_vii_diff,false,Waste,Industrial waste incineration,Medium 200–2000 kg/h,,NOx,2.5,,,,kg/ton-waste,waste incinerated,controlled,Korea,CAPSS inventory default,CAPSS using CORINAIR with Korean PM fractions,,,capss_handbook_vi_mirror,CAPSS VI Table 9-6,CAPSS_VI_needs_VII_diff,,National Air Pollutant Emissions Estimation Method Handbook VI,2023,https://www.scribd.com/document/742589271/
EF00663,1.0.0,superseded_pending_capss_vii_diff,false,Waste,Industrial waste incineration,Medium 200–2000 kg/h,,SOx,0.07,,,,kg/ton-waste,waste incinerated,controlled,Korea,CAPSS inventory default,CAPSS using CORINAIR with Korean PM fractions,,,capss_handbook_vi_mirror,CAPSS VI Table 9-6,CAPSS_VI_needs_VII_diff,,National Air Pollutant Emissions Estimation Method Handbook VI,2023,https://www.scribd.com/document/742589271/
EF00664,1.0.0,superseded_pending_capss_vii_diff,false,Waste,Industrial waste incineration,Medium 200–2000 kg/h,,TSP,0.05,,,,kg/ton-waste,waste incinerated,controlled,Korea,CAPSS inventory default,CAPSS using CORINAIR with Korean PM fractions,,,capss_handbook_vi_mirror,CAPSS VI Table 9-6,CAPSS_VI_needs_VII_diff,,National Air Pollutant Emissions Estimation Method Handbook VI,2023,https://www.scribd.com/document/742589271/
EF00665,1.0.0,superseded_pending_capss_vii_diff,false,Waste,Industrial waste incineration,Medium 200–2000 kg/h,,PM10,0.0362,,,,kg/ton-waste,waste incinerated,controlled,Korea,CAPSS inventory default,CAPSS using CORINAIR with Korean PM fractions,,,capss_handbook_vi_mirror,CAPSS VI Table 9-6,CAPSS_VI_needs_VII_diff,,National Air Pollutant Emissions Estimation Method Handbook VI,2023,https://www.scribd.com/document/742589271/
EF00666,1.0.0,superseded_pending_capss_vii_diff,false,Waste,Industrial waste incineration,Medium 200–2000 kg/h,,PM2.5,0.03258,,,,kg/ton-waste,waste incinerated,controlled,Korea,CAPSS inventory default,CAPSS using CORINAIR with Korean PM fractions,,,capss_handbook_vi_mirror,CAPSS VI Table 9-6,CAPSS_VI_needs_VII_diff,,National Air Pollutant Emissions Estimation Method Handbook VI,2023,https://www.scribd.com/document/742589271/
EF00667,1.0.0,superseded_pending_capss_vii_diff,false,Waste,Industrial waste incineration,Medium 200–2000 kg/h,,VOCs,7.4,,,,kg/ton-waste,waste incinerated,controlled,Korea,CAPSS inventory default,CAPSS using CORINAIR with Korean PM fractions,,,capss_handbook_vi_mirror,CAPSS VI Table 9-6,CAPSS_VI_needs_VII_diff,,National Air Pollutant Emissions Estimation Method Handbook VI,2023,https://www.scribd.com/document/742589271/
EF00668,1.0.0,superseded_pending_capss_vii_diff,false,Waste,Municipal waste incineration,Large >=2000 kg/h,,CO,0.5,,,,kg/ton-waste,waste incinerated,controlled; modern factors except older VOC factor,Korea,CAPSS inventory default,CAPSS using CORINAIR with Korean PM fractions,,,capss_handbook_vi_mirror,CAPSS VI Table 9-3,CAPSS_VI_needs_VII_diff,,National Air Pollutant Emissions Estimation Method Handbook VI,2023,https://www.scribd.com/document/742589271/
EF00669,1.0.0,superseded_pending_capss_vii_diff,false,Waste,Municipal waste incineration,Large >=2000 kg/h,,NOx,1.8,,,,kg/ton-waste,waste incinerated,controlled; modern factors except older VOC factor,Korea,CAPSS inventory default,CAPSS using CORINAIR with Korean PM fractions,,,capss_handbook_vi_mirror,CAPSS VI Table 9-3,CAPSS_VI_needs_VII_diff,,National Air Pollutant Emissions Estimation Method Handbook VI,2023,https://www.scribd.com/document/742589271/
EF00670,1.0.0,superseded_pending_capss_vii_diff,false,Waste,Municipal waste incineration,Large >=2000 kg/h,,SOx,0.4,,,,kg/ton-waste,waste incinerated,controlled; modern factors except older VOC factor,Korea,CAPSS inventory default,CAPSS using CORINAIR with Korean PM fractions,,,capss_handbook_vi_mirror,CAPSS VI Table 9-3,CAPSS_VI_needs_VII_diff,,National Air Pollutant Emissions Estimation Method Handbook VI,2023,https://www.scribd.com/document/742589271/
EF00671,1.0.0,superseded_pending_capss_vii_diff,false,Waste,Municipal waste incineration,Large >=2000 kg/h,,TSP,0.05,,,,kg/ton-waste,waste incinerated,controlled; modern factors except older VOC factor,Korea,CAPSS inventory default,CAPSS using CORINAIR with Korean PM fractions,,,capss_handbook_vi_mirror,CAPSS VI Table 9-3,CAPSS_VI_needs_VII_diff,,National Air Pollutant Emissions Estimation Method Handbook VI,2023,https://www.scribd.com/document/742589271/
EF00672,1.0.0,superseded_pending_capss_vii_diff,false,Waste,Municipal waste incineration,Large >=2000 kg/h,,PM10,0.0362,,,,kg/ton-waste,waste incinerated,controlled; modern factors except older VOC factor,Korea,CAPSS inventory default,CAPSS using CORINAIR with Korean PM fractions,,,capss_handbook_vi_mirror,CAPSS VI Table 9-3,CAPSS_VI_needs_VII_diff,,National Air Pollutant Emissions Estimation Method Handbook VI,2023,https://www.scribd.com/document/742589271/
EF00673,1.0.0,superseded_pending_capss_vii_diff,false,Waste,Municipal waste incineration,Large >=2000 kg/h,,PM2.5,0.03258,,,,kg/ton-waste,waste incinerated,controlled; modern factors except older VOC factor,Korea,CAPSS inventory default,CAPSS using CORINAIR with Korean PM fractions,,,capss_handbook_vi_mirror,CAPSS VI Table 9-3,CAPSS_VI_needs_VII_diff,,National Air Pollutant Emissions Estimation Method Handbook VI,2023,https://www.scribd.com/document/742589271/
EF00674,1.0.0,superseded_pending_capss_vii_diff,false,Waste,Municipal waste incineration,Large >=2000 kg/h,,VOCs,0.02,,,,kg/ton-waste,waste incinerated,controlled; modern factors except older VOC factor,Korea,CAPSS inventory default,CAPSS using CORINAIR with Korean PM fractions,,,capss_handbook_vi_mirror,CAPSS VI Table 9-3,CAPSS_VI_needs_VII_diff,,National Air Pollutant Emissions Estimation Method Handbook VI,2023,https://www.scribd.com/document/742589271/
EF00675,1.0.0,superseded_pending_capss_vii_diff,false,Waste,Industrial waste incineration,Large >=2000 kg/h,,CO,0.125,,,,kg/ton-waste,waste incinerated,controlled,Korea,CAPSS inventory default,CAPSS using CORINAIR with Korean PM fractions,,,capss_handbook_vi_mirror,CAPSS VI Table 9-6,CAPSS_VI_needs_VII_diff,,National Air Pollutant Emissions Estimation Method Handbook VI,2023,https://www.scribd.com/document/742589271/
EF00676,1.0.0,superseded_pending_capss_vii_diff,false,Waste,Industrial waste incineration,Large >=2000 kg/h,,NOx,2.5,,,,kg/ton-waste,waste incinerated,controlled,Korea,CAPSS inventory default,CAPSS using CORINAIR with Korean PM fractions,,,capss_handbook_vi_mirror,CAPSS VI Table 9-6,CAPSS_VI_needs_VII_diff,,National Air Pollutant Emissions Estimation Method Handbook VI,2023,https://www.scribd.com/document/742589271/
EF00677,1.0.0,superseded_pending_capss_vii_diff,false,Waste,Industrial waste incineration,Large >=2000 kg/h,,SOx,0.07,,,,kg/ton-waste,waste incinerated,controlled,Korea,CAPSS inventory default,CAPSS using CORINAIR with Korean PM fractions,,,capss_handbook_vi_mirror,CAPSS VI Table 9-6,CAPSS_VI_needs_VII_diff,,National Air Pollutant Emissions Estimation Method Handbook VI,2023,https://www.scribd.com/document/742589271/
EF00678,1.0.0,superseded_pending_capss_vii_diff,false,Waste,Industrial waste incineration,Large >=2000 kg/h,,TSP,0.05,,,,kg/ton-waste,waste incinerated,controlled,Korea,CAPSS inventory default,CAPSS using CORINAIR with Korean PM fractions,,,capss_handbook_vi_mirror,CAPSS VI Table 9-6,CAPSS_VI_needs_VII_diff,,National Air Pollutant Emissions Estimation Method Handbook VI,2023,https://www.scribd.com/document/742589271/
EF00679,1.0.0,superseded_pending_capss_vii_diff,false,Waste,Industrial waste incineration,Large >=2000 kg/h,,PM10,0.0362,,,,kg/ton-waste,waste incinerated,controlled,Korea,CAPSS inventory default,CAPSS using CORINAIR with Korean PM fractions,,,capss_handbook_vi_mirror,CAPSS VI Table 9-6,CAPSS_VI_needs_VII_diff,,National Air Pollutant Emissions Estimation Method Handbook VI,2023,https://www.scribd.com/document/742589271/
EF00680,1.0.0,superseded_pending_capss_vii_diff,false,Waste,Industrial waste incineration,Large >=2000 kg/h,,PM2.5,0.03258,,,,kg/ton-waste,waste incinerated,controlled,Korea,CAPSS inventory default,CAPSS using CORINAIR with Korean PM fractions,,,capss_handbook_vi_mirror,CAPSS VI Table 9-6,CAPSS_VI_needs_VII_diff,,National Air Pollutant Emissions Estimation Method Handbook VI,2023,https://www.scribd.com/document/742589271/
EF00681,1.0.0,superseded_pending_capss_vii_diff,false,Waste,Industrial waste incineration,Large >=2000 kg/h,,VOCs,7.4,,,,kg/ton-waste,waste incinerated,controlled,Korea,CAPSS inventory default,CAPSS using CORINAIR with Korean PM fractions,,,capss_handbook_vi_mirror,CAPSS VI Table 9-6,CAPSS_VI_needs_VII_diff,,National Air Pollutant Emissions Estimation Method Handbook VI,2023,https://www.scribd.com/document/742589271/
EF00682,1.0.0,superseded_pending_capss_vii_diff,false,Waste,Municipal waste incineration,Other/area source,,CO,0.5,,,,kg/ton-waste,waste incinerated,controlled; modern factors except older VOC factor,Korea,CAPSS inventory default,CAPSS using CORINAIR with Korean PM fractions,,,capss_handbook_vi_mirror,CAPSS VI Table 9-3,CAPSS_VI_needs_VII_diff,,National Air Pollutant Emissions Estimation Method Handbook VI,2023,https://www.scribd.com/document/742589271/
EF00683,1.0.0,superseded_pending_capss_vii_diff,false,Waste,Municipal waste incineration,Other/area source,,NOx,1.8,,,,kg/ton-waste,waste incinerated,controlled; modern factors except older VOC factor,Korea,CAPSS inventory default,CAPSS using CORINAIR with Korean PM fractions,,,capss_handbook_vi_mirror,CAPSS VI Table 9-3,CAPSS_VI_needs_VII_diff,,National Air Pollutant Emissions Estimation Method Handbook VI,2023,https://www.scribd.com/document/742589271/
EF00684,1.0.0,superseded_pending_capss_vii_diff,false,Waste,Municipal waste incineration,Other/area source,,SOx,0.4,,,,kg/ton-waste,waste incinerated,controlled; modern factors except older VOC factor,Korea,CAPSS inventory default,CAPSS using CORINAIR with Korean PM fractions,,,capss_handbook_vi_mirror,CAPSS VI Table 9-3,CAPSS_VI_needs_VII_diff,,National Air Pollutant Emissions Estimation Method Handbook VI,2023,https://www.scribd.com/document/742589271/
EF00685,1.0.0,superseded_pending_capss_vii_diff,false,Waste,Municipal waste incineration,Other/area source,,TSP,0.05,,,,kg/ton-waste,waste incinerated,controlled; modern factors except older VOC factor,Korea,CAPSS inventory default,CAPSS using CORINAIR with Korean PM fractions,,,capss_handbook_vi_mirror,CAPSS VI Table 9-3,CAPSS_VI_needs_VII_diff,,National Air Pollutant Emissions Estimation Method Handbook VI,2023,https://www.scribd.com/document/742589271/
EF00686,1.0.0,superseded_pending_capss_vii_diff,false,Waste,Municipal waste incineration,Other/area source,,PM10,0.0362,,,,kg/ton-waste,waste incinerated,controlled; modern factors except older VOC factor,Korea,CAPSS inventory default,CAPSS using CORINAIR with Korean PM fractions,,,capss_handbook_vi_mirror,CAPSS VI Table 9-3,CAPSS_VI_needs_VII_diff,,National Air Pollutant Emissions Estimation Method Handbook VI,2023,https://www.scribd.com/document/742589271/
EF00687,1.0.0,superseded_pending_capss_vii_diff,false,Waste,Municipal waste incineration,Other/area source,,PM2.5,0.03258,,,,kg/ton-waste,waste incinerated,controlled; modern factors except older VOC factor,Korea,CAPSS inventory default,CAPSS using CORINAIR with Korean PM fractions,,,capss_handbook_vi_mirror,CAPSS VI Table 9-3,CAPSS_VI_needs_VII_diff,,National Air Pollutant Emissions Estimation Method Handbook VI,2023,https://www.scribd.com/document/742589271/
EF00688,1.0.0,superseded_pending_capss_vii_diff,false,Waste,Municipal waste incineration,Other/area source,,VOCs,0.02,,,,kg/ton-waste,waste incinerated,controlled; modern factors except older VOC factor,Korea,CAPSS inventory default,CAPSS using CORINAIR with Korean PM fractions,,,capss_handbook_vi_mirror,CAPSS VI Table 9-3,CAPSS_VI_needs_VII_diff,,National Air Pollutant Emissions Estimation Method Handbook VI,2023,https://www.scribd.com/document/742589271/
EF00689,1.0.0,superseded_pending_capss_vii_diff,false,Waste,Industrial waste incineration,Other/area source,,CO,0.125,,,,kg/ton-waste,waste incinerated,controlled,Korea,CAPSS inventory default,CAPSS using CORINAIR with Korean PM fractions,,,capss_handbook_vi_mirror,CAPSS VI Table 9-6,CAPSS_VI_needs_VII_diff,,National Air Pollutant Emissions Estimation Method Handbook VI,2023,https://www.scribd.com/document/742589271/
EF00690,1.0.0,superseded_pending_capss_vii_diff,false,Waste,Industrial waste incineration,Other/area source,,NOx,2.5,,,,kg/ton-waste,waste incinerated,controlled,Korea,CAPSS inventory default,CAPSS using CORINAIR with Korean PM fractions,,,capss_handbook_vi_mirror,CAPSS VI Table 9-6,CAPSS_VI_needs_VII_diff,,National Air Pollutant Emissions Estimation Method Handbook VI,2023,https://www.scribd.com/document/742589271/
EF00691,1.0.0,superseded_pending_capss_vii_diff,false,Waste,Industrial waste incineration,Other/area source,,SOx,0.07,,,,kg/ton-waste,waste incinerated,controlled,Korea,CAPSS inventory default,CAPSS using CORINAIR with Korean PM fractions,,,capss_handbook_vi_mirror,CAPSS VI Table 9-6,CAPSS_VI_needs_VII_diff,,National Air Pollutant Emissions Estimation Method Handbook VI,2023,https://www.scribd.com/document/742589271/
EF00692,1.0.0,superseded_pending_capss_vii_diff,false,Waste,Industrial waste incineration,Other/area source,,TSP,0.05,,,,kg/ton-waste,waste incinerated,controlled,Korea,CAPSS inventory default,CAPSS using CORINAIR with Korean PM fractions,,,capss_handbook_vi_mirror,CAPSS VI Table 9-6,CAPSS_VI_needs_VII_diff,,National Air Pollutant Emissions Estimation Method Handbook VI,2023,https://www.scribd.com/document/742589271/
EF00693,1.0.0,superseded_pending_capss_vii_diff,false,Waste,Industrial waste incineration,Other/area source,,PM10,0.0362,,,,kg/ton-waste,waste incinerated,controlled,Korea,CAPSS inventory default,CAPSS using CORINAIR with Korean PM fractions,,,capss_handbook_vi_mirror,CAPSS VI Table 9-6,CAPSS_VI_needs_VII_diff,,National Air Pollutant Emissions Estimation Method Handbook VI,2023,https://www.scribd.com/document/742589271/
EF00694,1.0.0,superseded_pending_capss_vii_diff,false,Waste,Industrial waste incineration,Other/area source,,PM2.5,0.03258,,,,kg/ton-waste,waste incinerated,controlled,Korea,CAPSS inventory default,CAPSS using CORINAIR with Korean PM fractions,,,capss_handbook_vi_mirror,CAPSS VI Table 9-6,CAPSS_VI_needs_VII_diff,,National Air Pollutant Emissions Estimation Method Handbook VI,2023,https://www.scribd.com/document/742589271/
EF00695,1.0.0,superseded_pending_capss_vii_diff,false,Waste,Industrial waste incineration,Other/area source,,VOCs,7.4,,,,kg/ton-waste,waste incinerated,controlled,Korea,CAPSS inventory default,CAPSS using CORINAIR with Korean PM fractions,,,capss_handbook_vi_mirror,CAPSS VI Table 9-6,CAPSS_VI_needs_VII_diff,,National Air Pollutant Emissions Estimation Method Handbook VI,2023,https://www.scribd.com/document/742589271/
EF00696,1.0.0,superseded_pending_capss_vii_diff,false,Waste,Industrial wastewater,Wastewater treatment,,NH3,0.00381,,,,g/ton-wastewater,wastewater generated/treated,controlled factor,Korea,inventory default,Korean NIER 2007,,,capss_handbook_vi_mirror,CAPSS VI Table 9-7,CAPSS_VI_needs_VII_diff,,National Air Pollutant Emissions Estimation Method Handbook VI,2023,https://www.scribd.com/document/742589271/
EF00697,1.0.0,superseded_pending_capss_vii_diff,false,Waste,Residential/commercial wastewater,Sewage treatment,,NH3,0.00217,,,,g/ton-effluent,effluent discharged,controlled factor,Korea,inventory default,Korean NIER 2007,,,capss_handbook_vi_mirror,CAPSS VI Table 9-8,CAPSS_VI_needs_VII_diff,,National Air Pollutant Emissions Estimation Method Handbook VI,2023,https://www.scribd.com/document/742589271/
EF00698,1.0.0,superseded_pending_capss_vii_diff,false,Agriculture,Open agricultural-residue burning,Pear residue,Dry crop residue,CO,0.28228,,,,kg/kg-dry-residue,dry residue burned,uncontrolled open burning,Korea,CAPSS inventory default,Korean field/laboratory studies,,,capss_handbook_vi_mirror,CAPSS VI Table 13-6,CAPSS_VI_needs_VII_diff,,National Air Pollutant Emissions Estimation Method Handbook VI,2023,https://www.scribd.com/document/742589271/
EF00699,1.0.0,superseded_pending_capss_vii_diff,false,Agriculture,Open agricultural-residue burning,Pear residue,Dry crop residue,NOx,0.00574,,,,kg/kg-dry-residue,dry residue burned,uncontrolled open burning,Korea,CAPSS inventory default,Korean field/laboratory studies,,,capss_handbook_vi_mirror,CAPSS VI Table 13-6,CAPSS_VI_needs_VII_diff,,National Air Pollutant Emissions Estimation Method Handbook VI,2023,https://www.scribd.com/document/742589271/
EF00700,1.0.0,superseded_pending_capss_vii_diff,false,Agriculture,Open agricultural-residue burning,Pear residue,Dry crop residue,TSP,0.02946,,,,kg/kg-dry-residue,dry residue burned,uncontrolled open burning,Korea,CAPSS inventory default,Korean field/laboratory studies,,,capss_handbook_vi_mirror,CAPSS VI Table 13-6,CAPSS_VI_needs_VII_diff,,National Air Pollutant Emissions Estimation Method Handbook VI,2023,https://www.scribd.com/document/742589271/
EF00701,1.0.0,superseded_pending_capss_vii_diff,false,Agriculture,Open agricultural-residue burning,Pear residue,Dry crop residue,PM10,0.01128,,,,kg/kg-dry-residue,dry residue burned,uncontrolled open burning,Korea,CAPSS inventory default,Korean field/laboratory studies,,,capss_handbook_vi_mirror,CAPSS VI Table 13-6,CAPSS_VI_needs_VII_diff,,National Air Pollutant Emissions Estimation Method Handbook VI,2023,https://www.scribd.com/document/742589271/
EF00702,1.0.0,superseded_pending_capss_vii_diff,false,Agriculture,Open agricultural-residue burning,Pear residue,Dry crop residue,PM2.5,0.00845,,,,kg/kg-dry-residue,dry residue burned,uncontrolled open burning,Korea,CAPSS inventory default,Korean field/laboratory studies,,,capss_handbook_vi_mirror,CAPSS VI Table 13-6,CAPSS_VI_needs_VII_diff,,National Air Pollutant Emissions Estimation Method Handbook VI,2023,https://www.scribd.com/document/742589271/
EF00703,1.0.0,superseded_pending_capss_vii_diff,false,Agriculture,Open agricultural-residue burning,Pear residue,Dry crop residue,VOCs,0.08774,,,,kg/kg-dry-residue,dry residue burned,uncontrolled open burning,Korea,CAPSS inventory default,Korean field/laboratory studies,,,capss_handbook_vi_mirror,CAPSS VI Table 13-6,CAPSS_VI_needs_VII_diff,,National Air Pollutant Emissions Estimation Method Handbook VI,2023,https://www.scribd.com/document/742589271/
EF00704,1.0.0,superseded_pending_capss_vii_diff,false,Agriculture,Open agricultural-residue burning,Pear residue,Dry crop residue,NH3,1e-05,,,,kg/kg-dry-residue,dry residue burned,uncontrolled open burning,Korea,CAPSS inventory default,Korean field/laboratory studies,,,capss_handbook_vi_mirror,CAPSS VI Table 13-6,CAPSS_VI_needs_VII_diff,,National Air Pollutant Emissions Estimation Method Handbook VI,2023,https://www.scribd.com/document/742589271/
EF00705,1.0.0,superseded_pending_capss_vii_diff,false,Agriculture,Open agricultural-residue burning,Apple residue,Dry crop residue,CO,0.14604,,,,kg/kg-dry-residue,dry residue burned,uncontrolled open burning,Korea,CAPSS inventory default,Korean field/laboratory studies,,,capss_handbook_vi_mirror,CAPSS VI Table 13-6,CAPSS_VI_needs_VII_diff,,National Air Pollutant Emissions Estimation Method Handbook VI,2023,https://www.scribd.com/document/742589271/
EF00706,1.0.0,superseded_pending_capss_vii_diff,false,Agriculture,Open agricultural-residue burning,Apple residue,Dry crop residue,NOx,0.01036,,,,kg/kg-dry-residue,dry residue burned,uncontrolled open burning,Korea,CAPSS inventory default,Korean field/laboratory studies,,,capss_handbook_vi_mirror,CAPSS VI Table 13-6,CAPSS_VI_needs_VII_diff,,National Air Pollutant Emissions Estimation Method Handbook VI,2023,https://www.scribd.com/document/742589271/
EF00707,1.0.0,superseded_pending_capss_vii_diff,false,Agriculture,Open agricultural-residue burning,Apple residue,Dry crop residue,TSP,0.02291,,,,kg/kg-dry-residue,dry residue burned,uncontrolled open burning,Korea,CAPSS inventory default,Korean field/laboratory studies,,,capss_handbook_vi_mirror,CAPSS VI Table 13-6,CAPSS_VI_needs_VII_diff,,National Air Pollutant Emissions Estimation Method Handbook VI,2023,https://www.scribd.com/document/742589271/
EF00708,1.0.0,superseded_pending_capss_vii_diff,false,Agriculture,Open agricultural-residue burning,Apple residue,Dry crop residue,PM10,0.01885,,,,kg/kg-dry-residue,dry residue burned,uncontrolled open burning,Korea,CAPSS inventory default,Korean field/laboratory studies,,,capss_handbook_vi_mirror,CAPSS VI Table 13-6,CAPSS_VI_needs_VII_diff,,National Air Pollutant Emissions Estimation Method Handbook VI,2023,https://www.scribd.com/document/742589271/
EF00709,1.0.0,superseded_pending_capss_vii_diff,false,Agriculture,Open agricultural-residue burning,Apple residue,Dry crop residue,PM2.5,0.01677,,,,kg/kg-dry-residue,dry residue burned,uncontrolled open burning,Korea,CAPSS inventory default,Korean field/laboratory studies,,,capss_handbook_vi_mirror,CAPSS VI Table 13-6,CAPSS_VI_needs_VII_diff,,National Air Pollutant Emissions Estimation Method Handbook VI,2023,https://www.scribd.com/document/742589271/
EF00710,1.0.0,superseded_pending_capss_vii_diff,false,Agriculture,Open agricultural-residue burning,Apple residue,Dry crop residue,VOCs,0.35329,,,,kg/kg-dry-residue,dry residue burned,uncontrolled open burning,Korea,CAPSS inventory default,Korean field/laboratory studies,,,capss_handbook_vi_mirror,CAPSS VI Table 13-6,CAPSS_VI_needs_VII_diff,,National Air Pollutant Emissions Estimation Method Handbook VI,2023,https://www.scribd.com/document/742589271/
EF00711,1.0.0,superseded_pending_capss_vii_diff,false,Agriculture,Open agricultural-residue burning,Apple residue,Dry crop residue,NH3,1e-05,,,,kg/kg-dry-residue,dry residue burned,uncontrolled open burning,Korea,CAPSS inventory default,Korean field/laboratory studies,,,capss_handbook_vi_mirror,CAPSS VI Table 13-6,CAPSS_VI_needs_VII_diff,,National Air Pollutant Emissions Estimation Method Handbook VI,2023,https://www.scribd.com/document/742589271/
EF00712,1.0.0,superseded_pending_capss_vii_diff,false,Agriculture,Open agricultural-residue burning,Peach residue,Dry crop residue,CO,0.27722,,,,kg/kg-dry-residue,dry residue burned,uncontrolled open burning,Korea,CAPSS inventory default,Korean field/laboratory studies,,,capss_handbook_vi_mirror,CAPSS VI Table 13-6,CAPSS_VI_needs_VII_diff,,National Air Pollutant Emissions Estimation Method Handbook VI,2023,https://www.scribd.com/document/742589271/
EF00713,1.0.0,superseded_pending_capss_vii_diff,false,Agriculture,Open agricultural-residue burning,Peach residue,Dry crop residue,NOx,0.01502,,,,kg/kg-dry-residue,dry residue burned,uncontrolled open burning,Korea,CAPSS inventory default,Korean field/laboratory studies,,,capss_handbook_vi_mirror,CAPSS VI Table 13-6,CAPSS_VI_needs_VII_diff,,National Air Pollutant Emissions Estimation Method Handbook VI,2023,https://www.scribd.com/document/742589271/
EF00714,1.0.0,superseded_pending_capss_vii_diff,false,Agriculture,Open agricultural-residue burning,Peach residue,Dry crop residue,TSP,0.03241,,,,kg/kg-dry-residue,dry residue burned,uncontrolled open burning,Korea,CAPSS inventory default,Korean field/laboratory studies,,,capss_handbook_vi_mirror,CAPSS VI Table 13-6,CAPSS_VI_needs_VII_diff,,National Air Pollutant Emissions Estimation Method Handbook VI,2023,https://www.scribd.com/document/742589271/
EF00715,1.0.0,superseded_pending_capss_vii_diff,false,Agriculture,Open agricultural-residue burning,Peach residue,Dry crop residue,PM10,0.01121,,,,kg/kg-dry-residue,dry residue burned,uncontrolled open burning,Korea,CAPSS inventory default,Korean field/laboratory studies,,,capss_handbook_vi_mirror,CAPSS VI Table 13-6,CAPSS_VI_needs_VII_diff,,National Air Pollutant Emissions Estimation Method Handbook VI,2023,https://www.scribd.com/document/742589271/
EF00716,1.0.0,superseded_pending_capss_vii_diff,false,Agriculture,Open agricultural-residue burning,Peach residue,Dry crop residue,PM2.5,0.00947,,,,kg/kg-dry-residue,dry residue burned,uncontrolled open burning,Korea,CAPSS inventory default,Korean field/laboratory studies,,,capss_handbook_vi_mirror,CAPSS VI Table 13-6,CAPSS_VI_needs_VII_diff,,National Air Pollutant Emissions Estimation Method Handbook VI,2023,https://www.scribd.com/document/742589271/
EF00717,1.0.0,superseded_pending_capss_vii_diff,false,Agriculture,Open agricultural-residue burning,Peach residue,Dry crop residue,VOCs,0.06158,,,,kg/kg-dry-residue,dry residue burned,uncontrolled open burning,Korea,CAPSS inventory default,Korean field/laboratory studies,,,capss_handbook_vi_mirror,CAPSS VI Table 13-6,CAPSS_VI_needs_VII_diff,,National Air Pollutant Emissions Estimation Method Handbook VI,2023,https://www.scribd.com/document/742589271/
EF00718,1.0.0,superseded_pending_capss_vii_diff,false,Agriculture,Open agricultural-residue burning,Peach residue,Dry crop residue,NH3,1e-05,,,,kg/kg-dry-residue,dry residue burned,uncontrolled open burning,Korea,CAPSS inventory default,Korean field/laboratory studies,,,capss_handbook_vi_mirror,CAPSS VI Table 13-6,CAPSS_VI_needs_VII_diff,,National Air Pollutant Emissions Estimation Method Handbook VI,2023,https://www.scribd.com/document/742589271/
EF00719,1.0.0,superseded_pending_capss_vii_diff,false,Agriculture,Open agricultural-residue burning,Grape residue,Dry crop residue,CO,0.30448,,,,kg/kg-dry-residue,dry residue burned,uncontrolled open burning,Korea,CAPSS inventory default,Korean field/laboratory studies,,,capss_handbook_vi_mirror,CAPSS VI Table 13-6,CAPSS_VI_needs_VII_diff,,National Air Pollutant Emissions Estimation Method Handbook VI,2023,https://www.scribd.com/document/742589271/
EF00720,1.0.0,superseded_pending_capss_vii_diff,false,Agriculture,Open agricultural-residue burning,Grape residue,Dry crop residue,NOx,0.01444,,,,kg/kg-dry-residue,dry residue burned,uncontrolled open burning,Korea,CAPSS inventory default,Korean field/laboratory studies,,,capss_handbook_vi_mirror,CAPSS VI Table 13-6,CAPSS_VI_needs_VII_diff,,National Air Pollutant Emissions Estimation Method Handbook VI,2023,https://www.scribd.com/document/742589271/
EF00721,1.0.0,superseded_pending_capss_vii_diff,false,Agriculture,Open agricultural-residue burning,Grape residue,Dry crop residue,TSP,0.03445,,,,kg/kg-dry-residue,dry residue burned,uncontrolled open burning,Korea,CAPSS inventory default,Korean field/laboratory studies,,,capss_handbook_vi_mirror,CAPSS VI Table 13-6,CAPSS_VI_needs_VII_diff,,National Air Pollutant Emissions Estimation Method Handbook VI,2023,https://www.scribd.com/document/742589271/
EF00722,1.0.0,superseded_pending_capss_vii_diff,false,Agriculture,Open agricultural-residue burning,Grape residue,Dry crop residue,PM10,0.01478,,,,kg/kg-dry-residue,dry residue burned,uncontrolled open burning,Korea,CAPSS inventory default,Korean field/laboratory studies,,,capss_handbook_vi_mirror,CAPSS VI Table 13-6,CAPSS_VI_needs_VII_diff,,National Air Pollutant Emissions Estimation Method Handbook VI,2023,https://www.scribd.com/document/742589271/
EF00723,1.0.0,superseded_pending_capss_vii_diff,false,Agriculture,Open agricultural-residue burning,Grape residue,Dry crop residue,PM2.5,0.00951,,,,kg/kg-dry-residue,dry residue burned,uncontrolled open burning,Korea,CAPSS inventory default,Korean field/laboratory studies,,,capss_handbook_vi_mirror,CAPSS VI Table 13-6,CAPSS_VI_needs_VII_diff,,National Air Pollutant Emissions Estimation Method Handbook VI,2023,https://www.scribd.com/document/742589271/
EF00724,1.0.0,superseded_pending_capss_vii_diff,false,Agriculture,Open agricultural-residue burning,Grape residue,Dry crop residue,VOCs,0.15458,,,,kg/kg-dry-residue,dry residue burned,uncontrolled open burning,Korea,CAPSS inventory default,Korean field/laboratory studies,,,capss_handbook_vi_mirror,CAPSS VI Table 13-6,CAPSS_VI_needs_VII_diff,,National Air Pollutant Emissions Estimation Method Handbook VI,2023,https://www.scribd.com/document/742589271/
EF00725,1.0.0,superseded_pending_capss_vii_diff,false,Agriculture,Open agricultural-residue burning,Grape residue,Dry crop residue,NH3,1e-05,,,,kg/kg-dry-residue,dry residue burned,uncontrolled open burning,Korea,CAPSS inventory default,Korean field/laboratory studies,,,capss_handbook_vi_mirror,CAPSS VI Table 13-6,CAPSS_VI_needs_VII_diff,,National Air Pollutant Emissions Estimation Method Handbook VI,2023,https://www.scribd.com/document/742589271/
EF00726,1.0.0,superseded_pending_capss_vii_diff,false,Agriculture,Open agricultural-residue burning,Soybean residue,Dry crop residue,CO,0.01584,,,,kg/kg-dry-residue,dry residue burned,uncontrolled open burning,Korea,CAPSS inventory default,Korean field/laboratory studies,,,capss_handbook_vi_mirror,CAPSS VI Table 13-6,CAPSS_VI_needs_VII_diff,,National Air Pollutant Emissions Estimation Method Handbook VI,2023,https://www.scribd.com/document/742589271/
EF00727,1.0.0,superseded_pending_capss_vii_diff,false,Agriculture,Open agricultural-residue burning,Soybean residue,Dry crop residue,NOx,0.00038,,,,kg/kg-dry-residue,dry residue burned,uncontrolled open burning,Korea,CAPSS inventory default,Korean field/laboratory studies,,,capss_handbook_vi_mirror,CAPSS VI Table 13-6,CAPSS_VI_needs_VII_diff,,National Air Pollutant Emissions Estimation Method Handbook VI,2023,https://www.scribd.com/document/742589271/
EF00728,1.0.0,superseded_pending_capss_vii_diff,false,Agriculture,Open agricultural-residue burning,Soybean residue,Dry crop residue,TSP,0.03001,,,,kg/kg-dry-residue,dry residue burned,uncontrolled open burning,Korea,CAPSS inventory default,Korean field/laboratory studies,,,capss_handbook_vi_mirror,CAPSS VI Table 13-6,CAPSS_VI_needs_VII_diff,,National Air Pollutant Emissions Estimation Method Handbook VI,2023,https://www.scribd.com/document/742589271/
EF00729,1.0.0,superseded_pending_capss_vii_diff,false,Agriculture,Open agricultural-residue burning,Soybean residue,Dry crop residue,PM10,0.01197,,,,kg/kg-dry-residue,dry residue burned,uncontrolled open burning,Korea,CAPSS inventory default,Korean field/laboratory studies,,,capss_handbook_vi_mirror,CAPSS VI Table 13-6,CAPSS_VI_needs_VII_diff,,National Air Pollutant Emissions Estimation Method Handbook VI,2023,https://www.scribd.com/document/742589271/
EF00730,1.0.0,superseded_pending_capss_vii_diff,false,Agriculture,Open agricultural-residue burning,Soybean residue,Dry crop residue,PM2.5,0.01011,,,,kg/kg-dry-residue,dry residue burned,uncontrolled open burning,Korea,CAPSS inventory default,Korean field/laboratory studies,,,capss_handbook_vi_mirror,CAPSS VI Table 13-6,CAPSS_VI_needs_VII_diff,,National Air Pollutant Emissions Estimation Method Handbook VI,2023,https://www.scribd.com/document/742589271/
EF00731,1.0.0,superseded_pending_capss_vii_diff,false,Agriculture,Open agricultural-residue burning,Soybean residue,Dry crop residue,VOCs,0.02736,,,,kg/kg-dry-residue,dry residue burned,uncontrolled open burning,Korea,CAPSS inventory default,Korean field/laboratory studies,,,capss_handbook_vi_mirror,CAPSS VI Table 13-6,CAPSS_VI_needs_VII_diff,,National Air Pollutant Emissions Estimation Method Handbook VI,2023,https://www.scribd.com/document/742589271/
EF00732,1.0.0,superseded_pending_capss_vii_diff,false,Agriculture,Open agricultural-residue burning,Soybean residue,Dry crop residue,NH3,2e-05,,,,kg/kg-dry-residue,dry residue burned,uncontrolled open burning,Korea,CAPSS inventory default,Korean field/laboratory studies,,,capss_handbook_vi_mirror,CAPSS VI Table 13-6,CAPSS_VI_needs_VII_diff,,National Air Pollutant Emissions Estimation Method Handbook VI,2023,https://www.scribd.com/document/742589271/
EF00733,1.0.0,superseded_pending_capss_vii_diff,false,Agriculture,Open agricultural-residue burning,Corn residue,Dry crop residue,CO,0.42739,,,,kg/kg-dry-residue,dry residue burned,uncontrolled open burning,Korea,CAPSS inventory default,Korean field/laboratory studies,,,capss_handbook_vi_mirror,CAPSS VI Table 13-6,CAPSS_VI_needs_VII_diff,,National Air Pollutant Emissions Estimation Method Handbook VI,2023,https://www.scribd.com/document/742589271/
EF00734,1.0.0,superseded_pending_capss_vii_diff,false,Agriculture,Open agricultural-residue burning,Corn residue,Dry crop residue,NOx,0.009,,,,kg/kg-dry-residue,dry residue burned,uncontrolled open burning,Korea,CAPSS inventory default,Korean field/laboratory studies,,,capss_handbook_vi_mirror,CAPSS VI Table 13-6,CAPSS_VI_needs_VII_diff,,National Air Pollutant Emissions Estimation Method Handbook VI,2023,https://www.scribd.com/document/742589271/
EF00735,1.0.0,superseded_pending_capss_vii_diff,false,Agriculture,Open agricultural-residue burning,Corn residue,Dry crop residue,TSP,0.02596,,,,kg/kg-dry-residue,dry residue burned,uncontrolled open burning,Korea,CAPSS inventory default,Korean field/laboratory studies,,,capss_handbook_vi_mirror,CAPSS VI Table 13-6,CAPSS_VI_needs_VII_diff,,National Air Pollutant Emissions Estimation Method Handbook VI,2023,https://www.scribd.com/document/742589271/
EF00736,1.0.0,superseded_pending_capss_vii_diff,false,Agriculture,Open agricultural-residue burning,Corn residue,Dry crop residue,PM10,0.00971,,,,kg/kg-dry-residue,dry residue burned,uncontrolled open burning,Korea,CAPSS inventory default,Korean field/laboratory studies,,,capss_handbook_vi_mirror,CAPSS VI Table 13-6,CAPSS_VI_needs_VII_diff,,National Air Pollutant Emissions Estimation Method Handbook VI,2023,https://www.scribd.com/document/742589271/
EF00737,1.0.0,superseded_pending_capss_vii_diff,false,Agriculture,Open agricultural-residue burning,Corn residue,Dry crop residue,PM2.5,0.00794,,,,kg/kg-dry-residue,dry residue burned,uncontrolled open burning,Korea,CAPSS inventory default,Korean field/laboratory studies,,,capss_handbook_vi_mirror,CAPSS VI Table 13-6,CAPSS_VI_needs_VII_diff,,National Air Pollutant Emissions Estimation Method Handbook VI,2023,https://www.scribd.com/document/742589271/
EF00738,1.0.0,superseded_pending_capss_vii_diff,false,Agriculture,Open agricultural-residue burning,Corn residue,Dry crop residue,VOCs,0.04025,,,,kg/kg-dry-residue,dry residue burned,uncontrolled open burning,Korea,CAPSS inventory default,Korean field/laboratory studies,,,capss_handbook_vi_mirror,CAPSS VI Table 13-6,CAPSS_VI_needs_VII_diff,,National Air Pollutant Emissions Estimation Method Handbook VI,2023,https://www.scribd.com/document/742589271/
EF00739,1.0.0,superseded_pending_capss_vii_diff,false,Agriculture,Open agricultural-residue burning,Pepper residue,Dry crop residue,CO,0.42739,,,,kg/kg-dry-residue,dry residue burned,uncontrolled open burning,Korea,CAPSS inventory default,Korean field/laboratory studies,,,capss_handbook_vi_mirror,CAPSS VI Table 13-6,CAPSS_VI_needs_VII_diff,,National Air Pollutant Emissions Estimation Method Handbook VI,2023,https://www.scribd.com/document/742589271/
EF00740,1.0.0,superseded_pending_capss_vii_diff,false,Agriculture,Open agricultural-residue burning,Pepper residue,Dry crop residue,NOx,0.009,,,,kg/kg-dry-residue,dry residue burned,uncontrolled open burning,Korea,CAPSS inventory default,Korean field/laboratory studies,,,capss_handbook_vi_mirror,CAPSS VI Table 13-6,CAPSS_VI_needs_VII_diff,,National Air Pollutant Emissions Estimation Method Handbook VI,2023,https://www.scribd.com/document/742589271/
EF00741,1.0.0,superseded_pending_capss_vii_diff,false,Agriculture,Open agricultural-residue burning,Pepper residue,Dry crop residue,TSP,0.02596,,,,kg/kg-dry-residue,dry residue burned,uncontrolled open burning,Korea,CAPSS inventory default,Korean field/laboratory studies,,,capss_handbook_vi_mirror,CAPSS VI Table 13-6,CAPSS_VI_needs_VII_diff,,National Air Pollutant Emissions Estimation Method Handbook VI,2023,https://www.scribd.com/document/742589271/
EF00742,1.0.0,superseded_pending_capss_vii_diff,false,Agriculture,Open agricultural-residue burning,Pepper residue,Dry crop residue,PM10,0.00971,,,,kg/kg-dry-residue,dry residue burned,uncontrolled open burning,Korea,CAPSS inventory default,Korean field/laboratory studies,,,capss_handbook_vi_mirror,CAPSS VI Table 13-6,CAPSS_VI_needs_VII_diff,,National Air Pollutant Emissions Estimation Method Handbook VI,2023,https://www.scribd.com/document/742589271/
EF00743,1.0.0,superseded_pending_capss_vii_diff,false,Agriculture,Open agricultural-residue burning,Pepper residue,Dry crop residue,PM2.5,0.00794,,,,kg/kg-dry-residue,dry residue burned,uncontrolled open burning,Korea,CAPSS inventory default,Korean field/laboratory studies,,,capss_handbook_vi_mirror,CAPSS VI Table 13-6,CAPSS_VI_needs_VII_diff,,National Air Pollutant Emissions Estimation Method Handbook VI,2023,https://www.scribd.com/document/742589271/
EF00744,1.0.0,superseded_pending_capss_vii_diff,false,Agriculture,Open agricultural-residue burning,Pepper residue,Dry crop residue,VOCs,0.04025,,,,kg/kg-dry-residue,dry residue burned,uncontrolled open burning,Korea,CAPSS inventory default,Korean field/laboratory studies,,,capss_handbook_vi_mirror,CAPSS VI Table 13-6,CAPSS_VI_needs_VII_diff,,National Air Pollutant Emissions Estimation Method Handbook VI,2023,https://www.scribd.com/document/742589271/
EF00745,1.0.0,superseded_pending_capss_vii_diff,false,Agriculture,Open agricultural-residue burning,Sesame residue,Dry crop residue,CO,0.23711,,,,kg/kg-dry-residue,dry residue burned,uncontrolled open burning,Korea,CAPSS inventory default,Korean field/laboratory studies,,,capss_handbook_vi_mirror,CAPSS VI Table 13-6,CAPSS_VI_needs_VII_diff,,National Air Pollutant Emissions Estimation Method Handbook VI,2023,https://www.scribd.com/document/742589271/
EF00746,1.0.0,superseded_pending_capss_vii_diff,false,Agriculture,Open agricultural-residue burning,Sesame residue,Dry crop residue,NOx,0.00647,,,,kg/kg-dry-residue,dry residue burned,uncontrolled open burning,Korea,CAPSS inventory default,Korean field/laboratory studies,,,capss_handbook_vi_mirror,CAPSS VI Table 13-6,CAPSS_VI_needs_VII_diff,,National Air Pollutant Emissions Estimation Method Handbook VI,2023,https://www.scribd.com/document/742589271/
EF00747,1.0.0,superseded_pending_capss_vii_diff,false,Agriculture,Open agricultural-residue burning,Sesame residue,Dry crop residue,TSP,0.05956,,,,kg/kg-dry-residue,dry residue burned,uncontrolled open burning,Korea,CAPSS inventory default,Korean field/laboratory studies,,,capss_handbook_vi_mirror,CAPSS VI Table 13-6,CAPSS_VI_needs_VII_diff,,National Air Pollutant Emissions Estimation Method Handbook VI,2023,https://www.scribd.com/document/742589271/
EF00748,1.0.0,superseded_pending_capss_vii_diff,false,Agriculture,Open agricultural-residue burning,Sesame residue,Dry crop residue,PM10,0.01631,,,,kg/kg-dry-residue,dry residue burned,uncontrolled open burning,Korea,CAPSS inventory default,Korean field/laboratory studies,,,capss_handbook_vi_mirror,CAPSS VI Table 13-6,CAPSS_VI_needs_VII_diff,,National Air Pollutant Emissions Estimation Method Handbook VI,2023,https://www.scribd.com/document/742589271/
EF00749,1.0.0,superseded_pending_capss_vii_diff,false,Agriculture,Open agricultural-residue burning,Sesame residue,Dry crop residue,PM2.5,0.01378,,,,kg/kg-dry-residue,dry residue burned,uncontrolled open burning,Korea,CAPSS inventory default,Korean field/laboratory studies,,,capss_handbook_vi_mirror,CAPSS VI Table 13-6,CAPSS_VI_needs_VII_diff,,National Air Pollutant Emissions Estimation Method Handbook VI,2023,https://www.scribd.com/document/742589271/
EF00750,1.0.0,superseded_pending_capss_vii_diff,false,Agriculture,Open agricultural-residue burning,Sesame residue,Dry crop residue,VOCs,0.10947,,,,kg/kg-dry-residue,dry residue burned,uncontrolled open burning,Korea,CAPSS inventory default,Korean field/laboratory studies,,,capss_handbook_vi_mirror,CAPSS VI Table 13-6,CAPSS_VI_needs_VII_diff,,National Air Pollutant Emissions Estimation Method Handbook VI,2023,https://www.scribd.com/document/742589271/
EF00751,1.0.0,superseded_pending_capss_vii_diff,false,Agriculture,Open agricultural-residue burning,Perilla residue,Dry crop residue,CO,0.37831,,,,kg/kg-dry-residue,dry residue burned,uncontrolled open burning,Korea,CAPSS inventory default,Korean field/laboratory studies,,,capss_handbook_vi_mirror,CAPSS VI Table 13-6,CAPSS_VI_needs_VII_diff,,National Air Pollutant Emissions Estimation Method Handbook VI,2023,https://www.scribd.com/document/742589271/
EF00752,1.0.0,superseded_pending_capss_vii_diff,false,Agriculture,Open agricultural-residue burning,Perilla residue,Dry crop residue,NOx,0.01594,,,,kg/kg-dry-residue,dry residue burned,uncontrolled open burning,Korea,CAPSS inventory default,Korean field/laboratory studies,,,capss_handbook_vi_mirror,CAPSS VI Table 13-6,CAPSS_VI_needs_VII_diff,,National Air Pollutant Emissions Estimation Method Handbook VI,2023,https://www.scribd.com/document/742589271/
EF00753,1.0.0,superseded_pending_capss_vii_diff,false,Agriculture,Open agricultural-residue burning,Perilla residue,Dry crop residue,TSP,0.06745,,,,kg/kg-dry-residue,dry residue burned,uncontrolled open burning,Korea,CAPSS inventory default,Korean field/laboratory studies,,,capss_handbook_vi_mirror,CAPSS VI Table 13-6,CAPSS_VI_needs_VII_diff,,National Air Pollutant Emissions Estimation Method Handbook VI,2023,https://www.scribd.com/document/742589271/
EF00754,1.0.0,superseded_pending_capss_vii_diff,false,Agriculture,Open agricultural-residue burning,Perilla residue,Dry crop residue,PM10,0.02545,,,,kg/kg-dry-residue,dry residue burned,uncontrolled open burning,Korea,CAPSS inventory default,Korean field/laboratory studies,,,capss_handbook_vi_mirror,CAPSS VI Table 13-6,CAPSS_VI_needs_VII_diff,,National Air Pollutant Emissions Estimation Method Handbook VI,2023,https://www.scribd.com/document/742589271/
EF00755,1.0.0,superseded_pending_capss_vii_diff,false,Agriculture,Open agricultural-residue burning,Perilla residue,Dry crop residue,PM2.5,0.0214,,,,kg/kg-dry-residue,dry residue burned,uncontrolled open burning,Korea,CAPSS inventory default,Korean field/laboratory studies,,,capss_handbook_vi_mirror,CAPSS VI Table 13-6,CAPSS_VI_needs_VII_diff,,National Air Pollutant Emissions Estimation Method Handbook VI,2023,https://www.scribd.com/document/742589271/
EF00756,1.0.0,superseded_pending_capss_vii_diff,false,Agriculture,Open agricultural-residue burning,Perilla residue,Dry crop residue,VOCs,0.05424,,,,kg/kg-dry-residue,dry residue burned,uncontrolled open burning,Korea,CAPSS inventory default,Korean field/laboratory studies,,,capss_handbook_vi_mirror,CAPSS VI Table 13-6,CAPSS_VI_needs_VII_diff,,National Air Pollutant Emissions Estimation Method Handbook VI,2023,https://www.scribd.com/document/742589271/
EF00757,1.0.0,superseded_pending_capss_vii_diff,false,Agriculture,Open agricultural-residue burning,Perilla residue,Dry crop residue,NH3,1e-05,,,,kg/kg-dry-residue,dry residue burned,uncontrolled open burning,Korea,CAPSS inventory default,Korean field/laboratory studies,,,capss_handbook_vi_mirror,CAPSS VI Table 13-6,CAPSS_VI_needs_VII_diff,,National Air Pollutant Emissions Estimation Method Handbook VI,2023,https://www.scribd.com/document/742589271/
EF00758,1.0.0,superseded_pending_capss_vii_diff,false,Agriculture,Open agricultural-residue burning,Peanut residue,Dry crop residue,CO,0.01584,,,,kg/kg-dry-residue,dry residue burned,uncontrolled open burning,Korea,CAPSS inventory default,Korean field/laboratory studies,,,capss_handbook_vi_mirror,CAPSS VI Table 13-6,CAPSS_VI_needs_VII_diff,,National Air Pollutant Emissions Estimation Method Handbook VI,2023,https://www.scribd.com/document/742589271/
EF00759,1.0.0,superseded_pending_capss_vii_diff,false,Agriculture,Open agricultural-residue burning,Peanut residue,Dry crop residue,NOx,0.00038,,,,kg/kg-dry-residue,dry residue burned,uncontrolled open burning,Korea,CAPSS inventory default,Korean field/laboratory studies,,,capss_handbook_vi_mirror,CAPSS VI Table 13-6,CAPSS_VI_needs_VII_diff,,National Air Pollutant Emissions Estimation Method Handbook VI,2023,https://www.scribd.com/document/742589271/
EF00760,1.0.0,superseded_pending_capss_vii_diff,false,Agriculture,Open agricultural-residue burning,Peanut residue,Dry crop residue,TSP,0.03001,,,,kg/kg-dry-residue,dry residue burned,uncontrolled open burning,Korea,CAPSS inventory default,Korean field/laboratory studies,,,capss_handbook_vi_mirror,CAPSS VI Table 13-6,CAPSS_VI_needs_VII_diff,,National Air Pollutant Emissions Estimation Method Handbook VI,2023,https://www.scribd.com/document/742589271/
EF00761,1.0.0,superseded_pending_capss_vii_diff,false,Agriculture,Open agricultural-residue burning,Peanut residue,Dry crop residue,PM10,0.01197,,,,kg/kg-dry-residue,dry residue burned,uncontrolled open burning,Korea,CAPSS inventory default,Korean field/laboratory studies,,,capss_handbook_vi_mirror,CAPSS VI Table 13-6,CAPSS_VI_needs_VII_diff,,National Air Pollutant Emissions Estimation Method Handbook VI,2023,https://www.scribd.com/document/742589271/
EF00762,1.0.0,superseded_pending_capss_vii_diff,false,Agriculture,Open agricultural-residue burning,Peanut residue,Dry crop residue,PM2.5,0.01011,,,,kg/kg-dry-residue,dry residue burned,uncontrolled open burning,Korea,CAPSS inventory default,Korean field/laboratory studies,,,capss_handbook_vi_mirror,CAPSS VI Table 13-6,CAPSS_VI_needs_VII_diff,,National Air Pollutant Emissions Estimation Method Handbook VI,2023,https://www.scribd.com/document/742589271/
EF00763,1.0.0,superseded_pending_capss_vii_diff,false,Agriculture,Open agricultural-residue burning,Peanut residue,Dry crop residue,VOCs,0.02736,,,,kg/kg-dry-residue,dry residue burned,uncontrolled open burning,Korea,CAPSS inventory default,Korean field/laboratory studies,,,capss_handbook_vi_mirror,CAPSS VI Table 13-6,CAPSS_VI_needs_VII_diff,,National Air Pollutant Emissions Estimation Method Handbook VI,2023,https://www.scribd.com/document/742589271/
EF00764,1.0.0,superseded_pending_capss_vii_diff,false,Agriculture,Open agricultural-residue burning,Peanut residue,Dry crop residue,NH3,2e-05,,,,kg/kg-dry-residue,dry residue burned,uncontrolled open burning,Korea,CAPSS inventory default,Korean field/laboratory studies,,,capss_handbook_vi_mirror,CAPSS VI Table 13-6,CAPSS_VI_needs_VII_diff,,National Air Pollutant Emissions Estimation Method Handbook VI,2023,https://www.scribd.com/document/742589271/
EF00765,1.0.0,superseded_pending_capss_vii_diff,false,Agriculture,Open agricultural-residue burning,Barley residue,Dry crop residue,CO,0.40344,,,,kg/kg-dry-residue,dry residue burned,uncontrolled open burning,Korea,CAPSS inventory default,Korean field/laboratory studies,,,capss_handbook_vi_mirror,CAPSS VI Table 13-6,CAPSS_VI_needs_VII_diff,,National Air Pollutant Emissions Estimation Method Handbook VI,2023,https://www.scribd.com/document/742589271/
EF00766,1.0.0,superseded_pending_capss_vii_diff,false,Agriculture,Open agricultural-residue burning,Barley residue,Dry crop residue,NOx,0.01763,,,,kg/kg-dry-residue,dry residue burned,uncontrolled open burning,Korea,CAPSS inventory default,Korean field/laboratory studies,,,capss_handbook_vi_mirror,CAPSS VI Table 13-6,CAPSS_VI_needs_VII_diff,,National Air Pollutant Emissions Estimation Method Handbook VI,2023,https://www.scribd.com/document/742589271/
EF00767,1.0.0,superseded_pending_capss_vii_diff,false,Agriculture,Open agricultural-residue burning,Barley residue,Dry crop residue,TSP,0.08584,,,,kg/kg-dry-residue,dry residue burned,uncontrolled open burning,Korea,CAPSS inventory default,Korean field/laboratory studies,,,capss_handbook_vi_mirror,CAPSS VI Table 13-6,CAPSS_VI_needs_VII_diff,,National Air Pollutant Emissions Estimation Method Handbook VI,2023,https://www.scribd.com/document/742589271/
EF00768,1.0.0,superseded_pending_capss_vii_diff,false,Agriculture,Open agricultural-residue burning,Barley residue,Dry crop residue,PM10,0.05307,,,,kg/kg-dry-residue,dry residue burned,uncontrolled open burning,Korea,CAPSS inventory default,Korean field/laboratory studies,,,capss_handbook_vi_mirror,CAPSS VI Table 13-6,CAPSS_VI_needs_VII_diff,,National Air Pollutant Emissions Estimation Method Handbook VI,2023,https://www.scribd.com/document/742589271/
EF00769,1.0.0,superseded_pending_capss_vii_diff,false,Agriculture,Open agricultural-residue burning,Barley residue,Dry crop residue,PM2.5,0.03524,,,,kg/kg-dry-residue,dry residue burned,uncontrolled open burning,Korea,CAPSS inventory default,Korean field/laboratory studies,,,capss_handbook_vi_mirror,CAPSS VI Table 13-6,CAPSS_VI_needs_VII_diff,,National Air Pollutant Emissions Estimation Method Handbook VI,2023,https://www.scribd.com/document/742589271/
EF00770,1.0.0,superseded_pending_capss_vii_diff,false,Agriculture,Open agricultural-residue burning,Barley residue,Dry crop residue,VOCs,0.1052,,,,kg/kg-dry-residue,dry residue burned,uncontrolled open burning,Korea,CAPSS inventory default,Korean field/laboratory studies,,,capss_handbook_vi_mirror,CAPSS VI Table 13-6,CAPSS_VI_needs_VII_diff,,National Air Pollutant Emissions Estimation Method Handbook VI,2023,https://www.scribd.com/document/742589271/
EF00771,1.0.0,superseded_pending_capss_vii_diff,false,Agriculture,Open agricultural-residue burning,Barley residue,Dry crop residue,NH3,1e-05,,,,kg/kg-dry-residue,dry residue burned,uncontrolled open burning,Korea,CAPSS inventory default,Korean field/laboratory studies,,,capss_handbook_vi_mirror,CAPSS VI Table 13-6,CAPSS_VI_needs_VII_diff,,National Air Pollutant Emissions Estimation Method Handbook VI,2023,https://www.scribd.com/document/742589271/
EF00772,1.0.0,superseded_pending_capss_vii_diff,false,Buildings and services,Residential biomass combustion,Wood stove,Wood or pellet,CO,0.175485,,,,kg/kg-fuel,biomass fuel consumed,device-average,Korea,CAPSS inventory default,Korean environmental-technology study (2014),,,capss_handbook_vi_mirror,CAPSS VI Table 13-13,CAPSS_VI_needs_VII_diff,,National Air Pollutant Emissions Estimation Method Handbook VI,2023,https://www.scribd.com/document/742589271/
EF00773,1.0.0,superseded_pending_capss_vii_diff,false,Buildings and services,Residential biomass combustion,Wood stove,Wood or pellet,NOx,0.001583,,,,kg/kg-fuel,biomass fuel consumed,device-average,Korea,CAPSS inventory default,Korean environmental-technology study (2014),,,capss_handbook_vi_mirror,CAPSS VI Table 13-13,CAPSS_VI_needs_VII_diff,,National Air Pollutant Emissions Estimation Method Handbook VI,2023,https://www.scribd.com/document/742589271/
EF00774,1.0.0,superseded_pending_capss_vii_diff,false,Buildings and services,Residential biomass combustion,Wood stove,Wood or pellet,SOx,0.00015,,,,kg/kg-fuel,biomass fuel consumed,device-average,Korea,CAPSS inventory default,Korean environmental-technology study (2014),,,capss_handbook_vi_mirror,CAPSS VI Table 13-13,CAPSS_VI_needs_VII_diff,,National Air Pollutant Emissions Estimation Method Handbook VI,2023,https://www.scribd.com/document/742589271/
EF00775,1.0.0,superseded_pending_capss_vii_diff,false,Buildings and services,Residential biomass combustion,Wood stove,Wood or pellet,TSP,0.015443,,,,kg/kg-fuel,biomass fuel consumed,device-average,Korea,CAPSS inventory default,Korean environmental-technology study (2014),,,capss_handbook_vi_mirror,CAPSS VI Table 13-13,CAPSS_VI_needs_VII_diff,,National Air Pollutant Emissions Estimation Method Handbook VI,2023,https://www.scribd.com/document/742589271/
EF00776,1.0.0,superseded_pending_capss_vii_diff,false,Buildings and services,Residential biomass combustion,Wood stove,Wood or pellet,PM10,0.006522,,,,kg/kg-fuel,biomass fuel consumed,device-average,Korea,CAPSS inventory default,Korean environmental-technology study (2014),,,capss_handbook_vi_mirror,CAPSS VI Table 13-13,CAPSS_VI_needs_VII_diff,,National Air Pollutant Emissions Estimation Method Handbook VI,2023,https://www.scribd.com/document/742589271/
EF00777,1.0.0,superseded_pending_capss_vii_diff,false,Buildings and services,Residential biomass combustion,Wood stove,Wood or pellet,PM2.5,0.004162,,,,kg/kg-fuel,biomass fuel consumed,device-average,Korea,CAPSS inventory default,Korean environmental-technology study (2014),,,capss_handbook_vi_mirror,CAPSS VI Table 13-13,CAPSS_VI_needs_VII_diff,,National Air Pollutant Emissions Estimation Method Handbook VI,2023,https://www.scribd.com/document/742589271/
EF00778,1.0.0,superseded_pending_capss_vii_diff,false,Buildings and services,Residential biomass combustion,Wood stove,Wood or pellet,VOCs,0.048017,,,,kg/kg-fuel,biomass fuel consumed,device-average,Korea,CAPSS inventory default,Korean environmental-technology study (2014),,,capss_handbook_vi_mirror,CAPSS VI Table 13-13,CAPSS_VI_needs_VII_diff,,National Air Pollutant Emissions Estimation Method Handbook VI,2023,https://www.scribd.com/document/742589271/
EF00779,1.0.0,superseded_pending_capss_vii_diff,false,Buildings and services,Residential biomass combustion,Wood stove,Wood or pellet,NH3,1.7e-05,,,,kg/kg-fuel,biomass fuel consumed,device-average,Korea,CAPSS inventory default,Korean environmental-technology study (2014),,,capss_handbook_vi_mirror,CAPSS VI Table 13-13,CAPSS_VI_needs_VII_diff,,National Air Pollutant Emissions Estimation Method Handbook VI,2023,https://www.scribd.com/document/742589271/
EF00780,1.0.0,superseded_pending_capss_vii_diff,false,Buildings and services,Residential biomass combustion,Wood boiler,Wood or pellet,CO,0.146742,,,,kg/kg-fuel,biomass fuel consumed,device-average,Korea,CAPSS inventory default,Korean environmental-technology study (2014),,,capss_handbook_vi_mirror,CAPSS VI Table 13-13,CAPSS_VI_needs_VII_diff,,National Air Pollutant Emissions Estimation Method Handbook VI,2023,https://www.scribd.com/document/742589271/
EF00781,1.0.0,superseded_pending_capss_vii_diff,false,Buildings and services,Residential biomass combustion,Wood boiler,Wood or pellet,NOx,0.001417,,,,kg/kg-fuel,biomass fuel consumed,device-average,Korea,CAPSS inventory default,Korean environmental-technology study (2014),,,capss_handbook_vi_mirror,CAPSS VI Table 13-13,CAPSS_VI_needs_VII_diff,,National Air Pollutant Emissions Estimation Method Handbook VI,2023,https://www.scribd.com/document/742589271/
EF00782,1.0.0,superseded_pending_capss_vii_diff,false,Buildings and services,Residential biomass combustion,Wood boiler,Wood or pellet,SOx,0.00015,,,,kg/kg-fuel,biomass fuel consumed,device-average,Korea,CAPSS inventory default,Korean environmental-technology study (2014),,,capss_handbook_vi_mirror,CAPSS VI Table 13-13,CAPSS_VI_needs_VII_diff,,National Air Pollutant Emissions Estimation Method Handbook VI,2023,https://www.scribd.com/document/742589271/
EF00783,1.0.0,superseded_pending_capss_vii_diff,false,Buildings and services,Residential biomass combustion,Wood boiler,Wood or pellet,TSP,0.012192,,,,kg/kg-fuel,biomass fuel consumed,device-average,Korea,CAPSS inventory default,Korean environmental-technology study (2014),,,capss_handbook_vi_mirror,CAPSS VI Table 13-13,CAPSS_VI_needs_VII_diff,,National Air Pollutant Emissions Estimation Method Handbook VI,2023,https://www.scribd.com/document/742589271/
EF00784,1.0.0,superseded_pending_capss_vii_diff,false,Buildings and services,Residential biomass combustion,Wood boiler,Wood or pellet,PM10,0.005813,,,,kg/kg-fuel,biomass fuel consumed,device-average,Korea,CAPSS inventory default,Korean environmental-technology study (2014),,,capss_handbook_vi_mirror,CAPSS VI Table 13-13,CAPSS_VI_needs_VII_diff,,National Air Pollutant Emissions Estimation Method Handbook VI,2023,https://www.scribd.com/document/742589271/
EF00785,1.0.0,superseded_pending_capss_vii_diff,false,Buildings and services,Residential biomass combustion,Wood boiler,Wood or pellet,PM2.5,0.003647,,,,kg/kg-fuel,biomass fuel consumed,device-average,Korea,CAPSS inventory default,Korean environmental-technology study (2014),,,capss_handbook_vi_mirror,CAPSS VI Table 13-13,CAPSS_VI_needs_VII_diff,,National Air Pollutant Emissions Estimation Method Handbook VI,2023,https://www.scribd.com/document/742589271/
EF00786,1.0.0,superseded_pending_capss_vii_diff,false,Buildings and services,Residential biomass combustion,Wood boiler,Wood or pellet,VOCs,0.04778,,,,kg/kg-fuel,biomass fuel consumed,device-average,Korea,CAPSS inventory default,Korean environmental-technology study (2014),,,capss_handbook_vi_mirror,CAPSS VI Table 13-13,CAPSS_VI_needs_VII_diff,,National Air Pollutant Emissions Estimation Method Handbook VI,2023,https://www.scribd.com/document/742589271/
EF00787,1.0.0,superseded_pending_capss_vii_diff,false,Buildings and services,Residential biomass combustion,Wood boiler,Wood or pellet,NH3,1.3e-05,,,,kg/kg-fuel,biomass fuel consumed,device-average,Korea,CAPSS inventory default,Korean environmental-technology study (2014),,,capss_handbook_vi_mirror,CAPSS VI Table 13-13,CAPSS_VI_needs_VII_diff,,National Air Pollutant Emissions Estimation Method Handbook VI,2023,https://www.scribd.com/document/742589271/
EF00788,1.0.0,superseded_pending_capss_vii_diff,false,Buildings and services,Residential biomass combustion,Pellet stove,Wood or pellet,CO,0.119227,,,,kg/kg-fuel,biomass fuel consumed,device-average,Korea,CAPSS inventory default,Korean environmental-technology study (2014),,,capss_handbook_vi_mirror,CAPSS VI Table 13-13,CAPSS_VI_needs_VII_diff,,National Air Pollutant Emissions Estimation Method Handbook VI,2023,https://www.scribd.com/document/742589271/
EF00789,1.0.0,superseded_pending_capss_vii_diff,false,Buildings and services,Residential biomass combustion,Pellet stove,Wood or pellet,NOx,0.0144,,,,kg/kg-fuel,biomass fuel consumed,device-average,Korea,CAPSS inventory default,Korean environmental-technology study (2014),,,capss_handbook_vi_mirror,CAPSS VI Table 13-13,CAPSS_VI_needs_VII_diff,,National Air Pollutant Emissions Estimation Method Handbook VI,2023,https://www.scribd.com/document/742589271/
EF00790,1.0.0,superseded_pending_capss_vii_diff,false,Buildings and services,Residential biomass combustion,Pellet stove,Wood or pellet,SOx,0.000183,,,,kg/kg-fuel,biomass fuel consumed,device-average,Korea,CAPSS inventory default,Korean environmental-technology study (2014),,,capss_handbook_vi_mirror,CAPSS VI Table 13-13,CAPSS_VI_needs_VII_diff,,National Air Pollutant Emissions Estimation Method Handbook VI,2023,https://www.scribd.com/document/742589271/
EF00791,1.0.0,superseded_pending_capss_vii_diff,false,Buildings and services,Residential biomass combustion,Pellet stove,Wood or pellet,TSP,0.004582,,,,kg/kg-fuel,biomass fuel consumed,device-average,Korea,CAPSS inventory default,Korean environmental-technology study (2014),,,capss_handbook_vi_mirror,CAPSS VI Table 13-13,CAPSS_VI_needs_VII_diff,,National Air Pollutant Emissions Estimation Method Handbook VI,2023,https://www.scribd.com/document/742589271/
EF00792,1.0.0,superseded_pending_capss_vii_diff,false,Buildings and services,Residential biomass combustion,Pellet stove,Wood or pellet,PM10,0.003345,,,,kg/kg-fuel,biomass fuel consumed,device-average,Korea,CAPSS inventory default,Korean environmental-technology study (2014),,,capss_handbook_vi_mirror,CAPSS VI Table 13-13,CAPSS_VI_needs_VII_diff,,National Air Pollutant Emissions Estimation Method Handbook VI,2023,https://www.scribd.com/document/742589271/
EF00793,1.0.0,superseded_pending_capss_vii_diff,false,Buildings and services,Residential biomass combustion,Pellet stove,Wood or pellet,PM2.5,0.002482,,,,kg/kg-fuel,biomass fuel consumed,device-average,Korea,CAPSS inventory default,Korean environmental-technology study (2014),,,capss_handbook_vi_mirror,CAPSS VI Table 13-13,CAPSS_VI_needs_VII_diff,,National Air Pollutant Emissions Estimation Method Handbook VI,2023,https://www.scribd.com/document/742589271/
EF00794,1.0.0,superseded_pending_capss_vii_diff,false,Buildings and services,Residential biomass combustion,Pellet stove,Wood or pellet,VOCs,0.037733,,,,kg/kg-fuel,biomass fuel consumed,device-average,Korea,CAPSS inventory default,Korean environmental-technology study (2014),,,capss_handbook_vi_mirror,CAPSS VI Table 13-13,CAPSS_VI_needs_VII_diff,,National Air Pollutant Emissions Estimation Method Handbook VI,2023,https://www.scribd.com/document/742589271/
EF00795,1.0.0,superseded_pending_capss_vii_diff,false,Buildings and services,Residential biomass combustion,Pellet stove,Wood or pellet,NH3,1.7e-05,,,,kg/kg-fuel,biomass fuel consumed,device-average,Korea,CAPSS inventory default,Korean environmental-technology study (2014),,,capss_handbook_vi_mirror,CAPSS VI Table 13-13,CAPSS_VI_needs_VII_diff,,National Air Pollutant Emissions Estimation Method Handbook VI,2023,https://www.scribd.com/document/742589271/
EF00796,1.0.0,superseded_pending_capss_vii_diff,false,Buildings and services,Residential biomass combustion,Pellet boiler,Wood or pellet,CO,0.156973,,,,kg/kg-fuel,biomass fuel consumed,device-average,Korea,CAPSS inventory default,Korean environmental-technology study (2014),,,capss_handbook_vi_mirror,CAPSS VI Table 13-13,CAPSS_VI_needs_VII_diff,,National Air Pollutant Emissions Estimation Method Handbook VI,2023,https://www.scribd.com/document/742589271/
EF00797,1.0.0,superseded_pending_capss_vii_diff,false,Buildings and services,Residential biomass combustion,Pellet boiler,Wood or pellet,NOx,0.011917,,,,kg/kg-fuel,biomass fuel consumed,device-average,Korea,CAPSS inventory default,Korean environmental-technology study (2014),,,capss_handbook_vi_mirror,CAPSS VI Table 13-13,CAPSS_VI_needs_VII_diff,,National Air Pollutant Emissions Estimation Method Handbook VI,2023,https://www.scribd.com/document/742589271/
EF00798,1.0.0,superseded_pending_capss_vii_diff,false,Buildings and services,Residential biomass combustion,Pellet boiler,Wood or pellet,SOx,0.000183,,,,kg/kg-fuel,biomass fuel consumed,device-average,Korea,CAPSS inventory default,Korean environmental-technology study (2014),,,capss_handbook_vi_mirror,CAPSS VI Table 13-13,CAPSS_VI_needs_VII_diff,,National Air Pollutant Emissions Estimation Method Handbook VI,2023,https://www.scribd.com/document/742589271/
EF00799,1.0.0,superseded_pending_capss_vii_diff,false,Buildings and services,Residential biomass combustion,Pellet boiler,Wood or pellet,TSP,0.004725,,,,kg/kg-fuel,biomass fuel consumed,device-average,Korea,CAPSS inventory default,Korean environmental-technology study (2014),,,capss_handbook_vi_mirror,CAPSS VI Table 13-13,CAPSS_VI_needs_VII_diff,,National Air Pollutant Emissions Estimation Method Handbook VI,2023,https://www.scribd.com/document/742589271/
EF00800,1.0.0,superseded_pending_capss_vii_diff,false,Buildings and services,Residential biomass combustion,Pellet boiler,Wood or pellet,PM10,0.003405,,,,kg/kg-fuel,biomass fuel consumed,device-average,Korea,CAPSS inventory default,Korean environmental-technology study (2014),,,capss_handbook_vi_mirror,CAPSS VI Table 13-13,CAPSS_VI_needs_VII_diff,,National Air Pollutant Emissions Estimation Method Handbook VI,2023,https://www.scribd.com/document/742589271/
EF00801,1.0.0,superseded_pending_capss_vii_diff,false,Buildings and services,Residential biomass combustion,Pellet boiler,Wood or pellet,PM2.5,0.002632,,,,kg/kg-fuel,biomass fuel consumed,device-average,Korea,CAPSS inventory default,Korean environmental-technology study (2014),,,capss_handbook_vi_mirror,CAPSS VI Table 13-13,CAPSS_VI_needs_VII_diff,,National Air Pollutant Emissions Estimation Method Handbook VI,2023,https://www.scribd.com/document/742589271/
EF00802,1.0.0,superseded_pending_capss_vii_diff,false,Buildings and services,Residential biomass combustion,Pellet boiler,Wood or pellet,VOCs,0.04875,,,,kg/kg-fuel,biomass fuel consumed,device-average,Korea,CAPSS inventory default,Korean environmental-technology study (2014),,,capss_handbook_vi_mirror,CAPSS VI Table 13-13,CAPSS_VI_needs_VII_diff,,National Air Pollutant Emissions Estimation Method Handbook VI,2023,https://www.scribd.com/document/742589271/
EF00803,1.0.0,superseded_pending_capss_vii_diff,false,Buildings and services,Residential biomass combustion,Pellet boiler,Wood or pellet,NH3,2e-05,,,,kg/kg-fuel,biomass fuel consumed,device-average,Korea,CAPSS inventory default,Korean environmental-technology study (2014),,,capss_handbook_vi_mirror,CAPSS VI Table 13-13,CAPSS_VI_needs_VII_diff,,National Air Pollutant Emissions Estimation Method Handbook VI,2023,https://www.scribd.com/document/742589271/
EF00804,1.0.0,superseded_pending_capss_vii_diff,false,Buildings and services,Commercial cooking,"Beef, fresh, griddle LPG",,CO,0.06,,,,g/kg-meat,meat grilled,cooking-method factor,Korea,CAPSS inventory default,Korean cooking-emissions studies,,,capss_handbook_vi_mirror,CAPSS VI Table 13-11,CAPSS_VI_needs_VII_diff,,National Air Pollutant Emissions Estimation Method Handbook VI,2023,https://www.scribd.com/document/742589271/
EF00805,1.0.0,superseded_pending_capss_vii_diff,false,Buildings and services,Commercial cooking,"Beef, fresh, griddle LPG",,NOx,0.06,,,,g/kg-meat,meat grilled,cooking-method factor,Korea,CAPSS inventory default,Korean cooking-emissions studies,,,capss_handbook_vi_mirror,CAPSS VI Table 13-11,CAPSS_VI_needs_VII_diff,,National Air Pollutant Emissions Estimation Method Handbook VI,2023,https://www.scribd.com/document/742589271/
EF00806,1.0.0,superseded_pending_capss_vii_diff,false,Buildings and services,Commercial cooking,"Beef, fresh, griddle LPG",,SOx,0.01,,,,g/kg-meat,meat grilled,cooking-method factor,Korea,CAPSS inventory default,Korean cooking-emissions studies,,,capss_handbook_vi_mirror,CAPSS VI Table 13-11,CAPSS_VI_needs_VII_diff,,National Air Pollutant Emissions Estimation Method Handbook VI,2023,https://www.scribd.com/document/742589271/
EF00807,1.0.0,superseded_pending_capss_vii_diff,false,Buildings and services,Commercial cooking,"Beef, fresh, griddle LPG",,TSP,0.41,,,,g/kg-meat,meat grilled,cooking-method factor,Korea,CAPSS inventory default,Korean cooking-emissions studies,,,capss_handbook_vi_mirror,CAPSS VI Table 13-11,CAPSS_VI_needs_VII_diff,,National Air Pollutant Emissions Estimation Method Handbook VI,2023,https://www.scribd.com/document/742589271/
EF00808,1.0.0,superseded_pending_capss_vii_diff,false,Buildings and services,Commercial cooking,"Beef, fresh, griddle LPG",,PM10,0.41,,,,g/kg-meat,meat grilled,cooking-method factor,Korea,CAPSS inventory default,Korean cooking-emissions studies,,,capss_handbook_vi_mirror,CAPSS VI Table 13-11,CAPSS_VI_needs_VII_diff,,National Air Pollutant Emissions Estimation Method Handbook VI,2023,https://www.scribd.com/document/742589271/
EF00809,1.0.0,superseded_pending_capss_vii_diff,false,Buildings and services,Commercial cooking,"Beef, fresh, griddle LPG",,PM2.5,0.32,,,,g/kg-meat,meat grilled,cooking-method factor,Korea,CAPSS inventory default,Korean cooking-emissions studies,,,capss_handbook_vi_mirror,CAPSS VI Table 13-11,CAPSS_VI_needs_VII_diff,,National Air Pollutant Emissions Estimation Method Handbook VI,2023,https://www.scribd.com/document/742589271/
EF00810,1.0.0,superseded_pending_capss_vii_diff,false,Buildings and services,Commercial cooking,"Beef, fresh, griddle LPG",,VOCs,0.06,,,,g/kg-meat,meat grilled,cooking-method factor,Korea,CAPSS inventory default,Korean cooking-emissions studies,,,capss_handbook_vi_mirror,CAPSS VI Table 13-11,CAPSS_VI_needs_VII_diff,,National Air Pollutant Emissions Estimation Method Handbook VI,2023,https://www.scribd.com/document/742589271/
EF00811,1.0.0,superseded_pending_capss_vii_diff,false,Buildings and services,Commercial cooking,"Beef, fresh, charcoal direct",,CO,0.06,,,,g/kg-meat,meat grilled,cooking-method factor,Korea,CAPSS inventory default,Korean cooking-emissions studies,,,capss_handbook_vi_mirror,CAPSS VI Table 13-11,CAPSS_VI_needs_VII_diff,,National Air Pollutant Emissions Estimation Method Handbook VI,2023,https://www.scribd.com/document/742589271/
EF00812,1.0.0,superseded_pending_capss_vii_diff,false,Buildings and services,Commercial cooking,"Beef, fresh, charcoal direct",,NOx,0.06,,,,g/kg-meat,meat grilled,cooking-method factor,Korea,CAPSS inventory default,Korean cooking-emissions studies,,,capss_handbook_vi_mirror,CAPSS VI Table 13-11,CAPSS_VI_needs_VII_diff,,National Air Pollutant Emissions Estimation Method Handbook VI,2023,https://www.scribd.com/document/742589271/
EF00813,1.0.0,superseded_pending_capss_vii_diff,false,Buildings and services,Commercial cooking,"Beef, fresh, charcoal direct",,SOx,0.01,,,,g/kg-meat,meat grilled,cooking-method factor,Korea,CAPSS inventory default,Korean cooking-emissions studies,,,capss_handbook_vi_mirror,CAPSS VI Table 13-11,CAPSS_VI_needs_VII_diff,,National Air Pollutant Emissions Estimation Method Handbook VI,2023,https://www.scribd.com/document/742589271/
EF00814,1.0.0,superseded_pending_capss_vii_diff,false,Buildings and services,Commercial cooking,"Beef, fresh, charcoal direct",,TSP,2.79,,,,g/kg-meat,meat grilled,cooking-method factor,Korea,CAPSS inventory default,Korean cooking-emissions studies,,,capss_handbook_vi_mirror,CAPSS VI Table 13-11,CAPSS_VI_needs_VII_diff,,National Air Pollutant Emissions Estimation Method Handbook VI,2023,https://www.scribd.com/document/742589271/
EF00815,1.0.0,superseded_pending_capss_vii_diff,false,Buildings and services,Commercial cooking,"Beef, fresh, charcoal direct",,PM10,2.79,,,,g/kg-meat,meat grilled,cooking-method factor,Korea,CAPSS inventory default,Korean cooking-emissions studies,,,capss_handbook_vi_mirror,CAPSS VI Table 13-11,CAPSS_VI_needs_VII_diff,,National Air Pollutant Emissions Estimation Method Handbook VI,2023,https://www.scribd.com/document/742589271/
EF00816,1.0.0,superseded_pending_capss_vii_diff,false,Buildings and services,Commercial cooking,"Beef, fresh, charcoal direct",,PM2.5,2.62,,,,g/kg-meat,meat grilled,cooking-method factor,Korea,CAPSS inventory default,Korean cooking-emissions studies,,,capss_handbook_vi_mirror,CAPSS VI Table 13-11,CAPSS_VI_needs_VII_diff,,National Air Pollutant Emissions Estimation Method Handbook VI,2023,https://www.scribd.com/document/742589271/
EF00817,1.0.0,superseded_pending_capss_vii_diff,false,Buildings and services,Commercial cooking,"Beef, fresh, charcoal direct",,VOCs,0.78,,,,g/kg-meat,meat grilled,cooking-method factor,Korea,CAPSS inventory default,Korean cooking-emissions studies,,,capss_handbook_vi_mirror,CAPSS VI Table 13-11,CAPSS_VI_needs_VII_diff,,National Air Pollutant Emissions Estimation Method Handbook VI,2023,https://www.scribd.com/document/742589271/
EF00818,1.0.0,superseded_pending_capss_vii_diff,false,Buildings and services,Commercial cooking,"Beef, marinated, griddle LPG",,CO,0.06,,,,g/kg-meat,meat grilled,cooking-method factor,Korea,CAPSS inventory default,Korean cooking-emissions studies,,,capss_handbook_vi_mirror,CAPSS VI Table 13-11,CAPSS_VI_needs_VII_diff,,National Air Pollutant Emissions Estimation Method Handbook VI,2023,https://www.scribd.com/document/742589271/
EF00819,1.0.0,superseded_pending_capss_vii_diff,false,Buildings and services,Commercial cooking,"Beef, marinated, griddle LPG",,NOx,0.06,,,,g/kg-meat,meat grilled,cooking-method factor,Korea,CAPSS inventory default,Korean cooking-emissions studies,,,capss_handbook_vi_mirror,CAPSS VI Table 13-11,CAPSS_VI_needs_VII_diff,,National Air Pollutant Emissions Estimation Method Handbook VI,2023,https://www.scribd.com/document/742589271/
EF00820,1.0.0,superseded_pending_capss_vii_diff,false,Buildings and services,Commercial cooking,"Beef, marinated, griddle LPG",,SOx,0.01,,,,g/kg-meat,meat grilled,cooking-method factor,Korea,CAPSS inventory default,Korean cooking-emissions studies,,,capss_handbook_vi_mirror,CAPSS VI Table 13-11,CAPSS_VI_needs_VII_diff,,National Air Pollutant Emissions Estimation Method Handbook VI,2023,https://www.scribd.com/document/742589271/
EF00821,1.0.0,superseded_pending_capss_vii_diff,false,Buildings and services,Commercial cooking,"Beef, marinated, griddle LPG",,TSP,4.54,,,,g/kg-meat,meat grilled,cooking-method factor,Korea,CAPSS inventory default,Korean cooking-emissions studies,,,capss_handbook_vi_mirror,CAPSS VI Table 13-11,CAPSS_VI_needs_VII_diff,,National Air Pollutant Emissions Estimation Method Handbook VI,2023,https://www.scribd.com/document/742589271/
EF00822,1.0.0,superseded_pending_capss_vii_diff,false,Buildings and services,Commercial cooking,"Beef, marinated, griddle LPG",,PM10,4.54,,,,g/kg-meat,meat grilled,cooking-method factor,Korea,CAPSS inventory default,Korean cooking-emissions studies,,,capss_handbook_vi_mirror,CAPSS VI Table 13-11,CAPSS_VI_needs_VII_diff,,National Air Pollutant Emissions Estimation Method Handbook VI,2023,https://www.scribd.com/document/742589271/
EF00823,1.0.0,superseded_pending_capss_vii_diff,false,Buildings and services,Commercial cooking,"Beef, marinated, griddle LPG",,PM2.5,3.45,,,,g/kg-meat,meat grilled,cooking-method factor,Korea,CAPSS inventory default,Korean cooking-emissions studies,,,capss_handbook_vi_mirror,CAPSS VI Table 13-11,CAPSS_VI_needs_VII_diff,,National Air Pollutant Emissions Estimation Method Handbook VI,2023,https://www.scribd.com/document/742589271/
EF00824,1.0.0,superseded_pending_capss_vii_diff,false,Buildings and services,Commercial cooking,"Beef, marinated, griddle LPG",,VOCs,0.06,,,,g/kg-meat,meat grilled,cooking-method factor,Korea,CAPSS inventory default,Korean cooking-emissions studies,,,capss_handbook_vi_mirror,CAPSS VI Table 13-11,CAPSS_VI_needs_VII_diff,,National Air Pollutant Emissions Estimation Method Handbook VI,2023,https://www.scribd.com/document/742589271/
EF00825,1.0.0,superseded_pending_capss_vii_diff,false,Buildings and services,Commercial cooking,"Beef, marinated, charcoal direct",,CO,0.15,,,,g/kg-meat,meat grilled,cooking-method factor,Korea,CAPSS inventory default,Korean cooking-emissions studies,,,capss_handbook_vi_mirror,CAPSS VI Table 13-11,CAPSS_VI_needs_VII_diff,,National Air Pollutant Emissions Estimation Method Handbook VI,2023,https://www.scribd.com/document/742589271/
EF00826,1.0.0,superseded_pending_capss_vii_diff,false,Buildings and services,Commercial cooking,"Beef, marinated, charcoal direct",,NOx,0.07,,,,g/kg-meat,meat grilled,cooking-method factor,Korea,CAPSS inventory default,Korean cooking-emissions studies,,,capss_handbook_vi_mirror,CAPSS VI Table 13-11,CAPSS_VI_needs_VII_diff,,National Air Pollutant Emissions Estimation Method Handbook VI,2023,https://www.scribd.com/document/742589271/
EF00827,1.0.0,superseded_pending_capss_vii_diff,false,Buildings and services,Commercial cooking,"Beef, marinated, charcoal direct",,SOx,0.02,,,,g/kg-meat,meat grilled,cooking-method factor,Korea,CAPSS inventory default,Korean cooking-emissions studies,,,capss_handbook_vi_mirror,CAPSS VI Table 13-11,CAPSS_VI_needs_VII_diff,,National Air Pollutant Emissions Estimation Method Handbook VI,2023,https://www.scribd.com/document/742589271/
EF00828,1.0.0,superseded_pending_capss_vii_diff,false,Buildings and services,Commercial cooking,"Beef, marinated, charcoal direct",,TSP,6.31,,,,g/kg-meat,meat grilled,cooking-method factor,Korea,CAPSS inventory default,Korean cooking-emissions studies,,,capss_handbook_vi_mirror,CAPSS VI Table 13-11,CAPSS_VI_needs_VII_diff,,National Air Pollutant Emissions Estimation Method Handbook VI,2023,https://www.scribd.com/document/742589271/
EF00829,1.0.0,superseded_pending_capss_vii_diff,false,Buildings and services,Commercial cooking,"Beef, marinated, charcoal direct",,PM10,6.31,,,,g/kg-meat,meat grilled,cooking-method factor,Korea,CAPSS inventory default,Korean cooking-emissions studies,,,capss_handbook_vi_mirror,CAPSS VI Table 13-11,CAPSS_VI_needs_VII_diff,,National Air Pollutant Emissions Estimation Method Handbook VI,2023,https://www.scribd.com/document/742589271/
EF00830,1.0.0,superseded_pending_capss_vii_diff,false,Buildings and services,Commercial cooking,"Beef, marinated, charcoal direct",,PM2.5,6.12,,,,g/kg-meat,meat grilled,cooking-method factor,Korea,CAPSS inventory default,Korean cooking-emissions studies,,,capss_handbook_vi_mirror,CAPSS VI Table 13-11,CAPSS_VI_needs_VII_diff,,National Air Pollutant Emissions Estimation Method Handbook VI,2023,https://www.scribd.com/document/742589271/
EF00831,1.0.0,superseded_pending_capss_vii_diff,false,Buildings and services,Commercial cooking,"Beef, marinated, charcoal direct",,VOCs,0.78,,,,g/kg-meat,meat grilled,cooking-method factor,Korea,CAPSS inventory default,Korean cooking-emissions studies,,,capss_handbook_vi_mirror,CAPSS VI Table 13-11,CAPSS_VI_needs_VII_diff,,National Air Pollutant Emissions Estimation Method Handbook VI,2023,https://www.scribd.com/document/742589271/
EF00832,1.0.0,superseded_pending_capss_vii_diff,false,Buildings and services,Commercial cooking,"Beef intestines, charcoal direct",,CO,0.05,,,,g/kg-meat,meat grilled,cooking-method factor,Korea,CAPSS inventory default,Korean cooking-emissions studies,,,capss_handbook_vi_mirror,CAPSS VI Table 13-11,CAPSS_VI_needs_VII_diff,,National Air Pollutant Emissions Estimation Method Handbook VI,2023,https://www.scribd.com/document/742589271/
EF00833,1.0.0,superseded_pending_capss_vii_diff,false,Buildings and services,Commercial cooking,"Beef intestines, charcoal direct",,NOx,0.05,,,,g/kg-meat,meat grilled,cooking-method factor,Korea,CAPSS inventory default,Korean cooking-emissions studies,,,capss_handbook_vi_mirror,CAPSS VI Table 13-11,CAPSS_VI_needs_VII_diff,,National Air Pollutant Emissions Estimation Method Handbook VI,2023,https://www.scribd.com/document/742589271/
EF00834,1.0.0,superseded_pending_capss_vii_diff,false,Buildings and services,Commercial cooking,"Beef intestines, charcoal direct",,SOx,0.01,,,,g/kg-meat,meat grilled,cooking-method factor,Korea,CAPSS inventory default,Korean cooking-emissions studies,,,capss_handbook_vi_mirror,CAPSS VI Table 13-11,CAPSS_VI_needs_VII_diff,,National Air Pollutant Emissions Estimation Method Handbook VI,2023,https://www.scribd.com/document/742589271/
EF00835,1.0.0,superseded_pending_capss_vii_diff,false,Buildings and services,Commercial cooking,"Beef intestines, charcoal direct",,TSP,44.06,,,,g/kg-meat,meat grilled,cooking-method factor,Korea,CAPSS inventory default,Korean cooking-emissions studies,,,capss_handbook_vi_mirror,CAPSS VI Table 13-11,CAPSS_VI_needs_VII_diff,,National Air Pollutant Emissions Estimation Method Handbook VI,2023,https://www.scribd.com/document/742589271/
EF00836,1.0.0,superseded_pending_capss_vii_diff,false,Buildings and services,Commercial cooking,"Beef intestines, charcoal direct",,PM10,44.06,,,,g/kg-meat,meat grilled,cooking-method factor,Korea,CAPSS inventory default,Korean cooking-emissions studies,,,capss_handbook_vi_mirror,CAPSS VI Table 13-11,CAPSS_VI_needs_VII_diff,,National Air Pollutant Emissions Estimation Method Handbook VI,2023,https://www.scribd.com/document/742589271/
EF00837,1.0.0,superseded_pending_capss_vii_diff,false,Buildings and services,Commercial cooking,"Beef intestines, charcoal direct",,PM2.5,42.61,,,,g/kg-meat,meat grilled,cooking-method factor,Korea,CAPSS inventory default,Korean cooking-emissions studies,,,capss_handbook_vi_mirror,CAPSS VI Table 13-11,CAPSS_VI_needs_VII_diff,,National Air Pollutant Emissions Estimation Method Handbook VI,2023,https://www.scribd.com/document/742589271/
EF00838,1.0.0,superseded_pending_capss_vii_diff,false,Buildings and services,Commercial cooking,"Beef intestines, charcoal direct",,VOCs,0.78,,,,g/kg-meat,meat grilled,cooking-method factor,Korea,CAPSS inventory default,Korean cooking-emissions studies,,,capss_handbook_vi_mirror,CAPSS VI Table 13-11,CAPSS_VI_needs_VII_diff,,National Air Pollutant Emissions Estimation Method Handbook VI,2023,https://www.scribd.com/document/742589271/
EF00839,1.0.0,superseded_pending_capss_vii_diff,false,Buildings and services,Commercial cooking,"Pork, fresh, griddle LPG",,CO,0.06,,,,g/kg-meat,meat grilled,cooking-method factor,Korea,CAPSS inventory default,Korean cooking-emissions studies,,,capss_handbook_vi_mirror,CAPSS VI Table 13-11,CAPSS_VI_needs_VII_diff,,National Air Pollutant Emissions Estimation Method Handbook VI,2023,https://www.scribd.com/document/742589271/
EF00840,1.0.0,superseded_pending_capss_vii_diff,false,Buildings and services,Commercial cooking,"Pork, fresh, griddle LPG",,NOx,0.05,,,,g/kg-meat,meat grilled,cooking-method factor,Korea,CAPSS inventory default,Korean cooking-emissions studies,,,capss_handbook_vi_mirror,CAPSS VI Table 13-11,CAPSS_VI_needs_VII_diff,,National Air Pollutant Emissions Estimation Method Handbook VI,2023,https://www.scribd.com/document/742589271/
EF00841,1.0.0,superseded_pending_capss_vii_diff,false,Buildings and services,Commercial cooking,"Pork, fresh, griddle LPG",,SOx,0.01,,,,g/kg-meat,meat grilled,cooking-method factor,Korea,CAPSS inventory default,Korean cooking-emissions studies,,,capss_handbook_vi_mirror,CAPSS VI Table 13-11,CAPSS_VI_needs_VII_diff,,National Air Pollutant Emissions Estimation Method Handbook VI,2023,https://www.scribd.com/document/742589271/
EF00842,1.0.0,superseded_pending_capss_vii_diff,false,Buildings and services,Commercial cooking,"Pork, fresh, griddle LPG",,TSP,1.6,,,,g/kg-meat,meat grilled,cooking-method factor,Korea,CAPSS inventory default,Korean cooking-emissions studies,,,capss_handbook_vi_mirror,CAPSS VI Table 13-11,CAPSS_VI_needs_VII_diff,,National Air Pollutant Emissions Estimation Method Handbook VI,2023,https://www.scribd.com/document/742589271/
EF00843,1.0.0,superseded_pending_capss_vii_diff,false,Buildings and services,Commercial cooking,"Pork, fresh, griddle LPG",,PM10,1.6,,,,g/kg-meat,meat grilled,cooking-method factor,Korea,CAPSS inventory default,Korean cooking-emissions studies,,,capss_handbook_vi_mirror,CAPSS VI Table 13-11,CAPSS_VI_needs_VII_diff,,National Air Pollutant Emissions Estimation Method Handbook VI,2023,https://www.scribd.com/document/742589271/
EF00844,1.0.0,superseded_pending_capss_vii_diff,false,Buildings and services,Commercial cooking,"Pork, fresh, griddle LPG",,PM2.5,1.23,,,,g/kg-meat,meat grilled,cooking-method factor,Korea,CAPSS inventory default,Korean cooking-emissions studies,,,capss_handbook_vi_mirror,CAPSS VI Table 13-11,CAPSS_VI_needs_VII_diff,,National Air Pollutant Emissions Estimation Method Handbook VI,2023,https://www.scribd.com/document/742589271/
EF00845,1.0.0,superseded_pending_capss_vii_diff,false,Buildings and services,Commercial cooking,"Pork, fresh, griddle LPG",,VOCs,0.36,,,,g/kg-meat,meat grilled,cooking-method factor,Korea,CAPSS inventory default,Korean cooking-emissions studies,,,capss_handbook_vi_mirror,CAPSS VI Table 13-11,CAPSS_VI_needs_VII_diff,,National Air Pollutant Emissions Estimation Method Handbook VI,2023,https://www.scribd.com/document/742589271/
EF00846,1.0.0,superseded_pending_capss_vii_diff,false,Buildings and services,Commercial cooking,"Pork, fresh, charcoal direct",,CO,0.06,,,,g/kg-meat,meat grilled,cooking-method factor,Korea,CAPSS inventory default,Korean cooking-emissions studies,,,capss_handbook_vi_mirror,CAPSS VI Table 13-11,CAPSS_VI_needs_VII_diff,,National Air Pollutant Emissions Estimation Method Handbook VI,2023,https://www.scribd.com/document/742589271/
EF00847,1.0.0,superseded_pending_capss_vii_diff,false,Buildings and services,Commercial cooking,"Pork, fresh, charcoal direct",,NOx,0.05,,,,g/kg-meat,meat grilled,cooking-method factor,Korea,CAPSS inventory default,Korean cooking-emissions studies,,,capss_handbook_vi_mirror,CAPSS VI Table 13-11,CAPSS_VI_needs_VII_diff,,National Air Pollutant Emissions Estimation Method Handbook VI,2023,https://www.scribd.com/document/742589271/
EF00848,1.0.0,superseded_pending_capss_vii_diff,false,Buildings and services,Commercial cooking,"Pork, fresh, charcoal direct",,SOx,0.01,,,,g/kg-meat,meat grilled,cooking-method factor,Korea,CAPSS inventory default,Korean cooking-emissions studies,,,capss_handbook_vi_mirror,CAPSS VI Table 13-11,CAPSS_VI_needs_VII_diff,,National Air Pollutant Emissions Estimation Method Handbook VI,2023,https://www.scribd.com/document/742589271/
EF00849,1.0.0,superseded_pending_capss_vii_diff,false,Buildings and services,Commercial cooking,"Pork, fresh, charcoal direct",,TSP,7.39,,,,g/kg-meat,meat grilled,cooking-method factor,Korea,CAPSS inventory default,Korean cooking-emissions studies,,,capss_handbook_vi_mirror,CAPSS VI Table 13-11,CAPSS_VI_needs_VII_diff,,National Air Pollutant Emissions Estimation Method Handbook VI,2023,https://www.scribd.com/document/742589271/
EF00850,1.0.0,superseded_pending_capss_vii_diff,false,Buildings and services,Commercial cooking,"Pork, fresh, charcoal direct",,PM10,7.39,,,,g/kg-meat,meat grilled,cooking-method factor,Korea,CAPSS inventory default,Korean cooking-emissions studies,,,capss_handbook_vi_mirror,CAPSS VI Table 13-11,CAPSS_VI_needs_VII_diff,,National Air Pollutant Emissions Estimation Method Handbook VI,2023,https://www.scribd.com/document/742589271/
EF00851,1.0.0,superseded_pending_capss_vii_diff,false,Buildings and services,Commercial cooking,"Pork, fresh, charcoal direct",,PM2.5,6.87,,,,g/kg-meat,meat grilled,cooking-method factor,Korea,CAPSS inventory default,Korean cooking-emissions studies,,,capss_handbook_vi_mirror,CAPSS VI Table 13-11,CAPSS_VI_needs_VII_diff,,National Air Pollutant Emissions Estimation Method Handbook VI,2023,https://www.scribd.com/document/742589271/
EF00852,1.0.0,superseded_pending_capss_vii_diff,false,Buildings and services,Commercial cooking,"Pork, fresh, charcoal direct",,VOCs,1.65,,,,g/kg-meat,meat grilled,cooking-method factor,Korea,CAPSS inventory default,Korean cooking-emissions studies,,,capss_handbook_vi_mirror,CAPSS VI Table 13-11,CAPSS_VI_needs_VII_diff,,National Air Pollutant Emissions Estimation Method Handbook VI,2023,https://www.scribd.com/document/742589271/
EF00853,1.0.0,superseded_pending_capss_vii_diff,false,Buildings and services,Commercial cooking,"Pork, marinated, griddle LPG",,CO,0.06,,,,g/kg-meat,meat grilled,cooking-method factor,Korea,CAPSS inventory default,Korean cooking-emissions studies,,,capss_handbook_vi_mirror,CAPSS VI Table 13-11,CAPSS_VI_needs_VII_diff,,National Air Pollutant Emissions Estimation Method Handbook VI,2023,https://www.scribd.com/document/742589271/
EF00854,1.0.0,superseded_pending_capss_vii_diff,false,Buildings and services,Commercial cooking,"Pork, marinated, griddle LPG",,NOx,0.05,,,,g/kg-meat,meat grilled,cooking-method factor,Korea,CAPSS inventory default,Korean cooking-emissions studies,,,capss_handbook_vi_mirror,CAPSS VI Table 13-11,CAPSS_VI_needs_VII_diff,,National Air Pollutant Emissions Estimation Method Handbook VI,2023,https://www.scribd.com/document/742589271/
EF00855,1.0.0,superseded_pending_capss_vii_diff,false,Buildings and services,Commercial cooking,"Pork, marinated, griddle LPG",,SOx,0.01,,,,g/kg-meat,meat grilled,cooking-method factor,Korea,CAPSS inventory default,Korean cooking-emissions studies,,,capss_handbook_vi_mirror,CAPSS VI Table 13-11,CAPSS_VI_needs_VII_diff,,National Air Pollutant Emissions Estimation Method Handbook VI,2023,https://www.scribd.com/document/742589271/
EF00856,1.0.0,superseded_pending_capss_vii_diff,false,Buildings and services,Commercial cooking,"Pork, marinated, griddle LPG",,TSP,0.51,,,,g/kg-meat,meat grilled,cooking-method factor,Korea,CAPSS inventory default,Korean cooking-emissions studies,,,capss_handbook_vi_mirror,CAPSS VI Table 13-11,CAPSS_VI_needs_VII_diff,,National Air Pollutant Emissions Estimation Method Handbook VI,2023,https://www.scribd.com/document/742589271/
EF00857,1.0.0,superseded_pending_capss_vii_diff,false,Buildings and services,Commercial cooking,"Pork, marinated, griddle LPG",,PM10,0.51,,,,g/kg-meat,meat grilled,cooking-method factor,Korea,CAPSS inventory default,Korean cooking-emissions studies,,,capss_handbook_vi_mirror,CAPSS VI Table 13-11,CAPSS_VI_needs_VII_diff,,National Air Pollutant Emissions Estimation Method Handbook VI,2023,https://www.scribd.com/document/742589271/
EF00858,1.0.0,superseded_pending_capss_vii_diff,false,Buildings and services,Commercial cooking,"Pork, marinated, griddle LPG",,PM2.5,0.43,,,,g/kg-meat,meat grilled,cooking-method factor,Korea,CAPSS inventory default,Korean cooking-emissions studies,,,capss_handbook_vi_mirror,CAPSS VI Table 13-11,CAPSS_VI_needs_VII_diff,,National Air Pollutant Emissions Estimation Method Handbook VI,2023,https://www.scribd.com/document/742589271/
EF00859,1.0.0,superseded_pending_capss_vii_diff,false,Buildings and services,Commercial cooking,"Pork, marinated, griddle LPG",,VOCs,0.36,,,,g/kg-meat,meat grilled,cooking-method factor,Korea,CAPSS inventory default,Korean cooking-emissions studies,,,capss_handbook_vi_mirror,CAPSS VI Table 13-11,CAPSS_VI_needs_VII_diff,,National Air Pollutant Emissions Estimation Method Handbook VI,2023,https://www.scribd.com/document/742589271/
EF00860,1.0.0,superseded_pending_capss_vii_diff,false,Buildings and services,Commercial cooking,"Pork, marinated, charcoal direct",,CO,0.15,,,,g/kg-meat,meat grilled,cooking-method factor,Korea,CAPSS inventory default,Korean cooking-emissions studies,,,capss_handbook_vi_mirror,CAPSS VI Table 13-11,CAPSS_VI_needs_VII_diff,,National Air Pollutant Emissions Estimation Method Handbook VI,2023,https://www.scribd.com/document/742589271/
EF00861,1.0.0,superseded_pending_capss_vii_diff,false,Buildings and services,Commercial cooking,"Pork, marinated, charcoal direct",,NOx,0.07,,,,g/kg-meat,meat grilled,cooking-method factor,Korea,CAPSS inventory default,Korean cooking-emissions studies,,,capss_handbook_vi_mirror,CAPSS VI Table 13-11,CAPSS_VI_needs_VII_diff,,National Air Pollutant Emissions Estimation Method Handbook VI,2023,https://www.scribd.com/document/742589271/
EF00862,1.0.0,superseded_pending_capss_vii_diff,false,Buildings and services,Commercial cooking,"Pork, marinated, charcoal direct",,SOx,0.02,,,,g/kg-meat,meat grilled,cooking-method factor,Korea,CAPSS inventory default,Korean cooking-emissions studies,,,capss_handbook_vi_mirror,CAPSS VI Table 13-11,CAPSS_VI_needs_VII_diff,,National Air Pollutant Emissions Estimation Method Handbook VI,2023,https://www.scribd.com/document/742589271/
EF00863,1.0.0,superseded_pending_capss_vii_diff,false,Buildings and services,Commercial cooking,"Pork, marinated, charcoal direct",,TSP,3.32,,,,g/kg-meat,meat grilled,cooking-method factor,Korea,CAPSS inventory default,Korean cooking-emissions studies,,,capss_handbook_vi_mirror,CAPSS VI Table 13-11,CAPSS_VI_needs_VII_diff,,National Air Pollutant Emissions Estimation Method Handbook VI,2023,https://www.scribd.com/document/742589271/
EF00864,1.0.0,superseded_pending_capss_vii_diff,false,Buildings and services,Commercial cooking,"Pork, marinated, charcoal direct",,PM10,3.32,,,,g/kg-meat,meat grilled,cooking-method factor,Korea,CAPSS inventory default,Korean cooking-emissions studies,,,capss_handbook_vi_mirror,CAPSS VI Table 13-11,CAPSS_VI_needs_VII_diff,,National Air Pollutant Emissions Estimation Method Handbook VI,2023,https://www.scribd.com/document/742589271/
EF00865,1.0.0,superseded_pending_capss_vii_diff,false,Buildings and services,Commercial cooking,"Pork, marinated, charcoal direct",,PM2.5,3.25,,,,g/kg-meat,meat grilled,cooking-method factor,Korea,CAPSS inventory default,Korean cooking-emissions studies,,,capss_handbook_vi_mirror,CAPSS VI Table 13-11,CAPSS_VI_needs_VII_diff,,National Air Pollutant Emissions Estimation Method Handbook VI,2023,https://www.scribd.com/document/742589271/
EF00866,1.0.0,superseded_pending_capss_vii_diff,false,Buildings and services,Commercial cooking,"Pork, marinated, charcoal direct",,VOCs,1.65,,,,g/kg-meat,meat grilled,cooking-method factor,Korea,CAPSS inventory default,Korean cooking-emissions studies,,,capss_handbook_vi_mirror,CAPSS VI Table 13-11,CAPSS_VI_needs_VII_diff,,National Air Pollutant Emissions Estimation Method Handbook VI,2023,https://www.scribd.com/document/742589271/
EF00867,1.0.0,superseded_pending_capss_vii_diff,false,Buildings and services,Commercial cooking,"Chicken, fresh, charcoal direct",,CO,0.08,,,,g/kg-meat,meat grilled,cooking-method factor,Korea,CAPSS inventory default,Korean cooking-emissions studies,,,capss_handbook_vi_mirror,CAPSS VI Table 13-11,CAPSS_VI_needs_VII_diff,,National Air Pollutant Emissions Estimation Method Handbook VI,2023,https://www.scribd.com/document/742589271/
EF00868,1.0.0,superseded_pending_capss_vii_diff,false,Buildings and services,Commercial cooking,"Chicken, fresh, charcoal direct",,NOx,0.05,,,,g/kg-meat,meat grilled,cooking-method factor,Korea,CAPSS inventory default,Korean cooking-emissions studies,,,capss_handbook_vi_mirror,CAPSS VI Table 13-11,CAPSS_VI_needs_VII_diff,,National Air Pollutant Emissions Estimation Method Handbook VI,2023,https://www.scribd.com/document/742589271/
EF00869,1.0.0,superseded_pending_capss_vii_diff,false,Buildings and services,Commercial cooking,"Chicken, fresh, charcoal direct",,SOx,0.01,,,,g/kg-meat,meat grilled,cooking-method factor,Korea,CAPSS inventory default,Korean cooking-emissions studies,,,capss_handbook_vi_mirror,CAPSS VI Table 13-11,CAPSS_VI_needs_VII_diff,,National Air Pollutant Emissions Estimation Method Handbook VI,2023,https://www.scribd.com/document/742589271/
EF00870,1.0.0,superseded_pending_capss_vii_diff,false,Buildings and services,Commercial cooking,"Chicken, fresh, charcoal direct",,TSP,11.26,,,,g/kg-meat,meat grilled,cooking-method factor,Korea,CAPSS inventory default,Korean cooking-emissions studies,,,capss_handbook_vi_mirror,CAPSS VI Table 13-11,CAPSS_VI_needs_VII_diff,,National Air Pollutant Emissions Estimation Method Handbook VI,2023,https://www.scribd.com/document/742589271/
EF00871,1.0.0,superseded_pending_capss_vii_diff,false,Buildings and services,Commercial cooking,"Chicken, fresh, charcoal direct",,PM10,11.26,,,,g/kg-meat,meat grilled,cooking-method factor,Korea,CAPSS inventory default,Korean cooking-emissions studies,,,capss_handbook_vi_mirror,CAPSS VI Table 13-11,CAPSS_VI_needs_VII_diff,,National Air Pollutant Emissions Estimation Method Handbook VI,2023,https://www.scribd.com/document/742589271/
EF00872,1.0.0,superseded_pending_capss_vii_diff,false,Buildings and services,Commercial cooking,"Chicken, fresh, charcoal direct",,PM2.5,10.58,,,,g/kg-meat,meat grilled,cooking-method factor,Korea,CAPSS inventory default,Korean cooking-emissions studies,,,capss_handbook_vi_mirror,CAPSS VI Table 13-11,CAPSS_VI_needs_VII_diff,,National Air Pollutant Emissions Estimation Method Handbook VI,2023,https://www.scribd.com/document/742589271/
EF00873,1.0.0,superseded_pending_capss_vii_diff,false,Buildings and services,Commercial cooking,"Chicken, fresh, charcoal direct",,VOCs,1.65,,,,g/kg-meat,meat grilled,cooking-method factor,Korea,CAPSS inventory default,Korean cooking-emissions studies,,,capss_handbook_vi_mirror,CAPSS VI Table 13-11,CAPSS_VI_needs_VII_diff,,National Air Pollutant Emissions Estimation Method Handbook VI,2023,https://www.scribd.com/document/742589271/
EF00874,1.0.0,superseded_pending_capss_vii_diff,false,Buildings and services,Commercial cooking,"Duck, fresh, charcoal direct",,CO,0.06,,,,g/kg-meat,meat grilled,cooking-method factor,Korea,CAPSS inventory default,Korean cooking-emissions studies,,,capss_handbook_vi_mirror,CAPSS VI Table 13-11,CAPSS_VI_needs_VII_diff,,National Air Pollutant Emissions Estimation Method Handbook VI,2023,https://www.scribd.com/document/742589271/
EF00875,1.0.0,superseded_pending_capss_vii_diff,false,Buildings and services,Commercial cooking,"Duck, fresh, charcoal direct",,NOx,0.05,,,,g/kg-meat,meat grilled,cooking-method factor,Korea,CAPSS inventory default,Korean cooking-emissions studies,,,capss_handbook_vi_mirror,CAPSS VI Table 13-11,CAPSS_VI_needs_VII_diff,,National Air Pollutant Emissions Estimation Method Handbook VI,2023,https://www.scribd.com/document/742589271/
EF00876,1.0.0,superseded_pending_capss_vii_diff,false,Buildings and services,Commercial cooking,"Duck, fresh, charcoal direct",,SOx,0.01,,,,g/kg-meat,meat grilled,cooking-method factor,Korea,CAPSS inventory default,Korean cooking-emissions studies,,,capss_handbook_vi_mirror,CAPSS VI Table 13-11,CAPSS_VI_needs_VII_diff,,National Air Pollutant Emissions Estimation Method Handbook VI,2023,https://www.scribd.com/document/742589271/
EF00877,1.0.0,superseded_pending_capss_vii_diff,false,Buildings and services,Commercial cooking,"Duck, fresh, charcoal direct",,TSP,2.25,,,,g/kg-meat,meat grilled,cooking-method factor,Korea,CAPSS inventory default,Korean cooking-emissions studies,,,capss_handbook_vi_mirror,CAPSS VI Table 13-11,CAPSS_VI_needs_VII_diff,,National Air Pollutant Emissions Estimation Method Handbook VI,2023,https://www.scribd.com/document/742589271/
EF00878,1.0.0,superseded_pending_capss_vii_diff,false,Buildings and services,Commercial cooking,"Duck, fresh, charcoal direct",,PM10,2.25,,,,g/kg-meat,meat grilled,cooking-method factor,Korea,CAPSS inventory default,Korean cooking-emissions studies,,,capss_handbook_vi_mirror,CAPSS VI Table 13-11,CAPSS_VI_needs_VII_diff,,National Air Pollutant Emissions Estimation Method Handbook VI,2023,https://www.scribd.com/document/742589271/
EF00879,1.0.0,superseded_pending_capss_vii_diff,false,Buildings and services,Commercial cooking,"Duck, fresh, charcoal direct",,PM2.5,2.11,,,,g/kg-meat,meat grilled,cooking-method factor,Korea,CAPSS inventory default,Korean cooking-emissions studies,,,capss_handbook_vi_mirror,CAPSS VI Table 13-11,CAPSS_VI_needs_VII_diff,,National Air Pollutant Emissions Estimation Method Handbook VI,2023,https://www.scribd.com/document/742589271/
EF00880,1.0.0,superseded_pending_capss_vii_diff,false,Buildings and services,Commercial cooking,"Duck, fresh, charcoal direct",,VOCs,1.65,,,,g/kg-meat,meat grilled,cooking-method factor,Korea,CAPSS inventory default,Korean cooking-emissions studies,,,capss_handbook_vi_mirror,CAPSS VI Table 13-11,CAPSS_VI_needs_VII_diff,,National Air Pollutant Emissions Estimation Method Handbook VI,2023,https://www.scribd.com/document/742589271/
EF00881,1.0.0,superseded_pending_capss_vii_diff,false,Buildings and services,Commercial cooking,"Duck, marinated, charcoal direct",,CO,0.15,,,,g/kg-meat,meat grilled,cooking-method factor,Korea,CAPSS inventory default,Korean cooking-emissions studies,,,capss_handbook_vi_mirror,CAPSS VI Table 13-11,CAPSS_VI_needs_VII_diff,,National Air Pollutant Emissions Estimation Method Handbook VI,2023,https://www.scribd.com/document/742589271/
EF00882,1.0.0,superseded_pending_capss_vii_diff,false,Buildings and services,Commercial cooking,"Duck, marinated, charcoal direct",,NOx,0.07,,,,g/kg-meat,meat grilled,cooking-method factor,Korea,CAPSS inventory default,Korean cooking-emissions studies,,,capss_handbook_vi_mirror,CAPSS VI Table 13-11,CAPSS_VI_needs_VII_diff,,National Air Pollutant Emissions Estimation Method Handbook VI,2023,https://www.scribd.com/document/742589271/
EF00883,1.0.0,superseded_pending_capss_vii_diff,false,Buildings and services,Commercial cooking,"Duck, marinated, charcoal direct",,SOx,0.02,,,,g/kg-meat,meat grilled,cooking-method factor,Korea,CAPSS inventory default,Korean cooking-emissions studies,,,capss_handbook_vi_mirror,CAPSS VI Table 13-11,CAPSS_VI_needs_VII_diff,,National Air Pollutant Emissions Estimation Method Handbook VI,2023,https://www.scribd.com/document/742589271/
EF00884,1.0.0,superseded_pending_capss_vii_diff,false,Buildings and services,Commercial cooking,"Duck, marinated, charcoal direct",,TSP,3.97,,,,g/kg-meat,meat grilled,cooking-method factor,Korea,CAPSS inventory default,Korean cooking-emissions studies,,,capss_handbook_vi_mirror,CAPSS VI Table 13-11,CAPSS_VI_needs_VII_diff,,National Air Pollutant Emissions Estimation Method Handbook VI,2023,https://www.scribd.com/document/742589271/
EF00885,1.0.0,superseded_pending_capss_vii_diff,false,Buildings and services,Commercial cooking,"Duck, marinated, charcoal direct",,PM10,3.97,,,,g/kg-meat,meat grilled,cooking-method factor,Korea,CAPSS inventory default,Korean cooking-emissions studies,,,capss_handbook_vi_mirror,CAPSS VI Table 13-11,CAPSS_VI_needs_VII_diff,,National Air Pollutant Emissions Estimation Method Handbook VI,2023,https://www.scribd.com/document/742589271/
EF00886,1.0.0,superseded_pending_capss_vii_diff,false,Buildings and services,Commercial cooking,"Duck, marinated, charcoal direct",,PM2.5,3.59,,,,g/kg-meat,meat grilled,cooking-method factor,Korea,CAPSS inventory default,Korean cooking-emissions studies,,,capss_handbook_vi_mirror,CAPSS VI Table 13-11,CAPSS_VI_needs_VII_diff,,National Air Pollutant Emissions Estimation Method Handbook VI,2023,https://www.scribd.com/document/742589271/
EF00887,1.0.0,superseded_pending_capss_vii_diff,false,Buildings and services,Commercial cooking,"Duck, marinated, charcoal direct",,VOCs,1.65,,,,g/kg-meat,meat grilled,cooking-method factor,Korea,CAPSS inventory default,Korean cooking-emissions studies,,,capss_handbook_vi_mirror,CAPSS VI Table 13-11,CAPSS_VI_needs_VII_diff,,National Air Pollutant Emissions Estimation Method Handbook VI,2023,https://www.scribd.com/document/742589271/
EF00888,1.0.0,candidate_literature_validation,false,Industry,Iron and steel,Electric arc furnace outlet measurement,,TSP,,,0.6,1.26,kg/ton-product,product output,measured after installed controls,Korea,external validation / alternative factor,Korean facility measurement,,,korean_eaf_paper,study abstract/table summary,measured_range,Do not average without facility/control weights.,Development of Particulate Matter and Gaseous Material Emission Factors from Korean Electric Arc Furnaces,2021,https://kiss.kstudy.com/DetailOa/Ar?key=52273097
EF00889,1.0.0,candidate_literature_validation,false,Industry,Iron and steel,Electric arc furnace outlet measurement,,PM10,,,0.13,0.79,kg/ton-product,product output,measured after installed controls,Korea,external validation / alternative factor,Korean facility measurement,,,korean_eaf_paper,study abstract/table summary,measured_range,Do not average without facility/control weights.,Development of Particulate Matter and Gaseous Material Emission Factors from Korean Electric Arc Furnaces,2021,https://kiss.kstudy.com/DetailOa/Ar?key=52273097
EF00890,1.0.0,candidate_literature_validation,false,Industry,Iron and steel,Electric arc furnace outlet measurement,,PM2.5,,,0.12,0.36,kg/ton-product,product output,measured after installed controls,Korea,external validation / alternative factor,Korean facility measurement,,,korean_eaf_paper,study abstract/table summary,measured_range,Do not average without facility/control weights.,Development of Particulate Matter and Gaseous Material Emission Factors from Korean Electric Arc Furnaces,2021,https://kiss.kstudy.com/DetailOa/Ar?key=52273097
EF00891,1.0.0,candidate_literature_validation,false,Industry,Iron and steel,Electric arc furnace outlet measurement,,NOx,0.42,,,,kg/ton-product,product output,measured after installed controls,Korea,external validation / alternative factor,Korean facility measurement,,,korean_eaf_paper,study abstract/table summary,measured_point,,Development of Particulate Matter and Gaseous Material Emission Factors from Korean Electric Arc Furnaces,2021,https://kiss.kstudy.com/DetailOa/Ar?key=52273097
EF00892,1.0.0,candidate_literature_validation,false,Industry,Iron and steel,"Steel melting furnaces, mixed sample",,TSP,,,0.00613,0.612,kg/ton-product,product output,facility-specific/mixed,Korea,external validation / historical range,Korean facility measurement,,,korean_steel_melting_paper_2004,study reported range,historical_measured_range,,Development of Air Pollutant Emission Factors for Melting Furnaces in the Korean Steel Industry,2004,https://www.kci.go.kr/kciportal/landing/article.kci?arti_id=ART000938643
EF00893,1.0.0,candidate_literature_validation,false,Industry,Iron and steel,"Steel melting furnaces, mixed sample",,SOx,,,0.159,2.45,kg/ton-product,product output,facility-specific/mixed,Korea,external validation / historical range,Korean facility measurement,,,korean_steel_melting_paper_2004,study reported range,historical_measured_range,,Development of Air Pollutant Emission Factors for Melting Furnaces in the Korean Steel Industry,2004,https://www.kci.go.kr/kciportal/landing/article.kci?arti_id=ART000938643
EF00894,1.0.0,candidate_literature_validation,false,Industry,Iron and steel,"Steel melting furnaces, mixed sample",,NOx,,,0.0682,0.688,kg/ton-product,product output,facility-specific/mixed,Korea,external validation / historical range,Korean facility measurement,,,korean_steel_melting_paper_2004,study reported range,historical_measured_range,,Development of Air Pollutant Emission Factors for Melting Furnaces in the Korean Steel Industry,2004,https://www.kci.go.kr/kciportal/landing/article.kci?arti_id=ART000938643
EF00895,1.0.0,candidate_literature_validation,false,Agriculture,Open agricultural-residue burning,Peanut residue — updated Korean measurement,Dry crop residue,CO,0.25617,,,,kg/kg-dry-residue,dry residue burned,uncontrolled experimental burning,Korea,candidate replacement / validation,Korean measured factor,,,korean_residue_burning_paper_2022,2022 paper comparison table,domestic_measured_update,Converted from g/kg to kg/kg.,Development of Emission Factors for Air Pollutants from Agricultural Residue Burning in Korea,2022,https://doi.org/10.5572/KOSAE.2022.38.3.470
EF00896,1.0.0,candidate_literature_validation,false,Agriculture,Open agricultural-residue burning,Peanut residue — updated Korean measurement,Dry crop residue,NOx,0.00053,,,,kg/kg-dry-residue,dry residue burned,uncontrolled experimental burning,Korea,candidate replacement / validation,Korean measured factor,,,korean_residue_burning_paper_2022,2022 paper comparison table,domestic_measured_update,Converted from g/kg to kg/kg.,Development of Emission Factors for Air Pollutants from Agricultural Residue Burning in Korea,2022,https://doi.org/10.5572/KOSAE.2022.38.3.470
EF00897,1.0.0,candidate_literature_validation,false,Agriculture,Open agricultural-residue burning,Peanut residue — updated Korean measurement,Dry crop residue,SOx,0.00034,,,,kg/kg-dry-residue,dry residue burned,uncontrolled experimental burning,Korea,candidate replacement / validation,Korean measured factor,,,korean_residue_burning_paper_2022,2022 paper comparison table,domestic_measured_update,Converted from g/kg to kg/kg.,Development of Emission Factors for Air Pollutants from Agricultural Residue Burning in Korea,2022,https://doi.org/10.5572/KOSAE.2022.38.3.470
EF00898,1.0.0,candidate_literature_validation,false,Agriculture,Open agricultural-residue burning,Peanut residue — updated Korean measurement,Dry crop residue,VOCs,0.00034,,,,kg/kg-dry-residue,dry residue burned,uncontrolled experimental burning,Korea,candidate replacement / validation,Korean measured factor,,,korean_residue_burning_paper_2022,2022 paper comparison table,domestic_measured_update,Converted from g/kg to kg/kg.,Development of Emission Factors for Air Pollutants from Agricultural Residue Burning in Korea,2022,https://doi.org/10.5572/KOSAE.2022.38.3.470
EF00899,1.0.0,candidate_literature_validation,false,Agriculture,Open agricultural-residue burning,Peanut residue — updated Korean measurement,Dry crop residue,PM2.5,0.0263,,,,kg/kg-dry-residue,dry residue burned,uncontrolled experimental burning,Korea,candidate replacement / validation,Korean measured factor,,,korean_residue_burning_paper_2022,2022 paper comparison table,domestic_measured_update,Converted from g/kg to kg/kg.,Development of Emission Factors for Air Pollutants from Agricultural Residue Burning in Korea,2022,https://doi.org/10.5572/KOSAE.2022.38.3.470
EF00900,1.0.0,candidate_literature_validation,false,Agriculture,Open agricultural-residue burning,Peanut residue — updated Korean measurement,Dry crop residue,NH3,0.00124,,,,kg/kg-dry-residue,dry residue burned,uncontrolled experimental burning,Korea,candidate replacement / validation,Korean measured factor,,,korean_residue_burning_paper_2022,2022 paper comparison table,domestic_measured_update,Converted from g/kg to kg/kg.,Development of Emission Factors for Air Pollutants from Agricultural Residue Burning in Korea,2022,https://doi.org/10.5572/KOSAE.2022.38.3.470
EF00901,1.0.0,candidate_literature_validation,false,Agriculture,Open agricultural-residue burning,Corn residue — updated Korean measurement,Dry crop residue,CO,0.21066,,,,kg/kg-dry-residue,dry residue burned,uncontrolled experimental burning,Korea,candidate replacement / validation,Korean measured factor,,,korean_residue_burning_paper_2022,2022 paper comparison table,domestic_measured_update,Converted from g/kg to kg/kg.,Development of Emission Factors for Air Pollutants from Agricultural Residue Burning in Korea,2022,https://doi.org/10.5572/KOSAE.2022.38.3.470
EF00902,1.0.0,candidate_literature_validation,false,Agriculture,Open agricultural-residue burning,Corn residue — updated Korean measurement,Dry crop residue,NOx,0.00128,,,,kg/kg-dry-residue,dry residue burned,uncontrolled experimental burning,Korea,candidate replacement / validation,Korean measured factor,,,korean_residue_burning_paper_2022,2022 paper comparison table,domestic_measured_update,Converted from g/kg to kg/kg.,Development of Emission Factors for Air Pollutants from Agricultural Residue Burning in Korea,2022,https://doi.org/10.5572/KOSAE.2022.38.3.470
EF00903,1.0.0,candidate_literature_validation,false,Agriculture,Open agricultural-residue burning,Corn residue — updated Korean measurement,Dry crop residue,SOx,0.00077,,,,kg/kg-dry-residue,dry residue burned,uncontrolled experimental burning,Korea,candidate replacement / validation,Korean measured factor,,,korean_residue_burning_paper_2022,2022 paper comparison table,domestic_measured_update,Converted from g/kg to kg/kg.,Development of Emission Factors for Air Pollutants from Agricultural Residue Burning in Korea,2022,https://doi.org/10.5572/KOSAE.2022.38.3.470
EF00904,1.0.0,candidate_literature_validation,false,Agriculture,Open agricultural-residue burning,Corn residue — updated Korean measurement,Dry crop residue,VOCs,0.00074,,,,kg/kg-dry-residue,dry residue burned,uncontrolled experimental burning,Korea,candidate replacement / validation,Korean measured factor,,,korean_residue_burning_paper_2022,2022 paper comparison table,domestic_measured_update,Converted from g/kg to kg/kg.,Development of Emission Factors for Air Pollutants from Agricultural Residue Burning in Korea,2022,https://doi.org/10.5572/KOSAE.2022.38.3.470
EF00905,1.0.0,candidate_literature_validation,false,Agriculture,Open agricultural-residue burning,Corn residue — updated Korean measurement,Dry crop residue,PM2.5,0.01154,,,,kg/kg-dry-residue,dry residue burned,uncontrolled experimental burning,Korea,candidate replacement / validation,Korean measured factor,,,korean_residue_burning_paper_2022,2022 paper comparison table,domestic_measured_update,Converted from g/kg to kg/kg.,Development of Emission Factors for Air Pollutants from Agricultural Residue Burning in Korea,2022,https://doi.org/10.5572/KOSAE.2022.38.3.470
EF00906,1.0.0,candidate_literature_validation,false,Agriculture,Open agricultural-residue burning,Corn residue — updated Korean measurement,Dry crop residue,NH3,0.00091,,,,kg/kg-dry-residue,dry residue burned,uncontrolled experimental burning,Korea,candidate replacement / validation,Korean measured factor,,,korean_residue_burning_paper_2022,2022 paper comparison table,domestic_measured_update,Converted from g/kg to kg/kg.,Development of Emission Factors for Air Pollutants from Agricultural Residue Burning in Korea,2022,https://doi.org/10.5572/KOSAE.2022.38.3.470
EF00907,1.0.0,candidate_literature_validation,false,Agriculture,Open agricultural-residue burning,Barley residue — updated Korean measurement,Dry crop residue,CO,0.06527,,,,kg/kg-dry-residue,dry residue burned,uncontrolled experimental burning,Korea,candidate replacement / validation,Korean measured factor,,,korean_residue_burning_paper_2022,2022 paper comparison table,domestic_measured_update,Converted from g/kg to kg/kg.,Development of Emission Factors for Air Pollutants from Agricultural Residue Burning in Korea,2022,https://doi.org/10.5572/KOSAE.2022.38.3.470
EF00908,1.0.0,candidate_literature_validation,false,Agriculture,Open agricultural-residue burning,Barley residue — updated Korean measurement,Dry crop residue,NOx,5e-05,,,,kg/kg-dry-residue,dry residue burned,uncontrolled experimental burning,Korea,candidate replacement / validation,Korean measured factor,,,korean_residue_burning_paper_2022,2022 paper comparison table,domestic_measured_update,Converted from g/kg to kg/kg.,Development of Emission Factors for Air Pollutants from Agricultural Residue Burning in Korea,2022,https://doi.org/10.5572/KOSAE.2022.38.3.470
EF00909,1.0.0,candidate_literature_validation,false,Agriculture,Open agricultural-residue burning,Barley residue — updated Korean measurement,Dry crop residue,SOx,0.00014,,,,kg/kg-dry-residue,dry residue burned,uncontrolled experimental burning,Korea,candidate replacement / validation,Korean measured factor,,,korean_residue_burning_paper_2022,2022 paper comparison table,domestic_measured_update,Converted from g/kg to kg/kg.,Development of Emission Factors for Air Pollutants from Agricultural Residue Burning in Korea,2022,https://doi.org/10.5572/KOSAE.2022.38.3.470
EF00910,1.0.0,candidate_literature_validation,false,Agriculture,Open agricultural-residue burning,Barley residue — updated Korean measurement,Dry crop residue,VOCs,0.00052,,,,kg/kg-dry-residue,dry residue burned,uncontrolled experimental burning,Korea,candidate replacement / validation,Korean measured factor,,,korean_residue_burning_paper_2022,2022 paper comparison table,domestic_measured_update,Converted from g/kg to kg/kg.,Development of Emission Factors for Air Pollutants from Agricultural Residue Burning in Korea,2022,https://doi.org/10.5572/KOSAE.2022.38.3.470
EF00911,1.0.0,candidate_literature_validation,false,Agriculture,Open agricultural-residue burning,Barley residue — updated Korean measurement,Dry crop residue,PM2.5,0.0168,,,,kg/kg-dry-residue,dry residue burned,uncontrolled experimental burning,Korea,candidate replacement / validation,Korean measured factor,,,korean_residue_burning_paper_2022,2022 paper comparison table,domestic_measured_update,Converted from g/kg to kg/kg.,Development of Emission Factors for Air Pollutants from Agricultural Residue Burning in Korea,2022,https://doi.org/10.5572/KOSAE.2022.38.3.470
EF00912,1.0.0,candidate_literature_validation,false,Agriculture,Open agricultural-residue burning,Barley residue — updated Korean measurement,Dry crop residue,NH3,0.0001,,,,kg/kg-dry-residue,dry residue burned,uncontrolled experimental burning,Korea,candidate replacement / validation,Korean measured factor,,,korean_residue_burning_paper_2022,2022 paper comparison table,domestic_measured_update,Converted from g/kg to kg/kg.,Development of Emission Factors for Air Pollutants from Agricultural Residue Burning in Korea,2022,https://doi.org/10.5572/KOSAE.2022.38.3.470
