"denominator_id","inventory_id","sector","subsector","technology","pollutant","preferred_activity_denominator","preferred_ef_unit","compatible_activity_units","conversion_required","conversion_description","controlled_or_uncontrolled","temporal_weighting_needed","technology_weighting_needed","control_weighting_needed","notes"
"den_ind_steel_bf_bof_nox","ind_steel_bf_bof","steel","integrated_steel","blast_furnace_basic_oxygen_furnace","NOx","tonne crude steel","kg NOx/tonne crude steel","tonne crude steel","false","","both","false","true","true","Registry entry defines a legal activity-EF join; factor values are intentionally deferred. Technology and control weights must be applied where flagged."
"den_ind_steel_bf_bof_sox","ind_steel_bf_bof","steel","integrated_steel","blast_furnace_basic_oxygen_furnace","SOx","tonne crude steel","kg SOx/tonne crude steel","tonne crude steel","false","","both","false","true","true","Registry entry defines a legal activity-EF join; factor values are intentionally deferred. Technology and control weights must be applied where flagged."
"den_ind_steel_bf_bof_pm25","ind_steel_bf_bof","steel","integrated_steel","blast_furnace_basic_oxygen_furnace","PM2.5","tonne crude steel","kg PM2.5/tonne crude steel","tonne crude steel","false","","both","false","true","true","Registry entry defines a legal activity-EF join; factor values are intentionally deferred. Technology and control weights must be applied where flagged."
"den_ind_steel_bf_bof_pm10","ind_steel_bf_bof","steel","integrated_steel","blast_furnace_basic_oxygen_furnace","PM10","tonne crude steel","kg PM10/tonne crude steel","tonne crude steel","false","","both","false","true","true","Registry entry defines a legal activity-EF join; factor values are intentionally deferred. Technology and control weights must be applied where flagged."
"den_ind_steel_bf_bof_tsp","ind_steel_bf_bof","steel","integrated_steel","blast_furnace_basic_oxygen_furnace","TSP","tonne crude steel","kg TSP/tonne crude steel","tonne crude steel","false","","both","false","true","true","Registry entry defines a legal activity-EF join; factor values are intentionally deferred. Technology and control weights must be applied where flagged."
"den_ind_steel_bf_bof_vocs","ind_steel_bf_bof","steel","integrated_steel","blast_furnace_basic_oxygen_furnace","VOCs","tonne crude steel","kg VOCs/tonne crude steel","tonne crude steel","false","","both","false","true","true","Registry entry defines a legal activity-EF join; factor values are intentionally deferred. Technology and control weights must be applied where flagged."
"den_ind_steel_bf_bof_co","ind_steel_bf_bof","steel","integrated_steel","blast_furnace_basic_oxygen_furnace","CO","tonne crude steel","kg CO/tonne crude steel","tonne crude steel","false","","both","false","true","true","Registry entry defines a legal activity-EF join; factor values are intentionally deferred. Technology and control weights must be applied where flagged."
"den_ind_steel_bf_bof_bc","ind_steel_bf_bof","steel","integrated_steel","blast_furnace_basic_oxygen_furnace","BC","tonne crude steel","kg BC/tonne crude steel","tonne crude steel","false","","both","false","true","true","Registry entry defines a legal activity-EF join; factor values are intentionally deferred. Technology and control weights must be applied where flagged."
"den_ind_steel_eaf_nox","ind_steel_eaf","steel","secondary_steel","electric_arc_furnace","NOx","tonne EAF steel","kg NOx/tonne EAF steel","tonne EAF steel","false","","both","false","true","true","Registry entry defines a legal activity-EF join; factor values are intentionally deferred. Technology and control weights must be applied where flagged."
"den_ind_steel_eaf_sox","ind_steel_eaf","steel","secondary_steel","electric_arc_furnace","SOx","tonne EAF steel","kg SOx/tonne EAF steel","tonne EAF steel","false","","both","false","true","true","Registry entry defines a legal activity-EF join; factor values are intentionally deferred. Technology and control weights must be applied where flagged."
"den_ind_steel_eaf_pm25","ind_steel_eaf","steel","secondary_steel","electric_arc_furnace","PM2.5","tonne EAF steel","kg PM2.5/tonne EAF steel","tonne EAF steel","false","","both","false","true","true","Registry entry defines a legal activity-EF join; factor values are intentionally deferred. Technology and control weights must be applied where flagged."
"den_ind_steel_eaf_pm10","ind_steel_eaf","steel","secondary_steel","electric_arc_furnace","PM10","tonne EAF steel","kg PM10/tonne EAF steel","tonne EAF steel","false","","both","false","true","true","Registry entry defines a legal activity-EF join; factor values are intentionally deferred. Technology and control weights must be applied where flagged."
"den_ind_steel_eaf_tsp","ind_steel_eaf","steel","secondary_steel","electric_arc_furnace","TSP","tonne EAF steel","kg TSP/tonne EAF steel","tonne EAF steel","false","","both","false","true","true","Registry entry defines a legal activity-EF join; factor values are intentionally deferred. Technology and control weights must be applied where flagged."
"den_ind_steel_eaf_vocs","ind_steel_eaf","steel","secondary_steel","electric_arc_furnace","VOCs","tonne EAF steel","kg VOCs/tonne EAF steel","tonne EAF steel","false","","both","false","true","true","Registry entry defines a legal activity-EF join; factor values are intentionally deferred. Technology and control weights must be applied where flagged."
"den_ind_steel_sinter_nox","ind_steel_sinter","steel","integrated_steel","sinter_plant","NOx","tonne sinter","kg NOx/tonne sinter","tonne sinter","false","","both","false","true","true","Registry entry defines a legal activity-EF join; factor values are intentionally deferred. Technology and control weights must be applied where flagged."
"den_ind_steel_sinter_sox","ind_steel_sinter","steel","integrated_steel","sinter_plant","SOx","tonne sinter","kg SOx/tonne sinter","tonne sinter","false","","both","false","true","true","Registry entry defines a legal activity-EF join; factor values are intentionally deferred. Technology and control weights must be applied where flagged."
"den_ind_steel_sinter_pm25","ind_steel_sinter","steel","integrated_steel","sinter_plant","PM2.5","tonne sinter","kg PM2.5/tonne sinter","tonne sinter","false","","both","false","true","true","Registry entry defines a legal activity-EF join; factor values are intentionally deferred. Technology and control weights must be applied where flagged."
"den_ind_steel_sinter_pm10","ind_steel_sinter","steel","integrated_steel","sinter_plant","PM10","tonne sinter","kg PM10/tonne sinter","tonne sinter","false","","both","false","true","true","Registry entry defines a legal activity-EF join; factor values are intentionally deferred. Technology and control weights must be applied where flagged."
"den_ind_steel_sinter_tsp","ind_steel_sinter","steel","integrated_steel","sinter_plant","TSP","tonne sinter","kg TSP/tonne sinter","tonne sinter","false","","both","false","true","true","Registry entry defines a legal activity-EF join; factor values are intentionally deferred. Technology and control weights must be applied where flagged."
"den_ind_steel_sinter_vocs","ind_steel_sinter","steel","integrated_steel","sinter_plant","VOCs","tonne sinter","kg VOCs/tonne sinter","tonne sinter","false","","both","false","true","true","Registry entry defines a legal activity-EF join; factor values are intentionally deferred. Technology and control weights must be applied where flagged."
"den_ind_steel_sinter_co","ind_steel_sinter","steel","integrated_steel","sinter_plant","CO","tonne sinter","kg CO/tonne sinter","tonne sinter","false","","both","false","true","true","Registry entry defines a legal activity-EF join; factor values are intentionally deferred. Technology and control weights must be applied where flagged."
"den_ind_steel_sinter_bc","ind_steel_sinter","steel","integrated_steel","sinter_plant","BC","tonne sinter","kg BC/tonne sinter","tonne sinter","false","","both","false","true","true","Registry entry defines a legal activity-EF join; factor values are intentionally deferred. Technology and control weights must be applied where flagged."
"den_ind_steel_coke_ovens_nox","ind_steel_coke_ovens","steel","integrated_steel","coke_oven","NOx","tonne coke","kg NOx/tonne coke","tonne coke","false","","both","false","true","true","Registry entry defines a legal activity-EF join; factor values are intentionally deferred. Technology and control weights must be applied where flagged."
"den_ind_steel_coke_ovens_sox","ind_steel_coke_ovens","steel","integrated_steel","coke_oven","SOx","tonne coke","kg SOx/tonne coke","tonne coke","false","","both","false","true","true","Registry entry defines a legal activity-EF join; factor values are intentionally deferred. Technology and control weights must be applied where flagged."
"den_ind_steel_coke_ovens_pm25","ind_steel_coke_ovens","steel","integrated_steel","coke_oven","PM2.5","tonne coke","kg PM2.5/tonne coke","tonne coke","false","","both","false","true","true","Registry entry defines a legal activity-EF join; factor values are intentionally deferred. Technology and control weights must be applied where flagged."
"den_ind_steel_coke_ovens_pm10","ind_steel_coke_ovens","steel","integrated_steel","coke_oven","PM10","tonne coke","kg PM10/tonne coke","tonne coke","false","","both","false","true","true","Registry entry defines a legal activity-EF join; factor values are intentionally deferred. Technology and control weights must be applied where flagged."
"den_ind_steel_coke_ovens_tsp","ind_steel_coke_ovens","steel","integrated_steel","coke_oven","TSP","tonne coke","kg TSP/tonne coke","tonne coke","false","","both","false","true","true","Registry entry defines a legal activity-EF join; factor values are intentionally deferred. Technology and control weights must be applied where flagged."
"den_ind_steel_coke_ovens_vocs","ind_steel_coke_ovens","steel","integrated_steel","coke_oven","VOCs","tonne coke","kg VOCs/tonne coke","tonne coke","false","","both","false","true","true","Registry entry defines a legal activity-EF join; factor values are intentionally deferred. Technology and control weights must be applied where flagged."
"den_ind_steel_coke_ovens_co","ind_steel_coke_ovens","steel","integrated_steel","coke_oven","CO","tonne coke","kg CO/tonne coke","tonne coke","false","","both","false","true","true","Registry entry defines a legal activity-EF join; factor values are intentionally deferred. Technology and control weights must be applied where flagged."
"den_ind_steel_coke_ovens_bc","ind_steel_coke_ovens","steel","integrated_steel","coke_oven","BC","tonne coke","kg BC/tonne coke","tonne coke","false","","both","false","true","true","Registry entry defines a legal activity-EF join; factor values are intentionally deferred. Technology and control weights must be applied where flagged."
"den_ind_steel_rolling_nox","ind_steel_rolling","steel","finishing","rolling_and_finishing","NOx","tonne finished steel","kg NOx/tonne finished steel","tonne finished steel","false","","both","false","true","true","Registry entry defines a legal activity-EF join; factor values are intentionally deferred. Technology and control weights must be applied where flagged."
"den_ind_steel_rolling_sox","ind_steel_rolling","steel","finishing","rolling_and_finishing","SOx","tonne finished steel","kg SOx/tonne finished steel","tonne finished steel","false","","both","false","true","true","Registry entry defines a legal activity-EF join; factor values are intentionally deferred. Technology and control weights must be applied where flagged."
"den_ind_steel_rolling_pm25","ind_steel_rolling","steel","finishing","rolling_and_finishing","PM2.5","tonne finished steel","kg PM2.5/tonne finished steel","tonne finished steel","false","","both","false","true","true","Registry entry defines a legal activity-EF join; factor values are intentionally deferred. Technology and control weights must be applied where flagged."
"den_ind_steel_rolling_pm10","ind_steel_rolling","steel","finishing","rolling_and_finishing","PM10","tonne finished steel","kg PM10/tonne finished steel","tonne finished steel","false","","both","false","true","true","Registry entry defines a legal activity-EF join; factor values are intentionally deferred. Technology and control weights must be applied where flagged."
"den_ind_steel_rolling_tsp","ind_steel_rolling","steel","finishing","rolling_and_finishing","TSP","tonne finished steel","kg TSP/tonne finished steel","tonne finished steel","false","","both","false","true","true","Registry entry defines a legal activity-EF join; factor values are intentionally deferred. Technology and control weights must be applied where flagged."
"den_ind_steel_rolling_vocs","ind_steel_rolling","steel","finishing","rolling_and_finishing","VOCs","tonne finished steel","kg VOCs/tonne finished steel","tonne finished steel","false","","both","false","true","true","Registry entry defines a legal activity-EF join; factor values are intentionally deferred. Technology and control weights must be applied where flagged."
"den_ind_steel_rolling_co","ind_steel_rolling","steel","finishing","rolling_and_finishing","CO","tonne finished steel","kg CO/tonne finished steel","tonne finished steel","false","","both","false","true","true","Registry entry defines a legal activity-EF join; factor values are intentionally deferred. Technology and control weights must be applied where flagged."
"den_ind_steel_combustion_nox","ind_steel_combustion","steel","all_routes","industrial_combustion","NOx","TJ fuel consumed","kg NOx/TJ fuel consumed","TJ fuel","false","","both","false","true","true","Registry entry defines a legal activity-EF join; factor values are intentionally deferred. Technology and control weights must be applied where flagged."
"den_ind_steel_combustion_sox","ind_steel_combustion","steel","all_routes","industrial_combustion","SOx","TJ fuel consumed","kg SOx/TJ fuel consumed","TJ fuel","false","","both","false","true","true","Registry entry defines a legal activity-EF join; factor values are intentionally deferred. Technology and control weights must be applied where flagged."
"den_ind_steel_combustion_pm25","ind_steel_combustion","steel","all_routes","industrial_combustion","PM2.5","TJ fuel consumed","kg PM2.5/TJ fuel consumed","TJ fuel","false","","both","false","true","true","Registry entry defines a legal activity-EF join; factor values are intentionally deferred. Technology and control weights must be applied where flagged."
"den_ind_steel_combustion_pm10","ind_steel_combustion","steel","all_routes","industrial_combustion","PM10","TJ fuel consumed","kg PM10/TJ fuel consumed","TJ fuel","false","","both","false","true","true","Registry entry defines a legal activity-EF join; factor values are intentionally deferred. Technology and control weights must be applied where flagged."
"den_ind_steel_combustion_tsp","ind_steel_combustion","steel","all_routes","industrial_combustion","TSP","TJ fuel consumed","kg TSP/TJ fuel consumed","TJ fuel","false","","both","false","true","true","Registry entry defines a legal activity-EF join; factor values are intentionally deferred. Technology and control weights must be applied where flagged."
"den_ind_steel_combustion_vocs","ind_steel_combustion","steel","all_routes","industrial_combustion","VOCs","TJ fuel consumed","kg VOCs/TJ fuel consumed","TJ fuel","false","","both","false","true","true","Registry entry defines a legal activity-EF join; factor values are intentionally deferred. Technology and control weights must be applied where flagged."
"den_ind_steel_combustion_nh3","ind_steel_combustion","steel","all_routes","industrial_combustion","NH3","TJ fuel consumed","kg NH3/TJ fuel consumed","TJ fuel","false","","both","false","true","true","Registry entry defines a legal activity-EF join; factor values are intentionally deferred. Technology and control weights must be applied where flagged."
"den_ind_steel_combustion_co","ind_steel_combustion","steel","all_routes","industrial_combustion","CO","TJ fuel consumed","kg CO/TJ fuel consumed","TJ fuel","false","","both","false","true","true","Registry entry defines a legal activity-EF join; factor values are intentionally deferred. Technology and control weights must be applied where flagged."
"den_ind_steel_combustion_bc","ind_steel_combustion","steel","all_routes","industrial_combustion","BC","TJ fuel consumed","kg BC/TJ fuel consumed","TJ fuel","false","","both","false","true","true","Registry entry defines a legal activity-EF join; factor values are intentionally deferred. Technology and control weights must be applied where flagged."
"den_ind_cement_clinker_nox","ind_cement_clinker","cement","clinker","clinker_kiln_process","NOx","tonne clinker","kg NOx/tonne clinker","tonne clinker","false","","both","false","true","true","Registry entry defines a legal activity-EF join; factor values are intentionally deferred. Technology and control weights must be applied where flagged."
"den_ind_cement_clinker_sox","ind_cement_clinker","cement","clinker","clinker_kiln_process","SOx","tonne clinker","kg SOx/tonne clinker","tonne clinker","false","","both","false","true","true","Registry entry defines a legal activity-EF join; factor values are intentionally deferred. Technology and control weights must be applied where flagged."
"den_ind_cement_clinker_pm25","ind_cement_clinker","cement","clinker","clinker_kiln_process","PM2.5","tonne clinker","kg PM2.5/tonne clinker","tonne clinker","false","","both","false","true","true","Registry entry defines a legal activity-EF join; factor values are intentionally deferred. Technology and control weights must be applied where flagged."
"den_ind_cement_clinker_pm10","ind_cement_clinker","cement","clinker","clinker_kiln_process","PM10","tonne clinker","kg PM10/tonne clinker","tonne clinker","false","","both","false","true","true","Registry entry defines a legal activity-EF join; factor values are intentionally deferred. Technology and control weights must be applied where flagged."
"den_ind_cement_clinker_tsp","ind_cement_clinker","cement","clinker","clinker_kiln_process","TSP","tonne clinker","kg TSP/tonne clinker","tonne clinker","false","","both","false","true","true","Registry entry defines a legal activity-EF join; factor values are intentionally deferred. Technology and control weights must be applied where flagged."
"den_ind_cement_clinker_co","ind_cement_clinker","cement","clinker","clinker_kiln_process","CO","tonne clinker","kg CO/tonne clinker","tonne clinker","false","","both","false","true","true","Registry entry defines a legal activity-EF join; factor values are intentionally deferred. Technology and control weights must be applied where flagged."
"den_ind_cement_grinding_pm25","ind_cement_grinding","cement","grinding","cement_grinding","PM2.5","tonne cement","kg PM2.5/tonne cement","tonne cement","false","","both","false","true","true","Registry entry defines a legal activity-EF join; factor values are intentionally deferred. Technology and control weights must be applied where flagged."
"den_ind_cement_grinding_pm10","ind_cement_grinding","cement","grinding","cement_grinding","PM10","tonne cement","kg PM10/tonne cement","tonne cement","false","","both","false","true","true","Registry entry defines a legal activity-EF join; factor values are intentionally deferred. Technology and control weights must be applied where flagged."
"den_ind_cement_grinding_tsp","ind_cement_grinding","cement","grinding","cement_grinding","TSP","tonne cement","kg TSP/tonne cement","tonne cement","false","","both","false","true","true","Registry entry defines a legal activity-EF join; factor values are intentionally deferred. Technology and control weights must be applied where flagged."
"den_ind_cement_kiln_combustion_nox","ind_cement_kiln_combustion","cement","clinker","kiln_combustion","NOx","TJ fuel consumed","kg NOx/TJ fuel consumed","TJ fuel","false","","both","false","true","true","Registry entry defines a legal activity-EF join; factor values are intentionally deferred. Technology and control weights must be applied where flagged."
"den_ind_cement_kiln_combustion_sox","ind_cement_kiln_combustion","cement","clinker","kiln_combustion","SOx","TJ fuel consumed","kg SOx/TJ fuel consumed","TJ fuel","false","","both","false","true","true","Registry entry defines a legal activity-EF join; factor values are intentionally deferred. Technology and control weights must be applied where flagged."
"den_ind_cement_kiln_combustion_pm25","ind_cement_kiln_combustion","cement","clinker","kiln_combustion","PM2.5","TJ fuel consumed","kg PM2.5/TJ fuel consumed","TJ fuel","false","","both","false","true","true","Registry entry defines a legal activity-EF join; factor values are intentionally deferred. Technology and control weights must be applied where flagged."
"den_ind_cement_kiln_combustion_pm10","ind_cement_kiln_combustion","cement","clinker","kiln_combustion","PM10","TJ fuel consumed","kg PM10/TJ fuel consumed","TJ fuel","false","","both","false","true","true","Registry entry defines a legal activity-EF join; factor values are intentionally deferred. Technology and control weights must be applied where flagged."
"den_ind_cement_kiln_combustion_tsp","ind_cement_kiln_combustion","cement","clinker","kiln_combustion","TSP","TJ fuel consumed","kg TSP/TJ fuel consumed","TJ fuel","false","","both","false","true","true","Registry entry defines a legal activity-EF join; factor values are intentionally deferred. Technology and control weights must be applied where flagged."
"den_ind_cement_kiln_combustion_vocs","ind_cement_kiln_combustion","cement","clinker","kiln_combustion","VOCs","TJ fuel consumed","kg VOCs/TJ fuel consumed","TJ fuel","false","","both","false","true","true","Registry entry defines a legal activity-EF join; factor values are intentionally deferred. Technology and control weights must be applied where flagged."
"den_ind_cement_kiln_combustion_co","ind_cement_kiln_combustion","cement","clinker","kiln_combustion","CO","TJ fuel consumed","kg CO/TJ fuel consumed","TJ fuel","false","","both","false","true","true","Registry entry defines a legal activity-EF join; factor values are intentionally deferred. Technology and control weights must be applied where flagged."
"den_ind_cement_kiln_combustion_bc","ind_cement_kiln_combustion","cement","clinker","kiln_combustion","BC","TJ fuel consumed","kg BC/TJ fuel consumed","TJ fuel","false","","both","false","true","true","Registry entry defines a legal activity-EF join; factor values are intentionally deferred. Technology and control weights must be applied where flagged."
"den_ind_cement_fugitive_pm25","ind_cement_fugitive","cement","clinker_and_grinding","material_handling","PM2.5","tonne material handled","kg PM2.5/tonne material handled","tonne material handled","false","","uncontrolled","false","true","false","Registry entry defines a legal activity-EF join; factor values are intentionally deferred. Technology and control weights must be applied where flagged."
"den_ind_cement_fugitive_pm10","ind_cement_fugitive","cement","clinker_and_grinding","material_handling","PM10","tonne material handled","kg PM10/tonne material handled","tonne material handled","false","","uncontrolled","false","true","false","Registry entry defines a legal activity-EF join; factor values are intentionally deferred. Technology and control weights must be applied where flagged."
"den_ind_cement_fugitive_tsp","ind_cement_fugitive","cement","clinker_and_grinding","material_handling","TSP","tonne material handled","kg TSP/tonne material handled","tonne material handled","false","","uncontrolled","false","true","false","Registry entry defines a legal activity-EF join; factor values are intentionally deferred. Technology and control weights must be applied where flagged."
"den_ind_chem_organic_nox","ind_chem_organic","chemicals","organic","organic_chemical_process","NOx","tonne chemical product","kg NOx/tonne chemical product","tonne chemical product","false","","both","false","true","true","Registry entry defines a legal activity-EF join; factor values are intentionally deferred. Technology and control weights must be applied where flagged."
"den_ind_chem_organic_sox","ind_chem_organic","chemicals","organic","organic_chemical_process","SOx","tonne chemical product","kg SOx/tonne chemical product","tonne chemical product","false","","both","false","true","true","Registry entry defines a legal activity-EF join; factor values are intentionally deferred. Technology and control weights must be applied where flagged."
"den_ind_chem_organic_pm25","ind_chem_organic","chemicals","organic","organic_chemical_process","PM2.5","tonne chemical product","kg PM2.5/tonne chemical product","tonne chemical product","false","","both","false","true","true","Registry entry defines a legal activity-EF join; factor values are intentionally deferred. Technology and control weights must be applied where flagged."
"den_ind_chem_organic_pm10","ind_chem_organic","chemicals","organic","organic_chemical_process","PM10","tonne chemical product","kg PM10/tonne chemical product","tonne chemical product","false","","both","false","true","true","Registry entry defines a legal activity-EF join; factor values are intentionally deferred. Technology and control weights must be applied where flagged."
"den_ind_chem_organic_tsp","ind_chem_organic","chemicals","organic","organic_chemical_process","TSP","tonne chemical product","kg TSP/tonne chemical product","tonne chemical product","false","","both","false","true","true","Registry entry defines a legal activity-EF join; factor values are intentionally deferred. Technology and control weights must be applied where flagged."
"den_ind_chem_organic_vocs","ind_chem_organic","chemicals","organic","organic_chemical_process","VOCs","tonne chemical product","kg VOCs/tonne chemical product","tonne chemical product","false","","both","false","true","true","Registry entry defines a legal activity-EF join; factor values are intentionally deferred. Technology and control weights must be applied where flagged."
"den_ind_chem_organic_co","ind_chem_organic","chemicals","organic","organic_chemical_process","CO","tonne chemical product","kg CO/tonne chemical product","tonne chemical product","false","","both","false","true","true","Registry entry defines a legal activity-EF join; factor values are intentionally deferred. Technology and control weights must be applied where flagged."
"den_ind_chem_inorganic_nox","ind_chem_inorganic","chemicals","inorganic","inorganic_chemical_process","NOx","tonne chemical product","kg NOx/tonne chemical product","tonne chemical product","false","","both","false","true","true","Registry entry defines a legal activity-EF join; factor values are intentionally deferred. Technology and control weights must be applied where flagged."
"den_ind_chem_inorganic_sox","ind_chem_inorganic","chemicals","inorganic","inorganic_chemical_process","SOx","tonne chemical product","kg SOx/tonne chemical product","tonne chemical product","false","","both","false","true","true","Registry entry defines a legal activity-EF join; factor values are intentionally deferred. Technology and control weights must be applied where flagged."
"den_ind_chem_inorganic_pm25","ind_chem_inorganic","chemicals","inorganic","inorganic_chemical_process","PM2.5","tonne chemical product","kg PM2.5/tonne chemical product","tonne chemical product","false","","both","false","true","true","Registry entry defines a legal activity-EF join; factor values are intentionally deferred. Technology and control weights must be applied where flagged."
"den_ind_chem_inorganic_pm10","ind_chem_inorganic","chemicals","inorganic","inorganic_chemical_process","PM10","tonne chemical product","kg PM10/tonne chemical product","tonne chemical product","false","","both","false","true","true","Registry entry defines a legal activity-EF join; factor values are intentionally deferred. Technology and control weights must be applied where flagged."
"den_ind_chem_inorganic_tsp","ind_chem_inorganic","chemicals","inorganic","inorganic_chemical_process","TSP","tonne chemical product","kg TSP/tonne chemical product","tonne chemical product","false","","both","false","true","true","Registry entry defines a legal activity-EF join; factor values are intentionally deferred. Technology and control weights must be applied where flagged."
"den_ind_chem_inorganic_vocs","ind_chem_inorganic","chemicals","inorganic","inorganic_chemical_process","VOCs","tonne chemical product","kg VOCs/tonne chemical product","tonne chemical product","false","","both","false","true","true","Registry entry defines a legal activity-EF join; factor values are intentionally deferred. Technology and control weights must be applied where flagged."
"den_ind_chem_inorganic_nh3","ind_chem_inorganic","chemicals","inorganic","inorganic_chemical_process","NH3","tonne chemical product","kg NH3/tonne chemical product","tonne chemical product","false","","both","false","true","true","Registry entry defines a legal activity-EF join; factor values are intentionally deferred. Technology and control weights must be applied where flagged."
"den_ind_chem_inorganic_co","ind_chem_inorganic","chemicals","inorganic","inorganic_chemical_process","CO","tonne chemical product","kg CO/tonne chemical product","tonne chemical product","false","","both","false","true","true","Registry entry defines a legal activity-EF join; factor values are intentionally deferred. Technology and control weights must be applied where flagged."
"den_ind_chem_combustion_nox","ind_chem_combustion","chemicals","steam_and_heat","industrial_combustion","NOx","TJ fuel consumed","kg NOx/TJ fuel consumed","TJ fuel","false","","both","false","true","true","Registry entry defines a legal activity-EF join; factor values are intentionally deferred. Technology and control weights must be applied where flagged."
"den_ind_chem_combustion_sox","ind_chem_combustion","chemicals","steam_and_heat","industrial_combustion","SOx","TJ fuel consumed","kg SOx/TJ fuel consumed","TJ fuel","false","","both","false","true","true","Registry entry defines a legal activity-EF join; factor values are intentionally deferred. Technology and control weights must be applied where flagged."
"den_ind_chem_combustion_pm25","ind_chem_combustion","chemicals","steam_and_heat","industrial_combustion","PM2.5","TJ fuel consumed","kg PM2.5/TJ fuel consumed","TJ fuel","false","","both","false","true","true","Registry entry defines a legal activity-EF join; factor values are intentionally deferred. Technology and control weights must be applied where flagged."
"den_ind_chem_combustion_pm10","ind_chem_combustion","chemicals","steam_and_heat","industrial_combustion","PM10","TJ fuel consumed","kg PM10/TJ fuel consumed","TJ fuel","false","","both","false","true","true","Registry entry defines a legal activity-EF join; factor values are intentionally deferred. Technology and control weights must be applied where flagged."
"den_ind_chem_combustion_tsp","ind_chem_combustion","chemicals","steam_and_heat","industrial_combustion","TSP","TJ fuel consumed","kg TSP/TJ fuel consumed","TJ fuel","false","","both","false","true","true","Registry entry defines a legal activity-EF join; factor values are intentionally deferred. Technology and control weights must be applied where flagged."
"den_ind_chem_combustion_vocs","ind_chem_combustion","chemicals","steam_and_heat","industrial_combustion","VOCs","TJ fuel consumed","kg VOCs/TJ fuel consumed","TJ fuel","false","","both","false","true","true","Registry entry defines a legal activity-EF join; factor values are intentionally deferred. Technology and control weights must be applied where flagged."
"den_ind_chem_combustion_nh3","ind_chem_combustion","chemicals","steam_and_heat","industrial_combustion","NH3","TJ fuel consumed","kg NH3/TJ fuel consumed","TJ fuel","false","","both","false","true","true","Registry entry defines a legal activity-EF join; factor values are intentionally deferred. Technology and control weights must be applied where flagged."
"den_ind_chem_combustion_co","ind_chem_combustion","chemicals","steam_and_heat","industrial_combustion","CO","TJ fuel consumed","kg CO/TJ fuel consumed","TJ fuel","false","","both","false","true","true","Registry entry defines a legal activity-EF join; factor values are intentionally deferred. Technology and control weights must be applied where flagged."
"den_ind_chem_combustion_bc","ind_chem_combustion","chemicals","steam_and_heat","industrial_combustion","BC","TJ fuel consumed","kg BC/TJ fuel consumed","TJ fuel","false","","both","false","true","true","Registry entry defines a legal activity-EF join; factor values are intentionally deferred. Technology and control weights must be applied where flagged."
"den_ind_chem_storage_loading_vocs","ind_chem_storage_loading","chemicals","storage_and_loading","tank_and_loading_losses","VOCs","tonne product handled","kg VOCs/tonne product handled","tonne product handled","false","","uncontrolled","false","true","false","Registry entry defines a legal activity-EF join; factor values are intentionally deferred. Technology and control weights must be applied where flagged."
"den_ind_chem_flaring_nox","ind_chem_flaring","chemicals","flaring","flare","NOx","TJ flare gas","kg NOx/TJ flare gas","TJ flare gas","false","","both","true","true","true","Registry entry defines a legal activity-EF join; factor values are intentionally deferred. Technology and control weights must be applied where flagged."
"den_ind_chem_flaring_sox","ind_chem_flaring","chemicals","flaring","flare","SOx","TJ flare gas","kg SOx/TJ flare gas","TJ flare gas","false","","both","true","true","true","Registry entry defines a legal activity-EF join; factor values are intentionally deferred. Technology and control weights must be applied where flagged."
"den_ind_chem_flaring_pm25","ind_chem_flaring","chemicals","flaring","flare","PM2.5","TJ flare gas","kg PM2.5/TJ flare gas","TJ flare gas","false","","both","true","true","true","Registry entry defines a legal activity-EF join; factor values are intentionally deferred. Technology and control weights must be applied where flagged."
"den_ind_chem_flaring_pm10","ind_chem_flaring","chemicals","flaring","flare","PM10","TJ flare gas","kg PM10/TJ flare gas","TJ flare gas","false","","both","true","true","true","Registry entry defines a legal activity-EF join; factor values are intentionally deferred. Technology and control weights must be applied where flagged."
"den_ind_chem_flaring_tsp","ind_chem_flaring","chemicals","flaring","flare","TSP","TJ flare gas","kg TSP/TJ flare gas","TJ flare gas","false","","both","true","true","true","Registry entry defines a legal activity-EF join; factor values are intentionally deferred. Technology and control weights must be applied where flagged."
"den_ind_chem_flaring_vocs","ind_chem_flaring","chemicals","flaring","flare","VOCs","TJ flare gas","kg VOCs/TJ flare gas","TJ flare gas","false","","both","true","true","true","Registry entry defines a legal activity-EF join; factor values are intentionally deferred. Technology and control weights must be applied where flagged."
"den_ind_chem_flaring_co","ind_chem_flaring","chemicals","flaring","flare","CO","TJ flare gas","kg CO/TJ flare gas","TJ flare gas","false","","both","true","true","true","Registry entry defines a legal activity-EF join; factor values are intentionally deferred. Technology and control weights must be applied where flagged."
"den_ind_chem_flaring_bc","ind_chem_flaring","chemicals","flaring","flare","BC","TJ flare gas","kg BC/TJ flare gas","TJ flare gas","false","","both","true","true","true","Registry entry defines a legal activity-EF join; factor values are intentionally deferred. Technology and control weights must be applied where flagged."
"den_ind_plastics_resin_nox","ind_plastics_resin","plastics","resin","resin_production","NOx","tonne resin","kg NOx/tonne resin","tonne resin","false","","both","false","true","true","Registry entry defines a legal activity-EF join; factor values are intentionally deferred. Technology and control weights must be applied where flagged."
"den_ind_plastics_resin_sox","ind_plastics_resin","plastics","resin","resin_production","SOx","tonne resin","kg SOx/tonne resin","tonne resin","false","","both","false","true","true","Registry entry defines a legal activity-EF join; factor values are intentionally deferred. Technology and control weights must be applied where flagged."
"den_ind_plastics_resin_pm25","ind_plastics_resin","plastics","resin","resin_production","PM2.5","tonne resin","kg PM2.5/tonne resin","tonne resin","false","","both","false","true","true","Registry entry defines a legal activity-EF join; factor values are intentionally deferred. Technology and control weights must be applied where flagged."
"den_ind_plastics_resin_pm10","ind_plastics_resin","plastics","resin","resin_production","PM10","tonne resin","kg PM10/tonne resin","tonne resin","false","","both","false","true","true","Registry entry defines a legal activity-EF join; factor values are intentionally deferred. Technology and control weights must be applied where flagged."
"den_ind_plastics_resin_tsp","ind_plastics_resin","plastics","resin","resin_production","TSP","tonne resin","kg TSP/tonne resin","tonne resin","false","","both","false","true","true","Registry entry defines a legal activity-EF join; factor values are intentionally deferred. Technology and control weights must be applied where flagged."
"den_ind_plastics_resin_vocs","ind_plastics_resin","plastics","resin","resin_production","VOCs","tonne resin","kg VOCs/tonne resin","tonne resin","false","","both","false","true","true","Registry entry defines a legal activity-EF join; factor values are intentionally deferred. Technology and control weights must be applied where flagged."
"den_ind_plastics_resin_co","ind_plastics_resin","plastics","resin","resin_production","CO","tonne resin","kg CO/tonne resin","tonne resin","false","","both","false","true","true","Registry entry defines a legal activity-EF join; factor values are intentionally deferred. Technology and control weights must be applied where flagged."
"den_ind_plastics_products_nox","ind_plastics_products","plastics","products","plastic_product_manufacturing","NOx","tonne plastic product","kg NOx/tonne plastic product","tonne plastic product","false","","both","false","true","true","Registry entry defines a legal activity-EF join; factor values are intentionally deferred. Technology and control weights must be applied where flagged."
"den_ind_plastics_products_sox","ind_plastics_products","plastics","products","plastic_product_manufacturing","SOx","tonne plastic product","kg SOx/tonne plastic product","tonne plastic product","false","","both","false","true","true","Registry entry defines a legal activity-EF join; factor values are intentionally deferred. Technology and control weights must be applied where flagged."
"den_ind_plastics_products_pm25","ind_plastics_products","plastics","products","plastic_product_manufacturing","PM2.5","tonne plastic product","kg PM2.5/tonne plastic product","tonne plastic product","false","","both","false","true","true","Registry entry defines a legal activity-EF join; factor values are intentionally deferred. Technology and control weights must be applied where flagged."
"den_ind_plastics_products_pm10","ind_plastics_products","plastics","products","plastic_product_manufacturing","PM10","tonne plastic product","kg PM10/tonne plastic product","tonne plastic product","false","","both","false","true","true","Registry entry defines a legal activity-EF join; factor values are intentionally deferred. Technology and control weights must be applied where flagged."
"den_ind_plastics_products_tsp","ind_plastics_products","plastics","products","plastic_product_manufacturing","TSP","tonne plastic product","kg TSP/tonne plastic product","tonne plastic product","false","","both","false","true","true","Registry entry defines a legal activity-EF join; factor values are intentionally deferred. Technology and control weights must be applied where flagged."
"den_ind_plastics_products_vocs","ind_plastics_products","plastics","products","plastic_product_manufacturing","VOCs","tonne plastic product","kg VOCs/tonne plastic product","tonne plastic product","false","","both","false","true","true","Registry entry defines a legal activity-EF join; factor values are intentionally deferred. Technology and control weights must be applied where flagged."
"den_ind_plastics_products_co","ind_plastics_products","plastics","products","plastic_product_manufacturing","CO","tonne plastic product","kg CO/tonne plastic product","tonne plastic product","false","","both","false","true","true","Registry entry defines a legal activity-EF join; factor values are intentionally deferred. Technology and control weights must be applied where flagged."
"den_ind_nonferrous_primary_nox","ind_nonferrous_primary","nonferrous_metals","primary","primary_metal_production","NOx","tonne metal","kg NOx/tonne metal","tonne metal","false","","both","false","true","true","Registry entry defines a legal activity-EF join; factor values are intentionally deferred. Technology and control weights must be applied where flagged."
"den_ind_nonferrous_primary_sox","ind_nonferrous_primary","nonferrous_metals","primary","primary_metal_production","SOx","tonne metal","kg SOx/tonne metal","tonne metal","false","","both","false","true","true","Registry entry defines a legal activity-EF join; factor values are intentionally deferred. Technology and control weights must be applied where flagged."
"den_ind_nonferrous_primary_pm25","ind_nonferrous_primary","nonferrous_metals","primary","primary_metal_production","PM2.5","tonne metal","kg PM2.5/tonne metal","tonne metal","false","","both","false","true","true","Registry entry defines a legal activity-EF join; factor values are intentionally deferred. Technology and control weights must be applied where flagged."
"den_ind_nonferrous_primary_pm10","ind_nonferrous_primary","nonferrous_metals","primary","primary_metal_production","PM10","tonne metal","kg PM10/tonne metal","tonne metal","false","","both","false","true","true","Registry entry defines a legal activity-EF join; factor values are intentionally deferred. Technology and control weights must be applied where flagged."
"den_ind_nonferrous_primary_tsp","ind_nonferrous_primary","nonferrous_metals","primary","primary_metal_production","TSP","tonne metal","kg TSP/tonne metal","tonne metal","false","","both","false","true","true","Registry entry defines a legal activity-EF join; factor values are intentionally deferred. Technology and control weights must be applied where flagged."
"den_ind_nonferrous_primary_vocs","ind_nonferrous_primary","nonferrous_metals","primary","primary_metal_production","VOCs","tonne metal","kg VOCs/tonne metal","tonne metal","false","","both","false","true","true","Registry entry defines a legal activity-EF join; factor values are intentionally deferred. Technology and control weights must be applied where flagged."
"den_ind_nonferrous_primary_co","ind_nonferrous_primary","nonferrous_metals","primary","primary_metal_production","CO","tonne metal","kg CO/tonne metal","tonne metal","false","","both","false","true","true","Registry entry defines a legal activity-EF join; factor values are intentionally deferred. Technology and control weights must be applied where flagged."
"den_ind_nonferrous_primary_bc","ind_nonferrous_primary","nonferrous_metals","primary","primary_metal_production","BC","tonne metal","kg BC/tonne metal","tonne metal","false","","both","false","true","true","Registry entry defines a legal activity-EF join; factor values are intentionally deferred. Technology and control weights must be applied where flagged."
"den_ind_nonferrous_secondary_nox","ind_nonferrous_secondary","nonferrous_metals","secondary","secondary_metal_production","NOx","tonne metal","kg NOx/tonne metal","tonne metal","false","","both","false","true","true","Registry entry defines a legal activity-EF join; factor values are intentionally deferred. Technology and control weights must be applied where flagged."
"den_ind_nonferrous_secondary_sox","ind_nonferrous_secondary","nonferrous_metals","secondary","secondary_metal_production","SOx","tonne metal","kg SOx/tonne metal","tonne metal","false","","both","false","true","true","Registry entry defines a legal activity-EF join; factor values are intentionally deferred. Technology and control weights must be applied where flagged."
"den_ind_nonferrous_secondary_pm25","ind_nonferrous_secondary","nonferrous_metals","secondary","secondary_metal_production","PM2.5","tonne metal","kg PM2.5/tonne metal","tonne metal","false","","both","false","true","true","Registry entry defines a legal activity-EF join; factor values are intentionally deferred. Technology and control weights must be applied where flagged."
"den_ind_nonferrous_secondary_pm10","ind_nonferrous_secondary","nonferrous_metals","secondary","secondary_metal_production","PM10","tonne metal","kg PM10/tonne metal","tonne metal","false","","both","false","true","true","Registry entry defines a legal activity-EF join; factor values are intentionally deferred. Technology and control weights must be applied where flagged."
"den_ind_nonferrous_secondary_tsp","ind_nonferrous_secondary","nonferrous_metals","secondary","secondary_metal_production","TSP","tonne metal","kg TSP/tonne metal","tonne metal","false","","both","false","true","true","Registry entry defines a legal activity-EF join; factor values are intentionally deferred. Technology and control weights must be applied where flagged."
"den_ind_nonferrous_secondary_vocs","ind_nonferrous_secondary","nonferrous_metals","secondary","secondary_metal_production","VOCs","tonne metal","kg VOCs/tonne metal","tonne metal","false","","both","false","true","true","Registry entry defines a legal activity-EF join; factor values are intentionally deferred. Technology and control weights must be applied where flagged."
"den_ind_nonferrous_secondary_co","ind_nonferrous_secondary","nonferrous_metals","secondary","secondary_metal_production","CO","tonne metal","kg CO/tonne metal","tonne metal","false","","both","false","true","true","Registry entry defines a legal activity-EF join; factor values are intentionally deferred. Technology and control weights must be applied where flagged."
"den_ind_nonferrous_secondary_bc","ind_nonferrous_secondary","nonferrous_metals","secondary","secondary_metal_production","BC","tonne metal","kg BC/tonne metal","tonne metal","false","","both","false","true","true","Registry entry defines a legal activity-EF join; factor values are intentionally deferred. Technology and control weights must be applied where flagged."
"den_ind_pulp_nox","ind_pulp","pulp_paper","pulp","pulp_production","NOx","tonne air-dry pulp","kg NOx/tonne air-dry pulp","tonne air-dry pulp","false","","both","false","true","true","Registry entry defines a legal activity-EF join; factor values are intentionally deferred. Technology and control weights must be applied where flagged."
"den_ind_pulp_sox","ind_pulp","pulp_paper","pulp","pulp_production","SOx","tonne air-dry pulp","kg SOx/tonne air-dry pulp","tonne air-dry pulp","false","","both","false","true","true","Registry entry defines a legal activity-EF join; factor values are intentionally deferred. Technology and control weights must be applied where flagged."
"den_ind_pulp_pm25","ind_pulp","pulp_paper","pulp","pulp_production","PM2.5","tonne air-dry pulp","kg PM2.5/tonne air-dry pulp","tonne air-dry pulp","false","","both","false","true","true","Registry entry defines a legal activity-EF join; factor values are intentionally deferred. Technology and control weights must be applied where flagged."
"den_ind_pulp_pm10","ind_pulp","pulp_paper","pulp","pulp_production","PM10","tonne air-dry pulp","kg PM10/tonne air-dry pulp","tonne air-dry pulp","false","","both","false","true","true","Registry entry defines a legal activity-EF join; factor values are intentionally deferred. Technology and control weights must be applied where flagged."
"den_ind_pulp_tsp","ind_pulp","pulp_paper","pulp","pulp_production","TSP","tonne air-dry pulp","kg TSP/tonne air-dry pulp","tonne air-dry pulp","false","","both","false","true","true","Registry entry defines a legal activity-EF join; factor values are intentionally deferred. Technology and control weights must be applied where flagged."
"den_ind_pulp_vocs","ind_pulp","pulp_paper","pulp","pulp_production","VOCs","tonne air-dry pulp","kg VOCs/tonne air-dry pulp","tonne air-dry pulp","false","","both","false","true","true","Registry entry defines a legal activity-EF join; factor values are intentionally deferred. Technology and control weights must be applied where flagged."
"den_ind_pulp_co","ind_pulp","pulp_paper","pulp","pulp_production","CO","tonne air-dry pulp","kg CO/tonne air-dry pulp","tonne air-dry pulp","false","","both","false","true","true","Registry entry defines a legal activity-EF join; factor values are intentionally deferred. Technology and control weights must be applied where flagged."
"den_ind_paper_nox","ind_paper","pulp_paper","paper","paper_production","NOx","tonne paper","kg NOx/tonne paper","tonne paper","false","","both","false","true","true","Registry entry defines a legal activity-EF join; factor values are intentionally deferred. Technology and control weights must be applied where flagged."
"den_ind_paper_sox","ind_paper","pulp_paper","paper","paper_production","SOx","tonne paper","kg SOx/tonne paper","tonne paper","false","","both","false","true","true","Registry entry defines a legal activity-EF join; factor values are intentionally deferred. Technology and control weights must be applied where flagged."
"den_ind_paper_pm25","ind_paper","pulp_paper","paper","paper_production","PM2.5","tonne paper","kg PM2.5/tonne paper","tonne paper","false","","both","false","true","true","Registry entry defines a legal activity-EF join; factor values are intentionally deferred. Technology and control weights must be applied where flagged."
"den_ind_paper_pm10","ind_paper","pulp_paper","paper","paper_production","PM10","tonne paper","kg PM10/tonne paper","tonne paper","false","","both","false","true","true","Registry entry defines a legal activity-EF join; factor values are intentionally deferred. Technology and control weights must be applied where flagged."
"den_ind_paper_tsp","ind_paper","pulp_paper","paper","paper_production","TSP","tonne paper","kg TSP/tonne paper","tonne paper","false","","both","false","true","true","Registry entry defines a legal activity-EF join; factor values are intentionally deferred. Technology and control weights must be applied where flagged."
"den_ind_paper_vocs","ind_paper","pulp_paper","paper","paper_production","VOCs","tonne paper","kg VOCs/tonne paper","tonne paper","false","","both","false","true","true","Registry entry defines a legal activity-EF join; factor values are intentionally deferred. Technology and control weights must be applied where flagged."
"den_ind_paper_co","ind_paper","pulp_paper","paper","paper_production","CO","tonne paper","kg CO/tonne paper","tonne paper","false","","both","false","true","true","Registry entry defines a legal activity-EF join; factor values are intentionally deferred. Technology and control weights must be applied where flagged."
"den_ind_pulp_recovery_boiler_nox","ind_pulp_recovery_boiler","pulp_paper","pulp","recovery_boiler","NOx","TJ black liquor","kg NOx/TJ black liquor","TJ black liquor","false","","both","false","true","true","Registry entry defines a legal activity-EF join; factor values are intentionally deferred. Technology and control weights must be applied where flagged."
"den_ind_pulp_recovery_boiler_sox","ind_pulp_recovery_boiler","pulp_paper","pulp","recovery_boiler","SOx","TJ black liquor","kg SOx/TJ black liquor","TJ black liquor","false","","both","false","true","true","Registry entry defines a legal activity-EF join; factor values are intentionally deferred. Technology and control weights must be applied where flagged."
"den_ind_pulp_recovery_boiler_pm25","ind_pulp_recovery_boiler","pulp_paper","pulp","recovery_boiler","PM2.5","TJ black liquor","kg PM2.5/TJ black liquor","TJ black liquor","false","","both","false","true","true","Registry entry defines a legal activity-EF join; factor values are intentionally deferred. Technology and control weights must be applied where flagged."
"den_ind_pulp_recovery_boiler_pm10","ind_pulp_recovery_boiler","pulp_paper","pulp","recovery_boiler","PM10","TJ black liquor","kg PM10/TJ black liquor","TJ black liquor","false","","both","false","true","true","Registry entry defines a legal activity-EF join; factor values are intentionally deferred. Technology and control weights must be applied where flagged."
"den_ind_pulp_recovery_boiler_tsp","ind_pulp_recovery_boiler","pulp_paper","pulp","recovery_boiler","TSP","TJ black liquor","kg TSP/TJ black liquor","TJ black liquor","false","","both","false","true","true","Registry entry defines a legal activity-EF join; factor values are intentionally deferred. Technology and control weights must be applied where flagged."
"den_ind_pulp_recovery_boiler_vocs","ind_pulp_recovery_boiler","pulp_paper","pulp","recovery_boiler","VOCs","TJ black liquor","kg VOCs/TJ black liquor","TJ black liquor","false","","both","false","true","true","Registry entry defines a legal activity-EF join; factor values are intentionally deferred. Technology and control weights must be applied where flagged."
"den_ind_pulp_recovery_boiler_co","ind_pulp_recovery_boiler","pulp_paper","pulp","recovery_boiler","CO","TJ black liquor","kg CO/TJ black liquor","TJ black liquor","false","","both","false","true","true","Registry entry defines a legal activity-EF join; factor values are intentionally deferred. Technology and control weights must be applied where flagged."
"den_ind_pulp_recovery_boiler_bc","ind_pulp_recovery_boiler","pulp_paper","pulp","recovery_boiler","BC","TJ black liquor","kg BC/TJ black liquor","TJ black liquor","false","","both","false","true","true","Registry entry defines a legal activity-EF join; factor values are intentionally deferred. Technology and control weights must be applied where flagged."
"den_ind_pulp_lime_kiln_nox","ind_pulp_lime_kiln","pulp_paper","pulp","lime_kiln","NOx","tonne lime","kg NOx/tonne lime","tonne lime","false","","both","false","true","true","Registry entry defines a legal activity-EF join; factor values are intentionally deferred. Technology and control weights must be applied where flagged."
"den_ind_pulp_lime_kiln_sox","ind_pulp_lime_kiln","pulp_paper","pulp","lime_kiln","SOx","tonne lime","kg SOx/tonne lime","tonne lime","false","","both","false","true","true","Registry entry defines a legal activity-EF join; factor values are intentionally deferred. Technology and control weights must be applied where flagged."
"den_ind_pulp_lime_kiln_pm25","ind_pulp_lime_kiln","pulp_paper","pulp","lime_kiln","PM2.5","tonne lime","kg PM2.5/tonne lime","tonne lime","false","","both","false","true","true","Registry entry defines a legal activity-EF join; factor values are intentionally deferred. Technology and control weights must be applied where flagged."
"den_ind_pulp_lime_kiln_pm10","ind_pulp_lime_kiln","pulp_paper","pulp","lime_kiln","PM10","tonne lime","kg PM10/tonne lime","tonne lime","false","","both","false","true","true","Registry entry defines a legal activity-EF join; factor values are intentionally deferred. Technology and control weights must be applied where flagged."
"den_ind_pulp_lime_kiln_tsp","ind_pulp_lime_kiln","pulp_paper","pulp","lime_kiln","TSP","tonne lime","kg TSP/tonne lime","tonne lime","false","","both","false","true","true","Registry entry defines a legal activity-EF join; factor values are intentionally deferred. Technology and control weights must be applied where flagged."
"den_ind_pulp_lime_kiln_co","ind_pulp_lime_kiln","pulp_paper","pulp","lime_kiln","CO","tonne lime","kg CO/tonne lime","tonne lime","false","","both","false","true","true","Registry entry defines a legal activity-EF join; factor values are intentionally deferred. Technology and control weights must be applied where flagged."
"den_ind_other_mfg_combustion_nox","ind_other_mfg_combustion","other_manufacturing","combustion","industrial_combustion","NOx","TJ fuel consumed","kg NOx/TJ fuel consumed","TJ fuel","false","","both","false","true","true","Registry entry defines a legal activity-EF join; factor values are intentionally deferred. Technology and control weights must be applied where flagged."
"den_ind_other_mfg_combustion_sox","ind_other_mfg_combustion","other_manufacturing","combustion","industrial_combustion","SOx","TJ fuel consumed","kg SOx/TJ fuel consumed","TJ fuel","false","","both","false","true","true","Registry entry defines a legal activity-EF join; factor values are intentionally deferred. Technology and control weights must be applied where flagged."
"den_ind_other_mfg_combustion_pm25","ind_other_mfg_combustion","other_manufacturing","combustion","industrial_combustion","PM2.5","TJ fuel consumed","kg PM2.5/TJ fuel consumed","TJ fuel","false","","both","false","true","true","Registry entry defines a legal activity-EF join; factor values are intentionally deferred. Technology and control weights must be applied where flagged."
"den_ind_other_mfg_combustion_pm10","ind_other_mfg_combustion","other_manufacturing","combustion","industrial_combustion","PM10","TJ fuel consumed","kg PM10/TJ fuel consumed","TJ fuel","false","","both","false","true","true","Registry entry defines a legal activity-EF join; factor values are intentionally deferred. Technology and control weights must be applied where flagged."
"den_ind_other_mfg_combustion_tsp","ind_other_mfg_combustion","other_manufacturing","combustion","industrial_combustion","TSP","TJ fuel consumed","kg TSP/TJ fuel consumed","TJ fuel","false","","both","false","true","true","Registry entry defines a legal activity-EF join; factor values are intentionally deferred. Technology and control weights must be applied where flagged."
"den_ind_other_mfg_combustion_vocs","ind_other_mfg_combustion","other_manufacturing","combustion","industrial_combustion","VOCs","TJ fuel consumed","kg VOCs/TJ fuel consumed","TJ fuel","false","","both","false","true","true","Registry entry defines a legal activity-EF join; factor values are intentionally deferred. Technology and control weights must be applied where flagged."
"den_ind_other_mfg_combustion_nh3","ind_other_mfg_combustion","other_manufacturing","combustion","industrial_combustion","NH3","TJ fuel consumed","kg NH3/TJ fuel consumed","TJ fuel","false","","both","false","true","true","Registry entry defines a legal activity-EF join; factor values are intentionally deferred. Technology and control weights must be applied where flagged."
"den_ind_other_mfg_combustion_co","ind_other_mfg_combustion","other_manufacturing","combustion","industrial_combustion","CO","TJ fuel consumed","kg CO/TJ fuel consumed","TJ fuel","false","","both","false","true","true","Registry entry defines a legal activity-EF join; factor values are intentionally deferred. Technology and control weights must be applied where flagged."
"den_ind_other_mfg_combustion_bc","ind_other_mfg_combustion","other_manufacturing","combustion","industrial_combustion","BC","TJ fuel consumed","kg BC/TJ fuel consumed","TJ fuel","false","","both","false","true","true","Registry entry defines a legal activity-EF join; factor values are intentionally deferred. Technology and control weights must be applied where flagged."
"den_ind_other_mfg_process_nox","ind_other_mfg_process","other_manufacturing","process","manufacturing_process","NOx","tonne product","kg NOx/tonne product","tonne product","false","","both","false","true","true","Registry entry defines a legal activity-EF join; factor values are intentionally deferred. Technology and control weights must be applied where flagged."
"den_ind_other_mfg_process_sox","ind_other_mfg_process","other_manufacturing","process","manufacturing_process","SOx","tonne product","kg SOx/tonne product","tonne product","false","","both","false","true","true","Registry entry defines a legal activity-EF join; factor values are intentionally deferred. Technology and control weights must be applied where flagged."
"den_ind_other_mfg_process_pm25","ind_other_mfg_process","other_manufacturing","process","manufacturing_process","PM2.5","tonne product","kg PM2.5/tonne product","tonne product","false","","both","false","true","true","Registry entry defines a legal activity-EF join; factor values are intentionally deferred. Technology and control weights must be applied where flagged."
"den_ind_other_mfg_process_pm10","ind_other_mfg_process","other_manufacturing","process","manufacturing_process","PM10","tonne product","kg PM10/tonne product","tonne product","false","","both","false","true","true","Registry entry defines a legal activity-EF join; factor values are intentionally deferred. Technology and control weights must be applied where flagged."
"den_ind_other_mfg_process_tsp","ind_other_mfg_process","other_manufacturing","process","manufacturing_process","TSP","tonne product","kg TSP/tonne product","tonne product","false","","both","false","true","true","Registry entry defines a legal activity-EF join; factor values are intentionally deferred. Technology and control weights must be applied where flagged."
"den_ind_other_mfg_process_vocs","ind_other_mfg_process","other_manufacturing","process","manufacturing_process","VOCs","tonne product","kg VOCs/tonne product","tonne product","false","","both","false","true","true","Registry entry defines a legal activity-EF join; factor values are intentionally deferred. Technology and control weights must be applied where flagged."
"den_ind_other_mfg_process_nh3","ind_other_mfg_process","other_manufacturing","process","manufacturing_process","NH3","tonne product","kg NH3/tonne product","tonne product","false","","both","false","true","true","Registry entry defines a legal activity-EF join; factor values are intentionally deferred. Technology and control weights must be applied where flagged."
"den_ind_other_mfg_process_co","ind_other_mfg_process","other_manufacturing","process","manufacturing_process","CO","tonne product","kg CO/tonne product","tonne product","false","","both","false","true","true","Registry entry defines a legal activity-EF join; factor values are intentionally deferred. Technology and control weights must be applied where flagged."
"den_trn_road_passenger_gasoline_ldv_nox","trn_road_passenger_gasoline_ldv","road_passenger","light_duty_vehicle","gasoline_ldv","NOx","vehicle-km","g NOx/vehicle-km","vehicle-km","false","","controlled","true","true","true","Registry entry defines a legal activity-EF join; factor values are intentionally deferred. Convert factor-product grams to emissions_kg; annual fleet, speed, and control shares create the effective factor."
"den_trn_road_passenger_gasoline_ldv_sox","trn_road_passenger_gasoline_ldv","road_passenger","light_duty_vehicle","gasoline_ldv","SOx","vehicle-km","g SOx/vehicle-km","vehicle-km","false","","controlled","true","true","true","Registry entry defines a legal activity-EF join; factor values are intentionally deferred. Convert factor-product grams to emissions_kg; annual fleet, speed, and control shares create the effective factor."
"den_trn_road_passenger_gasoline_ldv_pm25","trn_road_passenger_gasoline_ldv","road_passenger","light_duty_vehicle","gasoline_ldv","PM2.5","vehicle-km","g PM2.5/vehicle-km","vehicle-km","false","","controlled","true","true","true","Registry entry defines a legal activity-EF join; factor values are intentionally deferred. Convert factor-product grams to emissions_kg; annual fleet, speed, and control shares create the effective factor."
"den_trn_road_passenger_gasoline_ldv_pm10","trn_road_passenger_gasoline_ldv","road_passenger","light_duty_vehicle","gasoline_ldv","PM10","vehicle-km","g PM10/vehicle-km","vehicle-km","false","","controlled","true","true","true","Registry entry defines a legal activity-EF join; factor values are intentionally deferred. Convert factor-product grams to emissions_kg; annual fleet, speed, and control shares create the effective factor."
"den_trn_road_passenger_gasoline_ldv_tsp","trn_road_passenger_gasoline_ldv","road_passenger","light_duty_vehicle","gasoline_ldv","TSP","vehicle-km","g TSP/vehicle-km","vehicle-km","false","","controlled","true","true","true","Registry entry defines a legal activity-EF join; factor values are intentionally deferred. Convert factor-product grams to emissions_kg; annual fleet, speed, and control shares create the effective factor."
"den_trn_road_passenger_gasoline_ldv_vocs","trn_road_passenger_gasoline_ldv","road_passenger","light_duty_vehicle","gasoline_ldv","VOCs","vehicle-km","g VOCs/vehicle-km","vehicle-km","false","","controlled","true","true","true","Registry entry defines a legal activity-EF join; factor values are intentionally deferred. Convert factor-product grams to emissions_kg; annual fleet, speed, and control shares create the effective factor."
"den_trn_road_passenger_gasoline_ldv_nh3","trn_road_passenger_gasoline_ldv","road_passenger","light_duty_vehicle","gasoline_ldv","NH3","vehicle-km","g NH3/vehicle-km","vehicle-km","false","","controlled","true","true","true","Registry entry defines a legal activity-EF join; factor values are intentionally deferred. Convert factor-product grams to emissions_kg; annual fleet, speed, and control shares create the effective factor."
"den_trn_road_passenger_gasoline_ldv_co","trn_road_passenger_gasoline_ldv","road_passenger","light_duty_vehicle","gasoline_ldv","CO","vehicle-km","g CO/vehicle-km","vehicle-km","false","","controlled","true","true","true","Registry entry defines a legal activity-EF join; factor values are intentionally deferred. Convert factor-product grams to emissions_kg; annual fleet, speed, and control shares create the effective factor."
"den_trn_road_passenger_gasoline_ldv_bc","trn_road_passenger_gasoline_ldv","road_passenger","light_duty_vehicle","gasoline_ldv","BC","vehicle-km","g BC/vehicle-km","vehicle-km","false","","controlled","true","true","true","Registry entry defines a legal activity-EF join; factor values are intentionally deferred. Convert factor-product grams to emissions_kg; annual fleet, speed, and control shares create the effective factor."
"den_trn_road_passenger_diesel_ldv_nox","trn_road_passenger_diesel_ldv","road_passenger","light_duty_vehicle","diesel_ldv","NOx","vehicle-km","g NOx/vehicle-km","vehicle-km","false","","controlled","true","true","true","Registry entry defines a legal activity-EF join; factor values are intentionally deferred. Convert factor-product grams to emissions_kg; annual fleet, speed, and control shares create the effective factor."
"den_trn_road_passenger_diesel_ldv_sox","trn_road_passenger_diesel_ldv","road_passenger","light_duty_vehicle","diesel_ldv","SOx","vehicle-km","g SOx/vehicle-km","vehicle-km","false","","controlled","true","true","true","Registry entry defines a legal activity-EF join; factor values are intentionally deferred. Convert factor-product grams to emissions_kg; annual fleet, speed, and control shares create the effective factor."
"den_trn_road_passenger_diesel_ldv_pm25","trn_road_passenger_diesel_ldv","road_passenger","light_duty_vehicle","diesel_ldv","PM2.5","vehicle-km","g PM2.5/vehicle-km","vehicle-km","false","","controlled","true","true","true","Registry entry defines a legal activity-EF join; factor values are intentionally deferred. Convert factor-product grams to emissions_kg; annual fleet, speed, and control shares create the effective factor."
"den_trn_road_passenger_diesel_ldv_pm10","trn_road_passenger_diesel_ldv","road_passenger","light_duty_vehicle","diesel_ldv","PM10","vehicle-km","g PM10/vehicle-km","vehicle-km","false","","controlled","true","true","true","Registry entry defines a legal activity-EF join; factor values are intentionally deferred. Convert factor-product grams to emissions_kg; annual fleet, speed, and control shares create the effective factor."
"den_trn_road_passenger_diesel_ldv_tsp","trn_road_passenger_diesel_ldv","road_passenger","light_duty_vehicle","diesel_ldv","TSP","vehicle-km","g TSP/vehicle-km","vehicle-km","false","","controlled","true","true","true","Registry entry defines a legal activity-EF join; factor values are intentionally deferred. Convert factor-product grams to emissions_kg; annual fleet, speed, and control shares create the effective factor."
"den_trn_road_passenger_diesel_ldv_vocs","trn_road_passenger_diesel_ldv","road_passenger","light_duty_vehicle","diesel_ldv","VOCs","vehicle-km","g VOCs/vehicle-km","vehicle-km","false","","controlled","true","true","true","Registry entry defines a legal activity-EF join; factor values are intentionally deferred. Convert factor-product grams to emissions_kg; annual fleet, speed, and control shares create the effective factor."
"den_trn_road_passenger_diesel_ldv_nh3","trn_road_passenger_diesel_ldv","road_passenger","light_duty_vehicle","diesel_ldv","NH3","vehicle-km","g NH3/vehicle-km","vehicle-km","false","","controlled","true","true","true","Registry entry defines a legal activity-EF join; factor values are intentionally deferred. Convert factor-product grams to emissions_kg; annual fleet, speed, and control shares create the effective factor."
"den_trn_road_passenger_diesel_ldv_co","trn_road_passenger_diesel_ldv","road_passenger","light_duty_vehicle","diesel_ldv","CO","vehicle-km","g CO/vehicle-km","vehicle-km","false","","controlled","true","true","true","Registry entry defines a legal activity-EF join; factor values are intentionally deferred. Convert factor-product grams to emissions_kg; annual fleet, speed, and control shares create the effective factor."
"den_trn_road_passenger_diesel_ldv_bc","trn_road_passenger_diesel_ldv","road_passenger","light_duty_vehicle","diesel_ldv","BC","vehicle-km","g BC/vehicle-km","vehicle-km","false","","controlled","true","true","true","Registry entry defines a legal activity-EF join; factor values are intentionally deferred. Convert factor-product grams to emissions_kg; annual fleet, speed, and control shares create the effective factor."
"den_trn_road_passenger_lpg_ldv_nox","trn_road_passenger_lpg_ldv","road_passenger","light_duty_vehicle","lpg_ldv","NOx","vehicle-km","g NOx/vehicle-km","vehicle-km","false","","controlled","true","true","true","Registry entry defines a legal activity-EF join; factor values are intentionally deferred. Convert factor-product grams to emissions_kg; annual fleet, speed, and control shares create the effective factor."
"den_trn_road_passenger_lpg_ldv_sox","trn_road_passenger_lpg_ldv","road_passenger","light_duty_vehicle","lpg_ldv","SOx","vehicle-km","g SOx/vehicle-km","vehicle-km","false","","controlled","true","true","true","Registry entry defines a legal activity-EF join; factor values are intentionally deferred. Convert factor-product grams to emissions_kg; annual fleet, speed, and control shares create the effective factor."
"den_trn_road_passenger_lpg_ldv_pm25","trn_road_passenger_lpg_ldv","road_passenger","light_duty_vehicle","lpg_ldv","PM2.5","vehicle-km","g PM2.5/vehicle-km","vehicle-km","false","","controlled","true","true","true","Registry entry defines a legal activity-EF join; factor values are intentionally deferred. Convert factor-product grams to emissions_kg; annual fleet, speed, and control shares create the effective factor."
"den_trn_road_passenger_lpg_ldv_pm10","trn_road_passenger_lpg_ldv","road_passenger","light_duty_vehicle","lpg_ldv","PM10","vehicle-km","g PM10/vehicle-km","vehicle-km","false","","controlled","true","true","true","Registry entry defines a legal activity-EF join; factor values are intentionally deferred. Convert factor-product grams to emissions_kg; annual fleet, speed, and control shares create the effective factor."
"den_trn_road_passenger_lpg_ldv_tsp","trn_road_passenger_lpg_ldv","road_passenger","light_duty_vehicle","lpg_ldv","TSP","vehicle-km","g TSP/vehicle-km","vehicle-km","false","","controlled","true","true","true","Registry entry defines a legal activity-EF join; factor values are intentionally deferred. Convert factor-product grams to emissions_kg; annual fleet, speed, and control shares create the effective factor."
"den_trn_road_passenger_lpg_ldv_vocs","trn_road_passenger_lpg_ldv","road_passenger","light_duty_vehicle","lpg_ldv","VOCs","vehicle-km","g VOCs/vehicle-km","vehicle-km","false","","controlled","true","true","true","Registry entry defines a legal activity-EF join; factor values are intentionally deferred. Convert factor-product grams to emissions_kg; annual fleet, speed, and control shares create the effective factor."
"den_trn_road_passenger_lpg_ldv_nh3","trn_road_passenger_lpg_ldv","road_passenger","light_duty_vehicle","lpg_ldv","NH3","vehicle-km","g NH3/vehicle-km","vehicle-km","false","","controlled","true","true","true","Registry entry defines a legal activity-EF join; factor values are intentionally deferred. Convert factor-product grams to emissions_kg; annual fleet, speed, and control shares create the effective factor."
"den_trn_road_passenger_lpg_ldv_co","trn_road_passenger_lpg_ldv","road_passenger","light_duty_vehicle","lpg_ldv","CO","vehicle-km","g CO/vehicle-km","vehicle-km","false","","controlled","true","true","true","Registry entry defines a legal activity-EF join; factor values are intentionally deferred. Convert factor-product grams to emissions_kg; annual fleet, speed, and control shares create the effective factor."
"den_trn_road_passenger_lpg_ldv_bc","trn_road_passenger_lpg_ldv","road_passenger","light_duty_vehicle","lpg_ldv","BC","vehicle-km","g BC/vehicle-km","vehicle-km","false","","controlled","true","true","true","Registry entry defines a legal activity-EF join; factor values are intentionally deferred. Convert factor-product grams to emissions_kg; annual fleet, speed, and control shares create the effective factor."
"den_trn_road_passenger_hybrid_ldv_nox","trn_road_passenger_hybrid_ldv","road_passenger","light_duty_vehicle","gasoline_hybrid_ldv","NOx","vehicle-km","g NOx/vehicle-km","vehicle-km","false","","controlled","true","true","true","Registry entry defines a legal activity-EF join; factor values are intentionally deferred. Convert factor-product grams to emissions_kg; annual fleet, speed, and control shares create the effective factor."
"den_trn_road_passenger_hybrid_ldv_sox","trn_road_passenger_hybrid_ldv","road_passenger","light_duty_vehicle","gasoline_hybrid_ldv","SOx","vehicle-km","g SOx/vehicle-km","vehicle-km","false","","controlled","true","true","true","Registry entry defines a legal activity-EF join; factor values are intentionally deferred. Convert factor-product grams to emissions_kg; annual fleet, speed, and control shares create the effective factor."
"den_trn_road_passenger_hybrid_ldv_pm25","trn_road_passenger_hybrid_ldv","road_passenger","light_duty_vehicle","gasoline_hybrid_ldv","PM2.5","vehicle-km","g PM2.5/vehicle-km","vehicle-km","false","","controlled","true","true","true","Registry entry defines a legal activity-EF join; factor values are intentionally deferred. Convert factor-product grams to emissions_kg; annual fleet, speed, and control shares create the effective factor."
"den_trn_road_passenger_hybrid_ldv_pm10","trn_road_passenger_hybrid_ldv","road_passenger","light_duty_vehicle","gasoline_hybrid_ldv","PM10","vehicle-km","g PM10/vehicle-km","vehicle-km","false","","controlled","true","true","true","Registry entry defines a legal activity-EF join; factor values are intentionally deferred. Convert factor-product grams to emissions_kg; annual fleet, speed, and control shares create the effective factor."
"den_trn_road_passenger_hybrid_ldv_tsp","trn_road_passenger_hybrid_ldv","road_passenger","light_duty_vehicle","gasoline_hybrid_ldv","TSP","vehicle-km","g TSP/vehicle-km","vehicle-km","false","","controlled","true","true","true","Registry entry defines a legal activity-EF join; factor values are intentionally deferred. Convert factor-product grams to emissions_kg; annual fleet, speed, and control shares create the effective factor."
"den_trn_road_passenger_hybrid_ldv_vocs","trn_road_passenger_hybrid_ldv","road_passenger","light_duty_vehicle","gasoline_hybrid_ldv","VOCs","vehicle-km","g VOCs/vehicle-km","vehicle-km","false","","controlled","true","true","true","Registry entry defines a legal activity-EF join; factor values are intentionally deferred. Convert factor-product grams to emissions_kg; annual fleet, speed, and control shares create the effective factor."
"den_trn_road_passenger_hybrid_ldv_nh3","trn_road_passenger_hybrid_ldv","road_passenger","light_duty_vehicle","gasoline_hybrid_ldv","NH3","vehicle-km","g NH3/vehicle-km","vehicle-km","false","","controlled","true","true","true","Registry entry defines a legal activity-EF join; factor values are intentionally deferred. Convert factor-product grams to emissions_kg; annual fleet, speed, and control shares create the effective factor."
"den_trn_road_passenger_hybrid_ldv_co","trn_road_passenger_hybrid_ldv","road_passenger","light_duty_vehicle","gasoline_hybrid_ldv","CO","vehicle-km","g CO/vehicle-km","vehicle-km","false","","controlled","true","true","true","Registry entry defines a legal activity-EF join; factor values are intentionally deferred. Convert factor-product grams to emissions_kg; annual fleet, speed, and control shares create the effective factor."
"den_trn_road_passenger_hybrid_ldv_bc","trn_road_passenger_hybrid_ldv","road_passenger","light_duty_vehicle","gasoline_hybrid_ldv","BC","vehicle-km","g BC/vehicle-km","vehicle-km","false","","controlled","true","true","true","Registry entry defines a legal activity-EF join; factor values are intentionally deferred. Convert factor-product grams to emissions_kg; annual fleet, speed, and control shares create the effective factor."
"den_trn_road_bus_nox","trn_road_bus","road_passenger","bus","bus","NOx","vehicle-km","g NOx/vehicle-km","vehicle-km","false","","controlled","true","true","true","Registry entry defines a legal activity-EF join; factor values are intentionally deferred. Convert factor-product grams to emissions_kg; annual fleet, speed, and control shares create the effective factor."
"den_trn_road_bus_sox","trn_road_bus","road_passenger","bus","bus","SOx","vehicle-km","g SOx/vehicle-km","vehicle-km","false","","controlled","true","true","true","Registry entry defines a legal activity-EF join; factor values are intentionally deferred. Convert factor-product grams to emissions_kg; annual fleet, speed, and control shares create the effective factor."
"den_trn_road_bus_pm25","trn_road_bus","road_passenger","bus","bus","PM2.5","vehicle-km","g PM2.5/vehicle-km","vehicle-km","false","","controlled","true","true","true","Registry entry defines a legal activity-EF join; factor values are intentionally deferred. Convert factor-product grams to emissions_kg; annual fleet, speed, and control shares create the effective factor."
"den_trn_road_bus_pm10","trn_road_bus","road_passenger","bus","bus","PM10","vehicle-km","g PM10/vehicle-km","vehicle-km","false","","controlled","true","true","true","Registry entry defines a legal activity-EF join; factor values are intentionally deferred. Convert factor-product grams to emissions_kg; annual fleet, speed, and control shares create the effective factor."
"den_trn_road_bus_tsp","trn_road_bus","road_passenger","bus","bus","TSP","vehicle-km","g TSP/vehicle-km","vehicle-km","false","","controlled","true","true","true","Registry entry defines a legal activity-EF join; factor values are intentionally deferred. Convert factor-product grams to emissions_kg; annual fleet, speed, and control shares create the effective factor."
"den_trn_road_bus_vocs","trn_road_bus","road_passenger","bus","bus","VOCs","vehicle-km","g VOCs/vehicle-km","vehicle-km","false","","controlled","true","true","true","Registry entry defines a legal activity-EF join; factor values are intentionally deferred. Convert factor-product grams to emissions_kg; annual fleet, speed, and control shares create the effective factor."
"den_trn_road_bus_nh3","trn_road_bus","road_passenger","bus","bus","NH3","vehicle-km","g NH3/vehicle-km","vehicle-km","false","","controlled","true","true","true","Registry entry defines a legal activity-EF join; factor values are intentionally deferred. Convert factor-product grams to emissions_kg; annual fleet, speed, and control shares create the effective factor."
"den_trn_road_bus_co","trn_road_bus","road_passenger","bus","bus","CO","vehicle-km","g CO/vehicle-km","vehicle-km","false","","controlled","true","true","true","Registry entry defines a legal activity-EF join; factor values are intentionally deferred. Convert factor-product grams to emissions_kg; annual fleet, speed, and control shares create the effective factor."
"den_trn_road_bus_bc","trn_road_bus","road_passenger","bus","bus","BC","vehicle-km","g BC/vehicle-km","vehicle-km","false","","controlled","true","true","true","Registry entry defines a legal activity-EF join; factor values are intentionally deferred. Convert factor-product grams to emissions_kg; annual fleet, speed, and control shares create the effective factor."
"den_trn_road_motorcycle_nox","trn_road_motorcycle","road_passenger","motorcycle","motorcycle","NOx","vehicle-km","g NOx/vehicle-km","vehicle-km","false","","controlled","true","true","true","Registry entry defines a legal activity-EF join; factor values are intentionally deferred. Convert factor-product grams to emissions_kg; annual fleet, speed, and control shares create the effective factor."
"den_trn_road_motorcycle_sox","trn_road_motorcycle","road_passenger","motorcycle","motorcycle","SOx","vehicle-km","g SOx/vehicle-km","vehicle-km","false","","controlled","true","true","true","Registry entry defines a legal activity-EF join; factor values are intentionally deferred. Convert factor-product grams to emissions_kg; annual fleet, speed, and control shares create the effective factor."
"den_trn_road_motorcycle_pm25","trn_road_motorcycle","road_passenger","motorcycle","motorcycle","PM2.5","vehicle-km","g PM2.5/vehicle-km","vehicle-km","false","","controlled","true","true","true","Registry entry defines a legal activity-EF join; factor values are intentionally deferred. Convert factor-product grams to emissions_kg; annual fleet, speed, and control shares create the effective factor."
"den_trn_road_motorcycle_pm10","trn_road_motorcycle","road_passenger","motorcycle","motorcycle","PM10","vehicle-km","g PM10/vehicle-km","vehicle-km","false","","controlled","true","true","true","Registry entry defines a legal activity-EF join; factor values are intentionally deferred. Convert factor-product grams to emissions_kg; annual fleet, speed, and control shares create the effective factor."
"den_trn_road_motorcycle_tsp","trn_road_motorcycle","road_passenger","motorcycle","motorcycle","TSP","vehicle-km","g TSP/vehicle-km","vehicle-km","false","","controlled","true","true","true","Registry entry defines a legal activity-EF join; factor values are intentionally deferred. Convert factor-product grams to emissions_kg; annual fleet, speed, and control shares create the effective factor."
"den_trn_road_motorcycle_vocs","trn_road_motorcycle","road_passenger","motorcycle","motorcycle","VOCs","vehicle-km","g VOCs/vehicle-km","vehicle-km","false","","controlled","true","true","true","Registry entry defines a legal activity-EF join; factor values are intentionally deferred. Convert factor-product grams to emissions_kg; annual fleet, speed, and control shares create the effective factor."
"den_trn_road_motorcycle_nh3","trn_road_motorcycle","road_passenger","motorcycle","motorcycle","NH3","vehicle-km","g NH3/vehicle-km","vehicle-km","false","","controlled","true","true","true","Registry entry defines a legal activity-EF join; factor values are intentionally deferred. Convert factor-product grams to emissions_kg; annual fleet, speed, and control shares create the effective factor."
"den_trn_road_motorcycle_co","trn_road_motorcycle","road_passenger","motorcycle","motorcycle","CO","vehicle-km","g CO/vehicle-km","vehicle-km","false","","controlled","true","true","true","Registry entry defines a legal activity-EF join; factor values are intentionally deferred. Convert factor-product grams to emissions_kg; annual fleet, speed, and control shares create the effective factor."
"den_trn_road_motorcycle_bc","trn_road_motorcycle","road_passenger","motorcycle","motorcycle","BC","vehicle-km","g BC/vehicle-km","vehicle-km","false","","controlled","true","true","true","Registry entry defines a legal activity-EF join; factor values are intentionally deferred. Convert factor-product grams to emissions_kg; annual fleet, speed, and control shares create the effective factor."
"den_trn_road_freight_lcv_nox","trn_road_freight_lcv","road_freight","light_commercial_vehicle","light_commercial_vehicle","NOx","vehicle-km","g NOx/vehicle-km","vehicle-km","false","","controlled","true","true","true","Registry entry defines a legal activity-EF join; factor values are intentionally deferred. Convert factor-product grams to emissions_kg; annual fleet, speed, and control shares create the effective factor."
"den_trn_road_freight_lcv_sox","trn_road_freight_lcv","road_freight","light_commercial_vehicle","light_commercial_vehicle","SOx","vehicle-km","g SOx/vehicle-km","vehicle-km","false","","controlled","true","true","true","Registry entry defines a legal activity-EF join; factor values are intentionally deferred. Convert factor-product grams to emissions_kg; annual fleet, speed, and control shares create the effective factor."
"den_trn_road_freight_lcv_pm25","trn_road_freight_lcv","road_freight","light_commercial_vehicle","light_commercial_vehicle","PM2.5","vehicle-km","g PM2.5/vehicle-km","vehicle-km","false","","controlled","true","true","true","Registry entry defines a legal activity-EF join; factor values are intentionally deferred. Convert factor-product grams to emissions_kg; annual fleet, speed, and control shares create the effective factor."
"den_trn_road_freight_lcv_pm10","trn_road_freight_lcv","road_freight","light_commercial_vehicle","light_commercial_vehicle","PM10","vehicle-km","g PM10/vehicle-km","vehicle-km","false","","controlled","true","true","true","Registry entry defines a legal activity-EF join; factor values are intentionally deferred. Convert factor-product grams to emissions_kg; annual fleet, speed, and control shares create the effective factor."
"den_trn_road_freight_lcv_tsp","trn_road_freight_lcv","road_freight","light_commercial_vehicle","light_commercial_vehicle","TSP","vehicle-km","g TSP/vehicle-km","vehicle-km","false","","controlled","true","true","true","Registry entry defines a legal activity-EF join; factor values are intentionally deferred. Convert factor-product grams to emissions_kg; annual fleet, speed, and control shares create the effective factor."
"den_trn_road_freight_lcv_vocs","trn_road_freight_lcv","road_freight","light_commercial_vehicle","light_commercial_vehicle","VOCs","vehicle-km","g VOCs/vehicle-km","vehicle-km","false","","controlled","true","true","true","Registry entry defines a legal activity-EF join; factor values are intentionally deferred. Convert factor-product grams to emissions_kg; annual fleet, speed, and control shares create the effective factor."
"den_trn_road_freight_lcv_nh3","trn_road_freight_lcv","road_freight","light_commercial_vehicle","light_commercial_vehicle","NH3","vehicle-km","g NH3/vehicle-km","vehicle-km","false","","controlled","true","true","true","Registry entry defines a legal activity-EF join; factor values are intentionally deferred. Convert factor-product grams to emissions_kg; annual fleet, speed, and control shares create the effective factor."
"den_trn_road_freight_lcv_co","trn_road_freight_lcv","road_freight","light_commercial_vehicle","light_commercial_vehicle","CO","vehicle-km","g CO/vehicle-km","vehicle-km","false","","controlled","true","true","true","Registry entry defines a legal activity-EF join; factor values are intentionally deferred. Convert factor-product grams to emissions_kg; annual fleet, speed, and control shares create the effective factor."
"den_trn_road_freight_lcv_bc","trn_road_freight_lcv","road_freight","light_commercial_vehicle","light_commercial_vehicle","BC","vehicle-km","g BC/vehicle-km","vehicle-km","false","","controlled","true","true","true","Registry entry defines a legal activity-EF join; factor values are intentionally deferred. Convert factor-product grams to emissions_kg; annual fleet, speed, and control shares create the effective factor."
"den_trn_road_freight_mdv_nox","trn_road_freight_mdv","road_freight","medium_duty_truck","medium_duty_truck","NOx","vehicle-km","g NOx/vehicle-km","vehicle-km","false","","controlled","true","true","true","Registry entry defines a legal activity-EF join; factor values are intentionally deferred. Convert factor-product grams to emissions_kg; annual fleet, speed, and control shares create the effective factor."
"den_trn_road_freight_mdv_sox","trn_road_freight_mdv","road_freight","medium_duty_truck","medium_duty_truck","SOx","vehicle-km","g SOx/vehicle-km","vehicle-km","false","","controlled","true","true","true","Registry entry defines a legal activity-EF join; factor values are intentionally deferred. Convert factor-product grams to emissions_kg; annual fleet, speed, and control shares create the effective factor."
"den_trn_road_freight_mdv_pm25","trn_road_freight_mdv","road_freight","medium_duty_truck","medium_duty_truck","PM2.5","vehicle-km","g PM2.5/vehicle-km","vehicle-km","false","","controlled","true","true","true","Registry entry defines a legal activity-EF join; factor values are intentionally deferred. Convert factor-product grams to emissions_kg; annual fleet, speed, and control shares create the effective factor."
"den_trn_road_freight_mdv_pm10","trn_road_freight_mdv","road_freight","medium_duty_truck","medium_duty_truck","PM10","vehicle-km","g PM10/vehicle-km","vehicle-km","false","","controlled","true","true","true","Registry entry defines a legal activity-EF join; factor values are intentionally deferred. Convert factor-product grams to emissions_kg; annual fleet, speed, and control shares create the effective factor."
"den_trn_road_freight_mdv_tsp","trn_road_freight_mdv","road_freight","medium_duty_truck","medium_duty_truck","TSP","vehicle-km","g TSP/vehicle-km","vehicle-km","false","","controlled","true","true","true","Registry entry defines a legal activity-EF join; factor values are intentionally deferred. Convert factor-product grams to emissions_kg; annual fleet, speed, and control shares create the effective factor."
"den_trn_road_freight_mdv_vocs","trn_road_freight_mdv","road_freight","medium_duty_truck","medium_duty_truck","VOCs","vehicle-km","g VOCs/vehicle-km","vehicle-km","false","","controlled","true","true","true","Registry entry defines a legal activity-EF join; factor values are intentionally deferred. Convert factor-product grams to emissions_kg; annual fleet, speed, and control shares create the effective factor."
"den_trn_road_freight_mdv_nh3","trn_road_freight_mdv","road_freight","medium_duty_truck","medium_duty_truck","NH3","vehicle-km","g NH3/vehicle-km","vehicle-km","false","","controlled","true","true","true","Registry entry defines a legal activity-EF join; factor values are intentionally deferred. Convert factor-product grams to emissions_kg; annual fleet, speed, and control shares create the effective factor."
"den_trn_road_freight_mdv_co","trn_road_freight_mdv","road_freight","medium_duty_truck","medium_duty_truck","CO","vehicle-km","g CO/vehicle-km","vehicle-km","false","","controlled","true","true","true","Registry entry defines a legal activity-EF join; factor values are intentionally deferred. Convert factor-product grams to emissions_kg; annual fleet, speed, and control shares create the effective factor."
"den_trn_road_freight_mdv_bc","trn_road_freight_mdv","road_freight","medium_duty_truck","medium_duty_truck","BC","vehicle-km","g BC/vehicle-km","vehicle-km","false","","controlled","true","true","true","Registry entry defines a legal activity-EF join; factor values are intentionally deferred. Convert factor-product grams to emissions_kg; annual fleet, speed, and control shares create the effective factor."
"den_trn_road_freight_hdv_nox","trn_road_freight_hdv","road_freight","heavy_duty_truck","heavy_duty_truck","NOx","vehicle-km","g NOx/vehicle-km","vehicle-km","false","","controlled","true","true","true","Registry entry defines a legal activity-EF join; factor values are intentionally deferred. Convert factor-product grams to emissions_kg; annual fleet, speed, and control shares create the effective factor."
"den_trn_road_freight_hdv_sox","trn_road_freight_hdv","road_freight","heavy_duty_truck","heavy_duty_truck","SOx","vehicle-km","g SOx/vehicle-km","vehicle-km","false","","controlled","true","true","true","Registry entry defines a legal activity-EF join; factor values are intentionally deferred. Convert factor-product grams to emissions_kg; annual fleet, speed, and control shares create the effective factor."
"den_trn_road_freight_hdv_pm25","trn_road_freight_hdv","road_freight","heavy_duty_truck","heavy_duty_truck","PM2.5","vehicle-km","g PM2.5/vehicle-km","vehicle-km","false","","controlled","true","true","true","Registry entry defines a legal activity-EF join; factor values are intentionally deferred. Convert factor-product grams to emissions_kg; annual fleet, speed, and control shares create the effective factor."
"den_trn_road_freight_hdv_pm10","trn_road_freight_hdv","road_freight","heavy_duty_truck","heavy_duty_truck","PM10","vehicle-km","g PM10/vehicle-km","vehicle-km","false","","controlled","true","true","true","Registry entry defines a legal activity-EF join; factor values are intentionally deferred. Convert factor-product grams to emissions_kg; annual fleet, speed, and control shares create the effective factor."
"den_trn_road_freight_hdv_tsp","trn_road_freight_hdv","road_freight","heavy_duty_truck","heavy_duty_truck","TSP","vehicle-km","g TSP/vehicle-km","vehicle-km","false","","controlled","true","true","true","Registry entry defines a legal activity-EF join; factor values are intentionally deferred. Convert factor-product grams to emissions_kg; annual fleet, speed, and control shares create the effective factor."
"den_trn_road_freight_hdv_vocs","trn_road_freight_hdv","road_freight","heavy_duty_truck","heavy_duty_truck","VOCs","vehicle-km","g VOCs/vehicle-km","vehicle-km","false","","controlled","true","true","true","Registry entry defines a legal activity-EF join; factor values are intentionally deferred. Convert factor-product grams to emissions_kg; annual fleet, speed, and control shares create the effective factor."
"den_trn_road_freight_hdv_nh3","trn_road_freight_hdv","road_freight","heavy_duty_truck","heavy_duty_truck","NH3","vehicle-km","g NH3/vehicle-km","vehicle-km","false","","controlled","true","true","true","Registry entry defines a legal activity-EF join; factor values are intentionally deferred. Convert factor-product grams to emissions_kg; annual fleet, speed, and control shares create the effective factor."
"den_trn_road_freight_hdv_co","trn_road_freight_hdv","road_freight","heavy_duty_truck","heavy_duty_truck","CO","vehicle-km","g CO/vehicle-km","vehicle-km","false","","controlled","true","true","true","Registry entry defines a legal activity-EF join; factor values are intentionally deferred. Convert factor-product grams to emissions_kg; annual fleet, speed, and control shares create the effective factor."
"den_trn_road_freight_hdv_bc","trn_road_freight_hdv","road_freight","heavy_duty_truck","heavy_duty_truck","BC","vehicle-km","g BC/vehicle-km","vehicle-km","false","","controlled","true","true","true","Registry entry defines a legal activity-EF join; factor values are intentionally deferred. Convert factor-product grams to emissions_kg; annual fleet, speed, and control shares create the effective factor."
"den_trn_rail_diesel_passenger_nox","trn_rail_diesel_passenger","rail","passenger","diesel_passenger_rail","NOx","tonne diesel","kg NOx/tonne diesel","tonne diesel","false","","controlled","true","true","true","Registry entry defines a legal activity-EF join; factor values are intentionally deferred. Technology and control weights must be applied where flagged."
"den_trn_rail_diesel_passenger_sox","trn_rail_diesel_passenger","rail","passenger","diesel_passenger_rail","SOx","tonne diesel","kg SOx/tonne diesel","tonne diesel","false","","controlled","true","true","true","Registry entry defines a legal activity-EF join; factor values are intentionally deferred. Technology and control weights must be applied where flagged."
"den_trn_rail_diesel_passenger_pm25","trn_rail_diesel_passenger","rail","passenger","diesel_passenger_rail","PM2.5","tonne diesel","kg PM2.5/tonne diesel","tonne diesel","false","","controlled","true","true","true","Registry entry defines a legal activity-EF join; factor values are intentionally deferred. Technology and control weights must be applied where flagged."
"den_trn_rail_diesel_passenger_pm10","trn_rail_diesel_passenger","rail","passenger","diesel_passenger_rail","PM10","tonne diesel","kg PM10/tonne diesel","tonne diesel","false","","controlled","true","true","true","Registry entry defines a legal activity-EF join; factor values are intentionally deferred. Technology and control weights must be applied where flagged."
"den_trn_rail_diesel_passenger_tsp","trn_rail_diesel_passenger","rail","passenger","diesel_passenger_rail","TSP","tonne diesel","kg TSP/tonne diesel","tonne diesel","false","","controlled","true","true","true","Registry entry defines a legal activity-EF join; factor values are intentionally deferred. Technology and control weights must be applied where flagged."
"den_trn_rail_diesel_passenger_vocs","trn_rail_diesel_passenger","rail","passenger","diesel_passenger_rail","VOCs","tonne diesel","kg VOCs/tonne diesel","tonne diesel","false","","controlled","true","true","true","Registry entry defines a legal activity-EF join; factor values are intentionally deferred. Technology and control weights must be applied where flagged."
"den_trn_rail_diesel_passenger_nh3","trn_rail_diesel_passenger","rail","passenger","diesel_passenger_rail","NH3","tonne diesel","kg NH3/tonne diesel","tonne diesel","false","","controlled","true","true","true","Registry entry defines a legal activity-EF join; factor values are intentionally deferred. Technology and control weights must be applied where flagged."
"den_trn_rail_diesel_passenger_co","trn_rail_diesel_passenger","rail","passenger","diesel_passenger_rail","CO","tonne diesel","kg CO/tonne diesel","tonne diesel","false","","controlled","true","true","true","Registry entry defines a legal activity-EF join; factor values are intentionally deferred. Technology and control weights must be applied where flagged."
"den_trn_rail_diesel_passenger_bc","trn_rail_diesel_passenger","rail","passenger","diesel_passenger_rail","BC","tonne diesel","kg BC/tonne diesel","tonne diesel","false","","controlled","true","true","true","Registry entry defines a legal activity-EF join; factor values are intentionally deferred. Technology and control weights must be applied where flagged."
"den_trn_rail_diesel_freight_nox","trn_rail_diesel_freight","rail","freight","diesel_freight_rail","NOx","tonne diesel","kg NOx/tonne diesel","tonne diesel","false","","controlled","true","true","true","Registry entry defines a legal activity-EF join; factor values are intentionally deferred. Technology and control weights must be applied where flagged."
"den_trn_rail_diesel_freight_sox","trn_rail_diesel_freight","rail","freight","diesel_freight_rail","SOx","tonne diesel","kg SOx/tonne diesel","tonne diesel","false","","controlled","true","true","true","Registry entry defines a legal activity-EF join; factor values are intentionally deferred. Technology and control weights must be applied where flagged."
"den_trn_rail_diesel_freight_pm25","trn_rail_diesel_freight","rail","freight","diesel_freight_rail","PM2.5","tonne diesel","kg PM2.5/tonne diesel","tonne diesel","false","","controlled","true","true","true","Registry entry defines a legal activity-EF join; factor values are intentionally deferred. Technology and control weights must be applied where flagged."
"den_trn_rail_diesel_freight_pm10","trn_rail_diesel_freight","rail","freight","diesel_freight_rail","PM10","tonne diesel","kg PM10/tonne diesel","tonne diesel","false","","controlled","true","true","true","Registry entry defines a legal activity-EF join; factor values are intentionally deferred. Technology and control weights must be applied where flagged."
"den_trn_rail_diesel_freight_tsp","trn_rail_diesel_freight","rail","freight","diesel_freight_rail","TSP","tonne diesel","kg TSP/tonne diesel","tonne diesel","false","","controlled","true","true","true","Registry entry defines a legal activity-EF join; factor values are intentionally deferred. Technology and control weights must be applied where flagged."
"den_trn_rail_diesel_freight_vocs","trn_rail_diesel_freight","rail","freight","diesel_freight_rail","VOCs","tonne diesel","kg VOCs/tonne diesel","tonne diesel","false","","controlled","true","true","true","Registry entry defines a legal activity-EF join; factor values are intentionally deferred. Technology and control weights must be applied where flagged."
"den_trn_rail_diesel_freight_nh3","trn_rail_diesel_freight","rail","freight","diesel_freight_rail","NH3","tonne diesel","kg NH3/tonne diesel","tonne diesel","false","","controlled","true","true","true","Registry entry defines a legal activity-EF join; factor values are intentionally deferred. Technology and control weights must be applied where flagged."
"den_trn_rail_diesel_freight_co","trn_rail_diesel_freight","rail","freight","diesel_freight_rail","CO","tonne diesel","kg CO/tonne diesel","tonne diesel","false","","controlled","true","true","true","Registry entry defines a legal activity-EF join; factor values are intentionally deferred. Technology and control weights must be applied where flagged."
"den_trn_rail_diesel_freight_bc","trn_rail_diesel_freight","rail","freight","diesel_freight_rail","BC","tonne diesel","kg BC/tonne diesel","tonne diesel","false","","controlled","true","true","true","Registry entry defines a legal activity-EF join; factor values are intentionally deferred. Technology and control weights must be applied where flagged."
"den_trn_aviation_passenger_lto_nox","trn_aviation_passenger_lto","aviation","passenger_lto","passenger_aircraft_lto","NOx","LTO cycle","kg NOx/LTO cycle","LTO cycle","false","","controlled","true","true","true","Registry entry defines a legal activity-EF join; factor values are intentionally deferred. Technology and control weights must be applied where flagged."
"den_trn_aviation_passenger_lto_sox","trn_aviation_passenger_lto","aviation","passenger_lto","passenger_aircraft_lto","SOx","LTO cycle","kg SOx/LTO cycle","LTO cycle","false","","controlled","true","true","true","Registry entry defines a legal activity-EF join; factor values are intentionally deferred. Technology and control weights must be applied where flagged."
"den_trn_aviation_passenger_lto_pm25","trn_aviation_passenger_lto","aviation","passenger_lto","passenger_aircraft_lto","PM2.5","LTO cycle","kg PM2.5/LTO cycle","LTO cycle","false","","controlled","true","true","true","Registry entry defines a legal activity-EF join; factor values are intentionally deferred. Technology and control weights must be applied where flagged."
"den_trn_aviation_passenger_lto_pm10","trn_aviation_passenger_lto","aviation","passenger_lto","passenger_aircraft_lto","PM10","LTO cycle","kg PM10/LTO cycle","LTO cycle","false","","controlled","true","true","true","Registry entry defines a legal activity-EF join; factor values are intentionally deferred. Technology and control weights must be applied where flagged."
"den_trn_aviation_passenger_lto_tsp","trn_aviation_passenger_lto","aviation","passenger_lto","passenger_aircraft_lto","TSP","LTO cycle","kg TSP/LTO cycle","LTO cycle","false","","controlled","true","true","true","Registry entry defines a legal activity-EF join; factor values are intentionally deferred. Technology and control weights must be applied where flagged."
"den_trn_aviation_passenger_lto_vocs","trn_aviation_passenger_lto","aviation","passenger_lto","passenger_aircraft_lto","VOCs","LTO cycle","kg VOCs/LTO cycle","LTO cycle","false","","controlled","true","true","true","Registry entry defines a legal activity-EF join; factor values are intentionally deferred. Technology and control weights must be applied where flagged."
"den_trn_aviation_passenger_lto_co","trn_aviation_passenger_lto","aviation","passenger_lto","passenger_aircraft_lto","CO","LTO cycle","kg CO/LTO cycle","LTO cycle","false","","controlled","true","true","true","Registry entry defines a legal activity-EF join; factor values are intentionally deferred. Technology and control weights must be applied where flagged."
"den_trn_aviation_passenger_lto_bc","trn_aviation_passenger_lto","aviation","passenger_lto","passenger_aircraft_lto","BC","LTO cycle","kg BC/LTO cycle","LTO cycle","false","","controlled","true","true","true","Registry entry defines a legal activity-EF join; factor values are intentionally deferred. Technology and control weights must be applied where flagged."
"den_trn_aviation_passenger_cruise_nox","trn_aviation_passenger_cruise","aviation","passenger_cruise","passenger_aircraft_cruise","NOx","kg aviation fuel","g NOx/kg aviation fuel","kg aviation fuel","false","","controlled","true","true","true","Registry entry defines a legal activity-EF join; factor values are intentionally deferred. Technology and control weights must be applied where flagged."
"den_trn_aviation_passenger_cruise_sox","trn_aviation_passenger_cruise","aviation","passenger_cruise","passenger_aircraft_cruise","SOx","kg aviation fuel","g SOx/kg aviation fuel","kg aviation fuel","false","","controlled","true","true","true","Registry entry defines a legal activity-EF join; factor values are intentionally deferred. Technology and control weights must be applied where flagged."
"den_trn_aviation_passenger_cruise_pm25","trn_aviation_passenger_cruise","aviation","passenger_cruise","passenger_aircraft_cruise","PM2.5","kg aviation fuel","g PM2.5/kg aviation fuel","kg aviation fuel","false","","controlled","true","true","true","Registry entry defines a legal activity-EF join; factor values are intentionally deferred. Technology and control weights must be applied where flagged."
"den_trn_aviation_passenger_cruise_pm10","trn_aviation_passenger_cruise","aviation","passenger_cruise","passenger_aircraft_cruise","PM10","kg aviation fuel","g PM10/kg aviation fuel","kg aviation fuel","false","","controlled","true","true","true","Registry entry defines a legal activity-EF join; factor values are intentionally deferred. Technology and control weights must be applied where flagged."
"den_trn_aviation_passenger_cruise_tsp","trn_aviation_passenger_cruise","aviation","passenger_cruise","passenger_aircraft_cruise","TSP","kg aviation fuel","g TSP/kg aviation fuel","kg aviation fuel","false","","controlled","true","true","true","Registry entry defines a legal activity-EF join; factor values are intentionally deferred. Technology and control weights must be applied where flagged."
"den_trn_aviation_passenger_cruise_vocs","trn_aviation_passenger_cruise","aviation","passenger_cruise","passenger_aircraft_cruise","VOCs","kg aviation fuel","g VOCs/kg aviation fuel","kg aviation fuel","false","","controlled","true","true","true","Registry entry defines a legal activity-EF join; factor values are intentionally deferred. Technology and control weights must be applied where flagged."
"den_trn_aviation_passenger_cruise_co","trn_aviation_passenger_cruise","aviation","passenger_cruise","passenger_aircraft_cruise","CO","kg aviation fuel","g CO/kg aviation fuel","kg aviation fuel","false","","controlled","true","true","true","Registry entry defines a legal activity-EF join; factor values are intentionally deferred. Technology and control weights must be applied where flagged."
"den_trn_aviation_passenger_cruise_bc","trn_aviation_passenger_cruise","aviation","passenger_cruise","passenger_aircraft_cruise","BC","kg aviation fuel","g BC/kg aviation fuel","kg aviation fuel","false","","controlled","true","true","true","Registry entry defines a legal activity-EF join; factor values are intentionally deferred. Technology and control weights must be applied where flagged."
"den_trn_aviation_freight_lto_nox","trn_aviation_freight_lto","aviation","freight_lto","freight_aircraft_lto","NOx","LTO cycle","kg NOx/LTO cycle","LTO cycle","false","","controlled","true","true","true","Registry entry defines a legal activity-EF join; factor values are intentionally deferred. Technology and control weights must be applied where flagged."
"den_trn_aviation_freight_lto_sox","trn_aviation_freight_lto","aviation","freight_lto","freight_aircraft_lto","SOx","LTO cycle","kg SOx/LTO cycle","LTO cycle","false","","controlled","true","true","true","Registry entry defines a legal activity-EF join; factor values are intentionally deferred. Technology and control weights must be applied where flagged."
"den_trn_aviation_freight_lto_pm25","trn_aviation_freight_lto","aviation","freight_lto","freight_aircraft_lto","PM2.5","LTO cycle","kg PM2.5/LTO cycle","LTO cycle","false","","controlled","true","true","true","Registry entry defines a legal activity-EF join; factor values are intentionally deferred. Technology and control weights must be applied where flagged."
"den_trn_aviation_freight_lto_pm10","trn_aviation_freight_lto","aviation","freight_lto","freight_aircraft_lto","PM10","LTO cycle","kg PM10/LTO cycle","LTO cycle","false","","controlled","true","true","true","Registry entry defines a legal activity-EF join; factor values are intentionally deferred. Technology and control weights must be applied where flagged."
"den_trn_aviation_freight_lto_tsp","trn_aviation_freight_lto","aviation","freight_lto","freight_aircraft_lto","TSP","LTO cycle","kg TSP/LTO cycle","LTO cycle","false","","controlled","true","true","true","Registry entry defines a legal activity-EF join; factor values are intentionally deferred. Technology and control weights must be applied where flagged."
"den_trn_aviation_freight_lto_vocs","trn_aviation_freight_lto","aviation","freight_lto","freight_aircraft_lto","VOCs","LTO cycle","kg VOCs/LTO cycle","LTO cycle","false","","controlled","true","true","true","Registry entry defines a legal activity-EF join; factor values are intentionally deferred. Technology and control weights must be applied where flagged."
"den_trn_aviation_freight_lto_co","trn_aviation_freight_lto","aviation","freight_lto","freight_aircraft_lto","CO","LTO cycle","kg CO/LTO cycle","LTO cycle","false","","controlled","true","true","true","Registry entry defines a legal activity-EF join; factor values are intentionally deferred. Technology and control weights must be applied where flagged."
"den_trn_aviation_freight_lto_bc","trn_aviation_freight_lto","aviation","freight_lto","freight_aircraft_lto","BC","LTO cycle","kg BC/LTO cycle","LTO cycle","false","","controlled","true","true","true","Registry entry defines a legal activity-EF join; factor values are intentionally deferred. Technology and control weights must be applied where flagged."
"den_trn_aviation_freight_cruise_nox","trn_aviation_freight_cruise","aviation","freight_cruise","freight_aircraft_cruise","NOx","kg aviation fuel","g NOx/kg aviation fuel","kg aviation fuel","false","","controlled","true","true","true","Registry entry defines a legal activity-EF join; factor values are intentionally deferred. Technology and control weights must be applied where flagged."
"den_trn_aviation_freight_cruise_sox","trn_aviation_freight_cruise","aviation","freight_cruise","freight_aircraft_cruise","SOx","kg aviation fuel","g SOx/kg aviation fuel","kg aviation fuel","false","","controlled","true","true","true","Registry entry defines a legal activity-EF join; factor values are intentionally deferred. Technology and control weights must be applied where flagged."
"den_trn_aviation_freight_cruise_pm25","trn_aviation_freight_cruise","aviation","freight_cruise","freight_aircraft_cruise","PM2.5","kg aviation fuel","g PM2.5/kg aviation fuel","kg aviation fuel","false","","controlled","true","true","true","Registry entry defines a legal activity-EF join; factor values are intentionally deferred. Technology and control weights must be applied where flagged."
"den_trn_aviation_freight_cruise_pm10","trn_aviation_freight_cruise","aviation","freight_cruise","freight_aircraft_cruise","PM10","kg aviation fuel","g PM10/kg aviation fuel","kg aviation fuel","false","","controlled","true","true","true","Registry entry defines a legal activity-EF join; factor values are intentionally deferred. Technology and control weights must be applied where flagged."
"den_trn_aviation_freight_cruise_tsp","trn_aviation_freight_cruise","aviation","freight_cruise","freight_aircraft_cruise","TSP","kg aviation fuel","g TSP/kg aviation fuel","kg aviation fuel","false","","controlled","true","true","true","Registry entry defines a legal activity-EF join; factor values are intentionally deferred. Technology and control weights must be applied where flagged."
"den_trn_aviation_freight_cruise_vocs","trn_aviation_freight_cruise","aviation","freight_cruise","freight_aircraft_cruise","VOCs","kg aviation fuel","g VOCs/kg aviation fuel","kg aviation fuel","false","","controlled","true","true","true","Registry entry defines a legal activity-EF join; factor values are intentionally deferred. Technology and control weights must be applied where flagged."
"den_trn_aviation_freight_cruise_co","trn_aviation_freight_cruise","aviation","freight_cruise","freight_aircraft_cruise","CO","kg aviation fuel","g CO/kg aviation fuel","kg aviation fuel","false","","controlled","true","true","true","Registry entry defines a legal activity-EF join; factor values are intentionally deferred. Technology and control weights must be applied where flagged."
"den_trn_aviation_freight_cruise_bc","trn_aviation_freight_cruise","aviation","freight_cruise","freight_aircraft_cruise","BC","kg aviation fuel","g BC/kg aviation fuel","kg aviation fuel","false","","controlled","true","true","true","Registry entry defines a legal activity-EF join; factor values are intentionally deferred. Technology and control weights must be applied where flagged."
"den_trn_shipping_passenger_nox","trn_shipping_passenger","shipping","passenger","passenger_vessel","NOx","tonne marine fuel","kg NOx/tonne marine fuel","tonne marine fuel","false","","controlled","true","true","true","Registry entry defines a legal activity-EF join; factor values are intentionally deferred. Mode, engine, fuel-sulfur, and control shares create the annual effective factor."
"den_trn_shipping_passenger_sox","trn_shipping_passenger","shipping","passenger","passenger_vessel","SOx","tonne marine fuel","kg SOx/tonne marine fuel","tonne marine fuel","false","","controlled","true","true","true","Registry entry defines a legal activity-EF join; factor values are intentionally deferred. Mode, engine, fuel-sulfur, and control shares create the annual effective factor."
"den_trn_shipping_passenger_pm25","trn_shipping_passenger","shipping","passenger","passenger_vessel","PM2.5","tonne marine fuel","kg PM2.5/tonne marine fuel","tonne marine fuel","false","","controlled","true","true","true","Registry entry defines a legal activity-EF join; factor values are intentionally deferred. Mode, engine, fuel-sulfur, and control shares create the annual effective factor."
"den_trn_shipping_passenger_pm10","trn_shipping_passenger","shipping","passenger","passenger_vessel","PM10","tonne marine fuel","kg PM10/tonne marine fuel","tonne marine fuel","false","","controlled","true","true","true","Registry entry defines a legal activity-EF join; factor values are intentionally deferred. Mode, engine, fuel-sulfur, and control shares create the annual effective factor."
"den_trn_shipping_passenger_tsp","trn_shipping_passenger","shipping","passenger","passenger_vessel","TSP","tonne marine fuel","kg TSP/tonne marine fuel","tonne marine fuel","false","","controlled","true","true","true","Registry entry defines a legal activity-EF join; factor values are intentionally deferred. Mode, engine, fuel-sulfur, and control shares create the annual effective factor."
"den_trn_shipping_passenger_vocs","trn_shipping_passenger","shipping","passenger","passenger_vessel","VOCs","tonne marine fuel","kg VOCs/tonne marine fuel","tonne marine fuel","false","","controlled","true","true","true","Registry entry defines a legal activity-EF join; factor values are intentionally deferred. Mode, engine, fuel-sulfur, and control shares create the annual effective factor."
"den_trn_shipping_passenger_co","trn_shipping_passenger","shipping","passenger","passenger_vessel","CO","tonne marine fuel","kg CO/tonne marine fuel","tonne marine fuel","false","","controlled","true","true","true","Registry entry defines a legal activity-EF join; factor values are intentionally deferred. Mode, engine, fuel-sulfur, and control shares create the annual effective factor."
"den_trn_shipping_passenger_bc","trn_shipping_passenger","shipping","passenger","passenger_vessel","BC","tonne marine fuel","kg BC/tonne marine fuel","tonne marine fuel","false","","controlled","true","true","true","Registry entry defines a legal activity-EF join; factor values are intentionally deferred. Mode, engine, fuel-sulfur, and control shares create the annual effective factor."
"den_trn_shipping_freight_nox","trn_shipping_freight","shipping","freight","freight_vessel","NOx","tonne marine fuel","kg NOx/tonne marine fuel","tonne marine fuel","false","","controlled","true","true","true","Registry entry defines a legal activity-EF join; factor values are intentionally deferred. Mode, engine, fuel-sulfur, and control shares create the annual effective factor."
"den_trn_shipping_freight_sox","trn_shipping_freight","shipping","freight","freight_vessel","SOx","tonne marine fuel","kg SOx/tonne marine fuel","tonne marine fuel","false","","controlled","true","true","true","Registry entry defines a legal activity-EF join; factor values are intentionally deferred. Mode, engine, fuel-sulfur, and control shares create the annual effective factor."
"den_trn_shipping_freight_pm25","trn_shipping_freight","shipping","freight","freight_vessel","PM2.5","tonne marine fuel","kg PM2.5/tonne marine fuel","tonne marine fuel","false","","controlled","true","true","true","Registry entry defines a legal activity-EF join; factor values are intentionally deferred. Mode, engine, fuel-sulfur, and control shares create the annual effective factor."
"den_trn_shipping_freight_pm10","trn_shipping_freight","shipping","freight","freight_vessel","PM10","tonne marine fuel","kg PM10/tonne marine fuel","tonne marine fuel","false","","controlled","true","true","true","Registry entry defines a legal activity-EF join; factor values are intentionally deferred. Mode, engine, fuel-sulfur, and control shares create the annual effective factor."
"den_trn_shipping_freight_tsp","trn_shipping_freight","shipping","freight","freight_vessel","TSP","tonne marine fuel","kg TSP/tonne marine fuel","tonne marine fuel","false","","controlled","true","true","true","Registry entry defines a legal activity-EF join; factor values are intentionally deferred. Mode, engine, fuel-sulfur, and control shares create the annual effective factor."
"den_trn_shipping_freight_vocs","trn_shipping_freight","shipping","freight","freight_vessel","VOCs","tonne marine fuel","kg VOCs/tonne marine fuel","tonne marine fuel","false","","controlled","true","true","true","Registry entry defines a legal activity-EF join; factor values are intentionally deferred. Mode, engine, fuel-sulfur, and control shares create the annual effective factor."
"den_trn_shipping_freight_co","trn_shipping_freight","shipping","freight","freight_vessel","CO","tonne marine fuel","kg CO/tonne marine fuel","tonne marine fuel","false","","controlled","true","true","true","Registry entry defines a legal activity-EF join; factor values are intentionally deferred. Mode, engine, fuel-sulfur, and control shares create the annual effective factor."
"den_trn_shipping_freight_bc","trn_shipping_freight","shipping","freight","freight_vessel","BC","tonne marine fuel","kg BC/tonne marine fuel","tonne marine fuel","false","","controlled","true","true","true","Registry entry defines a legal activity-EF join; factor values are intentionally deferred. Mode, engine, fuel-sulfur, and control shares create the annual effective factor."
"den_trn_shipping_fishing_nox","trn_shipping_fishing","shipping","fishing","fishing_vessel","NOx","tonne marine fuel","kg NOx/tonne marine fuel","tonne marine fuel","false","","controlled","true","true","true","Registry entry defines a legal activity-EF join; factor values are intentionally deferred. Mode, engine, fuel-sulfur, and control shares create the annual effective factor."
"den_trn_shipping_fishing_sox","trn_shipping_fishing","shipping","fishing","fishing_vessel","SOx","tonne marine fuel","kg SOx/tonne marine fuel","tonne marine fuel","false","","controlled","true","true","true","Registry entry defines a legal activity-EF join; factor values are intentionally deferred. Mode, engine, fuel-sulfur, and control shares create the annual effective factor."
"den_trn_shipping_fishing_pm25","trn_shipping_fishing","shipping","fishing","fishing_vessel","PM2.5","tonne marine fuel","kg PM2.5/tonne marine fuel","tonne marine fuel","false","","controlled","true","true","true","Registry entry defines a legal activity-EF join; factor values are intentionally deferred. Mode, engine, fuel-sulfur, and control shares create the annual effective factor."
"den_trn_shipping_fishing_pm10","trn_shipping_fishing","shipping","fishing","fishing_vessel","PM10","tonne marine fuel","kg PM10/tonne marine fuel","tonne marine fuel","false","","controlled","true","true","true","Registry entry defines a legal activity-EF join; factor values are intentionally deferred. Mode, engine, fuel-sulfur, and control shares create the annual effective factor."
"den_trn_shipping_fishing_tsp","trn_shipping_fishing","shipping","fishing","fishing_vessel","TSP","tonne marine fuel","kg TSP/tonne marine fuel","tonne marine fuel","false","","controlled","true","true","true","Registry entry defines a legal activity-EF join; factor values are intentionally deferred. Mode, engine, fuel-sulfur, and control shares create the annual effective factor."
"den_trn_shipping_fishing_vocs","trn_shipping_fishing","shipping","fishing","fishing_vessel","VOCs","tonne marine fuel","kg VOCs/tonne marine fuel","tonne marine fuel","false","","controlled","true","true","true","Registry entry defines a legal activity-EF join; factor values are intentionally deferred. Mode, engine, fuel-sulfur, and control shares create the annual effective factor."
"den_trn_shipping_fishing_co","trn_shipping_fishing","shipping","fishing","fishing_vessel","CO","tonne marine fuel","kg CO/tonne marine fuel","tonne marine fuel","false","","controlled","true","true","true","Registry entry defines a legal activity-EF join; factor values are intentionally deferred. Mode, engine, fuel-sulfur, and control shares create the annual effective factor."
"den_trn_shipping_fishing_bc","trn_shipping_fishing","shipping","fishing","fishing_vessel","BC","tonne marine fuel","kg BC/tonne marine fuel","tonne marine fuel","false","","controlled","true","true","true","Registry entry defines a legal activity-EF join; factor values are intentionally deferred. Mode, engine, fuel-sulfur, and control shares create the annual effective factor."
"den_trn_nonroad_construction_nox","trn_nonroad_construction","nonroad_machinery","construction","construction_machinery","NOx","litre diesel","g NOx/litre diesel","litre diesel","false","","controlled","true","true","true","Registry entry defines a legal activity-EF join; factor values are intentionally deferred. Technology and control weights must be applied where flagged."
"den_trn_nonroad_construction_sox","trn_nonroad_construction","nonroad_machinery","construction","construction_machinery","SOx","litre diesel","g SOx/litre diesel","litre diesel","false","","controlled","true","true","true","Registry entry defines a legal activity-EF join; factor values are intentionally deferred. Technology and control weights must be applied where flagged."
"den_trn_nonroad_construction_pm25","trn_nonroad_construction","nonroad_machinery","construction","construction_machinery","PM2.5","litre diesel","g PM2.5/litre diesel","litre diesel","false","","controlled","true","true","true","Registry entry defines a legal activity-EF join; factor values are intentionally deferred. Technology and control weights must be applied where flagged."
"den_trn_nonroad_construction_pm10","trn_nonroad_construction","nonroad_machinery","construction","construction_machinery","PM10","litre diesel","g PM10/litre diesel","litre diesel","false","","controlled","true","true","true","Registry entry defines a legal activity-EF join; factor values are intentionally deferred. Technology and control weights must be applied where flagged."
"den_trn_nonroad_construction_tsp","trn_nonroad_construction","nonroad_machinery","construction","construction_machinery","TSP","litre diesel","g TSP/litre diesel","litre diesel","false","","controlled","true","true","true","Registry entry defines a legal activity-EF join; factor values are intentionally deferred. Technology and control weights must be applied where flagged."
"den_trn_nonroad_construction_vocs","trn_nonroad_construction","nonroad_machinery","construction","construction_machinery","VOCs","litre diesel","g VOCs/litre diesel","litre diesel","false","","controlled","true","true","true","Registry entry defines a legal activity-EF join; factor values are intentionally deferred. Technology and control weights must be applied where flagged."
"den_trn_nonroad_construction_nh3","trn_nonroad_construction","nonroad_machinery","construction","construction_machinery","NH3","litre diesel","g NH3/litre diesel","litre diesel","false","","controlled","true","true","true","Registry entry defines a legal activity-EF join; factor values are intentionally deferred. Technology and control weights must be applied where flagged."
"den_trn_nonroad_construction_co","trn_nonroad_construction","nonroad_machinery","construction","construction_machinery","CO","litre diesel","g CO/litre diesel","litre diesel","false","","controlled","true","true","true","Registry entry defines a legal activity-EF join; factor values are intentionally deferred. Technology and control weights must be applied where flagged."
"den_trn_nonroad_construction_bc","trn_nonroad_construction","nonroad_machinery","construction","construction_machinery","BC","litre diesel","g BC/litre diesel","litre diesel","false","","controlled","true","true","true","Registry entry defines a legal activity-EF join; factor values are intentionally deferred. Technology and control weights must be applied where flagged."
"den_trn_nonroad_port_cargo_nox","trn_nonroad_port_cargo","nonroad_machinery","port","port_cargo_handling_equipment","NOx","TJ fuel consumed","kg NOx/TJ fuel consumed","TJ fuel","false","","controlled","true","true","true","Registry entry defines a legal activity-EF join; factor values are intentionally deferred. Technology and control weights must be applied where flagged."
"den_trn_nonroad_port_cargo_sox","trn_nonroad_port_cargo","nonroad_machinery","port","port_cargo_handling_equipment","SOx","TJ fuel consumed","kg SOx/TJ fuel consumed","TJ fuel","false","","controlled","true","true","true","Registry entry defines a legal activity-EF join; factor values are intentionally deferred. Technology and control weights must be applied where flagged."
"den_trn_nonroad_port_cargo_pm25","trn_nonroad_port_cargo","nonroad_machinery","port","port_cargo_handling_equipment","PM2.5","TJ fuel consumed","kg PM2.5/TJ fuel consumed","TJ fuel","false","","controlled","true","true","true","Registry entry defines a legal activity-EF join; factor values are intentionally deferred. Technology and control weights must be applied where flagged."
"den_trn_nonroad_port_cargo_pm10","trn_nonroad_port_cargo","nonroad_machinery","port","port_cargo_handling_equipment","PM10","TJ fuel consumed","kg PM10/TJ fuel consumed","TJ fuel","false","","controlled","true","true","true","Registry entry defines a legal activity-EF join; factor values are intentionally deferred. Technology and control weights must be applied where flagged."
"den_trn_nonroad_port_cargo_tsp","trn_nonroad_port_cargo","nonroad_machinery","port","port_cargo_handling_equipment","TSP","TJ fuel consumed","kg TSP/TJ fuel consumed","TJ fuel","false","","controlled","true","true","true","Registry entry defines a legal activity-EF join; factor values are intentionally deferred. Technology and control weights must be applied where flagged."
"den_trn_nonroad_port_cargo_vocs","trn_nonroad_port_cargo","nonroad_machinery","port","port_cargo_handling_equipment","VOCs","TJ fuel consumed","kg VOCs/TJ fuel consumed","TJ fuel","false","","controlled","true","true","true","Registry entry defines a legal activity-EF join; factor values are intentionally deferred. Technology and control weights must be applied where flagged."
"den_trn_nonroad_port_cargo_co","trn_nonroad_port_cargo","nonroad_machinery","port","port_cargo_handling_equipment","CO","TJ fuel consumed","kg CO/TJ fuel consumed","TJ fuel","false","","controlled","true","true","true","Registry entry defines a legal activity-EF join; factor values are intentionally deferred. Technology and control weights must be applied where flagged."
"den_trn_nonroad_port_cargo_bc","trn_nonroad_port_cargo","nonroad_machinery","port","port_cargo_handling_equipment","BC","TJ fuel consumed","kg BC/TJ fuel consumed","TJ fuel","false","","controlled","true","true","true","Registry entry defines a legal activity-EF join; factor values are intentionally deferred. Technology and control weights must be applied where flagged."
"den_bld_residential_space_heat_nox","bld_residential_space_heat","residential","space_heating","direct_combustion","NOx","TJ fuel consumed","kg NOx/TJ fuel consumed","TJ fuel","false","","both","true","true","true","Registry entry defines a legal activity-EF join; factor values are intentionally deferred. Technology and control weights must be applied where flagged."
"den_bld_residential_space_heat_sox","bld_residential_space_heat","residential","space_heating","direct_combustion","SOx","TJ fuel consumed","kg SOx/TJ fuel consumed","TJ fuel","false","","both","true","true","true","Registry entry defines a legal activity-EF join; factor values are intentionally deferred. Technology and control weights must be applied where flagged."
"den_bld_residential_space_heat_pm25","bld_residential_space_heat","residential","space_heating","direct_combustion","PM2.5","TJ fuel consumed","kg PM2.5/TJ fuel consumed","TJ fuel","false","","both","true","true","true","Registry entry defines a legal activity-EF join; factor values are intentionally deferred. Technology and control weights must be applied where flagged."
"den_bld_residential_space_heat_pm10","bld_residential_space_heat","residential","space_heating","direct_combustion","PM10","TJ fuel consumed","kg PM10/TJ fuel consumed","TJ fuel","false","","both","true","true","true","Registry entry defines a legal activity-EF join; factor values are intentionally deferred. Technology and control weights must be applied where flagged."
"den_bld_residential_space_heat_tsp","bld_residential_space_heat","residential","space_heating","direct_combustion","TSP","TJ fuel consumed","kg TSP/TJ fuel consumed","TJ fuel","false","","both","true","true","true","Registry entry defines a legal activity-EF join; factor values are intentionally deferred. Technology and control weights must be applied where flagged."
"den_bld_residential_space_heat_vocs","bld_residential_space_heat","residential","space_heating","direct_combustion","VOCs","TJ fuel consumed","kg VOCs/TJ fuel consumed","TJ fuel","false","","both","true","true","true","Registry entry defines a legal activity-EF join; factor values are intentionally deferred. Technology and control weights must be applied where flagged."
"den_bld_residential_space_heat_nh3","bld_residential_space_heat","residential","space_heating","direct_combustion","NH3","TJ fuel consumed","kg NH3/TJ fuel consumed","TJ fuel","false","","both","true","true","true","Registry entry defines a legal activity-EF join; factor values are intentionally deferred. Technology and control weights must be applied where flagged."
"den_bld_residential_space_heat_co","bld_residential_space_heat","residential","space_heating","direct_combustion","CO","TJ fuel consumed","kg CO/TJ fuel consumed","TJ fuel","false","","both","true","true","true","Registry entry defines a legal activity-EF join; factor values are intentionally deferred. Technology and control weights must be applied where flagged."
"den_bld_residential_space_heat_bc","bld_residential_space_heat","residential","space_heating","direct_combustion","BC","TJ fuel consumed","kg BC/TJ fuel consumed","TJ fuel","false","","both","true","true","true","Registry entry defines a legal activity-EF join; factor values are intentionally deferred. Technology and control weights must be applied where flagged."
"den_bld_residential_water_heat_nox","bld_residential_water_heat","residential","water_heating","direct_combustion","NOx","TJ fuel consumed","kg NOx/TJ fuel consumed","TJ fuel","false","","both","true","true","true","Registry entry defines a legal activity-EF join; factor values are intentionally deferred. Technology and control weights must be applied where flagged."
"den_bld_residential_water_heat_sox","bld_residential_water_heat","residential","water_heating","direct_combustion","SOx","TJ fuel consumed","kg SOx/TJ fuel consumed","TJ fuel","false","","both","true","true","true","Registry entry defines a legal activity-EF join; factor values are intentionally deferred. Technology and control weights must be applied where flagged."
"den_bld_residential_water_heat_pm25","bld_residential_water_heat","residential","water_heating","direct_combustion","PM2.5","TJ fuel consumed","kg PM2.5/TJ fuel consumed","TJ fuel","false","","both","true","true","true","Registry entry defines a legal activity-EF join; factor values are intentionally deferred. Technology and control weights must be applied where flagged."
"den_bld_residential_water_heat_pm10","bld_residential_water_heat","residential","water_heating","direct_combustion","PM10","TJ fuel consumed","kg PM10/TJ fuel consumed","TJ fuel","false","","both","true","true","true","Registry entry defines a legal activity-EF join; factor values are intentionally deferred. Technology and control weights must be applied where flagged."
"den_bld_residential_water_heat_tsp","bld_residential_water_heat","residential","water_heating","direct_combustion","TSP","TJ fuel consumed","kg TSP/TJ fuel consumed","TJ fuel","false","","both","true","true","true","Registry entry defines a legal activity-EF join; factor values are intentionally deferred. Technology and control weights must be applied where flagged."
"den_bld_residential_water_heat_vocs","bld_residential_water_heat","residential","water_heating","direct_combustion","VOCs","TJ fuel consumed","kg VOCs/TJ fuel consumed","TJ fuel","false","","both","true","true","true","Registry entry defines a legal activity-EF join; factor values are intentionally deferred. Technology and control weights must be applied where flagged."
"den_bld_residential_water_heat_nh3","bld_residential_water_heat","residential","water_heating","direct_combustion","NH3","TJ fuel consumed","kg NH3/TJ fuel consumed","TJ fuel","false","","both","true","true","true","Registry entry defines a legal activity-EF join; factor values are intentionally deferred. Technology and control weights must be applied where flagged."
"den_bld_residential_water_heat_co","bld_residential_water_heat","residential","water_heating","direct_combustion","CO","TJ fuel consumed","kg CO/TJ fuel consumed","TJ fuel","false","","both","true","true","true","Registry entry defines a legal activity-EF join; factor values are intentionally deferred. Technology and control weights must be applied where flagged."
"den_bld_residential_water_heat_bc","bld_residential_water_heat","residential","water_heating","direct_combustion","BC","TJ fuel consumed","kg BC/TJ fuel consumed","TJ fuel","false","","both","true","true","true","Registry entry defines a legal activity-EF join; factor values are intentionally deferred. Technology and control weights must be applied where flagged."
"den_bld_residential_cooking_nox","bld_residential_cooking","residential","cooking","cooking_combustion","NOx","TJ fuel consumed","kg NOx/TJ fuel consumed","TJ fuel","false","","both","true","true","true","Registry entry defines a legal activity-EF join; factor values are intentionally deferred. Technology and control weights must be applied where flagged."
"den_bld_residential_cooking_sox","bld_residential_cooking","residential","cooking","cooking_combustion","SOx","TJ fuel consumed","kg SOx/TJ fuel consumed","TJ fuel","false","","both","true","true","true","Registry entry defines a legal activity-EF join; factor values are intentionally deferred. Technology and control weights must be applied where flagged."
"den_bld_residential_cooking_pm25","bld_residential_cooking","residential","cooking","cooking_combustion","PM2.5","TJ fuel consumed","kg PM2.5/TJ fuel consumed","TJ fuel","false","","both","true","true","true","Registry entry defines a legal activity-EF join; factor values are intentionally deferred. Technology and control weights must be applied where flagged."
"den_bld_residential_cooking_pm10","bld_residential_cooking","residential","cooking","cooking_combustion","PM10","TJ fuel consumed","kg PM10/TJ fuel consumed","TJ fuel","false","","both","true","true","true","Registry entry defines a legal activity-EF join; factor values are intentionally deferred. Technology and control weights must be applied where flagged."
"den_bld_residential_cooking_tsp","bld_residential_cooking","residential","cooking","cooking_combustion","TSP","TJ fuel consumed","kg TSP/TJ fuel consumed","TJ fuel","false","","both","true","true","true","Registry entry defines a legal activity-EF join; factor values are intentionally deferred. Technology and control weights must be applied where flagged."
"den_bld_residential_cooking_vocs","bld_residential_cooking","residential","cooking","cooking_combustion","VOCs","TJ fuel consumed","kg VOCs/TJ fuel consumed","TJ fuel","false","","both","true","true","true","Registry entry defines a legal activity-EF join; factor values are intentionally deferred. Technology and control weights must be applied where flagged."
"den_bld_residential_cooking_nh3","bld_residential_cooking","residential","cooking","cooking_combustion","NH3","TJ fuel consumed","kg NH3/TJ fuel consumed","TJ fuel","false","","both","true","true","true","Registry entry defines a legal activity-EF join; factor values are intentionally deferred. Technology and control weights must be applied where flagged."
"den_bld_residential_cooking_co","bld_residential_cooking","residential","cooking","cooking_combustion","CO","TJ fuel consumed","kg CO/TJ fuel consumed","TJ fuel","false","","both","true","true","true","Registry entry defines a legal activity-EF join; factor values are intentionally deferred. Technology and control weights must be applied where flagged."
"den_bld_residential_cooking_bc","bld_residential_cooking","residential","cooking","cooking_combustion","BC","TJ fuel consumed","kg BC/TJ fuel consumed","TJ fuel","false","","both","true","true","true","Registry entry defines a legal activity-EF join; factor values are intentionally deferred. Technology and control weights must be applied where flagged."
"den_bld_commercial_space_heat_nox","bld_commercial_space_heat","commercial","space_heating","direct_combustion","NOx","TJ fuel consumed","kg NOx/TJ fuel consumed","TJ fuel","false","","both","true","true","true","Registry entry defines a legal activity-EF join; factor values are intentionally deferred. Technology and control weights must be applied where flagged."
"den_bld_commercial_space_heat_sox","bld_commercial_space_heat","commercial","space_heating","direct_combustion","SOx","TJ fuel consumed","kg SOx/TJ fuel consumed","TJ fuel","false","","both","true","true","true","Registry entry defines a legal activity-EF join; factor values are intentionally deferred. Technology and control weights must be applied where flagged."
"den_bld_commercial_space_heat_pm25","bld_commercial_space_heat","commercial","space_heating","direct_combustion","PM2.5","TJ fuel consumed","kg PM2.5/TJ fuel consumed","TJ fuel","false","","both","true","true","true","Registry entry defines a legal activity-EF join; factor values are intentionally deferred. Technology and control weights must be applied where flagged."
"den_bld_commercial_space_heat_pm10","bld_commercial_space_heat","commercial","space_heating","direct_combustion","PM10","TJ fuel consumed","kg PM10/TJ fuel consumed","TJ fuel","false","","both","true","true","true","Registry entry defines a legal activity-EF join; factor values are intentionally deferred. Technology and control weights must be applied where flagged."
"den_bld_commercial_space_heat_tsp","bld_commercial_space_heat","commercial","space_heating","direct_combustion","TSP","TJ fuel consumed","kg TSP/TJ fuel consumed","TJ fuel","false","","both","true","true","true","Registry entry defines a legal activity-EF join; factor values are intentionally deferred. Technology and control weights must be applied where flagged."
"den_bld_commercial_space_heat_vocs","bld_commercial_space_heat","commercial","space_heating","direct_combustion","VOCs","TJ fuel consumed","kg VOCs/TJ fuel consumed","TJ fuel","false","","both","true","true","true","Registry entry defines a legal activity-EF join; factor values are intentionally deferred. Technology and control weights must be applied where flagged."
"den_bld_commercial_space_heat_nh3","bld_commercial_space_heat","commercial","space_heating","direct_combustion","NH3","TJ fuel consumed","kg NH3/TJ fuel consumed","TJ fuel","false","","both","true","true","true","Registry entry defines a legal activity-EF join; factor values are intentionally deferred. Technology and control weights must be applied where flagged."
"den_bld_commercial_space_heat_co","bld_commercial_space_heat","commercial","space_heating","direct_combustion","CO","TJ fuel consumed","kg CO/TJ fuel consumed","TJ fuel","false","","both","true","true","true","Registry entry defines a legal activity-EF join; factor values are intentionally deferred. Technology and control weights must be applied where flagged."
"den_bld_commercial_space_heat_bc","bld_commercial_space_heat","commercial","space_heating","direct_combustion","BC","TJ fuel consumed","kg BC/TJ fuel consumed","TJ fuel","false","","both","true","true","true","Registry entry defines a legal activity-EF join; factor values are intentionally deferred. Technology and control weights must be applied where flagged."
"den_bld_commercial_water_heat_nox","bld_commercial_water_heat","commercial","water_heating","direct_combustion","NOx","TJ fuel consumed","kg NOx/TJ fuel consumed","TJ fuel","false","","both","true","true","true","Registry entry defines a legal activity-EF join; factor values are intentionally deferred. Technology and control weights must be applied where flagged."
"den_bld_commercial_water_heat_sox","bld_commercial_water_heat","commercial","water_heating","direct_combustion","SOx","TJ fuel consumed","kg SOx/TJ fuel consumed","TJ fuel","false","","both","true","true","true","Registry entry defines a legal activity-EF join; factor values are intentionally deferred. Technology and control weights must be applied where flagged."
"den_bld_commercial_water_heat_pm25","bld_commercial_water_heat","commercial","water_heating","direct_combustion","PM2.5","TJ fuel consumed","kg PM2.5/TJ fuel consumed","TJ fuel","false","","both","true","true","true","Registry entry defines a legal activity-EF join; factor values are intentionally deferred. Technology and control weights must be applied where flagged."
"den_bld_commercial_water_heat_pm10","bld_commercial_water_heat","commercial","water_heating","direct_combustion","PM10","TJ fuel consumed","kg PM10/TJ fuel consumed","TJ fuel","false","","both","true","true","true","Registry entry defines a legal activity-EF join; factor values are intentionally deferred. Technology and control weights must be applied where flagged."
"den_bld_commercial_water_heat_tsp","bld_commercial_water_heat","commercial","water_heating","direct_combustion","TSP","TJ fuel consumed","kg TSP/TJ fuel consumed","TJ fuel","false","","both","true","true","true","Registry entry defines a legal activity-EF join; factor values are intentionally deferred. Technology and control weights must be applied where flagged."
"den_bld_commercial_water_heat_vocs","bld_commercial_water_heat","commercial","water_heating","direct_combustion","VOCs","TJ fuel consumed","kg VOCs/TJ fuel consumed","TJ fuel","false","","both","true","true","true","Registry entry defines a legal activity-EF join; factor values are intentionally deferred. Technology and control weights must be applied where flagged."
"den_bld_commercial_water_heat_nh3","bld_commercial_water_heat","commercial","water_heating","direct_combustion","NH3","TJ fuel consumed","kg NH3/TJ fuel consumed","TJ fuel","false","","both","true","true","true","Registry entry defines a legal activity-EF join; factor values are intentionally deferred. Technology and control weights must be applied where flagged."
"den_bld_commercial_water_heat_co","bld_commercial_water_heat","commercial","water_heating","direct_combustion","CO","TJ fuel consumed","kg CO/TJ fuel consumed","TJ fuel","false","","both","true","true","true","Registry entry defines a legal activity-EF join; factor values are intentionally deferred. Technology and control weights must be applied where flagged."
"den_bld_commercial_water_heat_bc","bld_commercial_water_heat","commercial","water_heating","direct_combustion","BC","TJ fuel consumed","kg BC/TJ fuel consumed","TJ fuel","false","","both","true","true","true","Registry entry defines a legal activity-EF join; factor values are intentionally deferred. Technology and control weights must be applied where flagged."
"den_bld_commercial_cooking_nox","bld_commercial_cooking","commercial","cooking","cooking_combustion","NOx","TJ fuel consumed","kg NOx/TJ fuel consumed","TJ fuel","false","","both","true","true","true","Registry entry defines a legal activity-EF join; factor values are intentionally deferred. Technology and control weights must be applied where flagged."
"den_bld_commercial_cooking_sox","bld_commercial_cooking","commercial","cooking","cooking_combustion","SOx","TJ fuel consumed","kg SOx/TJ fuel consumed","TJ fuel","false","","both","true","true","true","Registry entry defines a legal activity-EF join; factor values are intentionally deferred. Technology and control weights must be applied where flagged."
"den_bld_commercial_cooking_pm25","bld_commercial_cooking","commercial","cooking","cooking_combustion","PM2.5","TJ fuel consumed","kg PM2.5/TJ fuel consumed","TJ fuel","false","","both","true","true","true","Registry entry defines a legal activity-EF join; factor values are intentionally deferred. Technology and control weights must be applied where flagged."
"den_bld_commercial_cooking_pm10","bld_commercial_cooking","commercial","cooking","cooking_combustion","PM10","TJ fuel consumed","kg PM10/TJ fuel consumed","TJ fuel","false","","both","true","true","true","Registry entry defines a legal activity-EF join; factor values are intentionally deferred. Technology and control weights must be applied where flagged."
"den_bld_commercial_cooking_tsp","bld_commercial_cooking","commercial","cooking","cooking_combustion","TSP","TJ fuel consumed","kg TSP/TJ fuel consumed","TJ fuel","false","","both","true","true","true","Registry entry defines a legal activity-EF join; factor values are intentionally deferred. Technology and control weights must be applied where flagged."
"den_bld_commercial_cooking_vocs","bld_commercial_cooking","commercial","cooking","cooking_combustion","VOCs","TJ fuel consumed","kg VOCs/TJ fuel consumed","TJ fuel","false","","both","true","true","true","Registry entry defines a legal activity-EF join; factor values are intentionally deferred. Technology and control weights must be applied where flagged."
"den_bld_commercial_cooking_nh3","bld_commercial_cooking","commercial","cooking","cooking_combustion","NH3","TJ fuel consumed","kg NH3/TJ fuel consumed","TJ fuel","false","","both","true","true","true","Registry entry defines a legal activity-EF join; factor values are intentionally deferred. Technology and control weights must be applied where flagged."
"den_bld_commercial_cooking_co","bld_commercial_cooking","commercial","cooking","cooking_combustion","CO","TJ fuel consumed","kg CO/TJ fuel consumed","TJ fuel","false","","both","true","true","true","Registry entry defines a legal activity-EF join; factor values are intentionally deferred. Technology and control weights must be applied where flagged."
"den_bld_commercial_cooking_bc","bld_commercial_cooking","commercial","cooking","cooking_combustion","BC","TJ fuel consumed","kg BC/TJ fuel consumed","TJ fuel","false","","both","true","true","true","Registry entry defines a legal activity-EF join; factor values are intentionally deferred. Technology and control weights must be applied where flagged."
"den_bld_public_space_heat_nox","bld_public_space_heat","public","space_heating","direct_combustion","NOx","TJ fuel consumed","kg NOx/TJ fuel consumed","TJ fuel","false","","both","true","true","true","Registry entry defines a legal activity-EF join; factor values are intentionally deferred. Technology and control weights must be applied where flagged."
"den_bld_public_space_heat_sox","bld_public_space_heat","public","space_heating","direct_combustion","SOx","TJ fuel consumed","kg SOx/TJ fuel consumed","TJ fuel","false","","both","true","true","true","Registry entry defines a legal activity-EF join; factor values are intentionally deferred. Technology and control weights must be applied where flagged."
"den_bld_public_space_heat_pm25","bld_public_space_heat","public","space_heating","direct_combustion","PM2.5","TJ fuel consumed","kg PM2.5/TJ fuel consumed","TJ fuel","false","","both","true","true","true","Registry entry defines a legal activity-EF join; factor values are intentionally deferred. Technology and control weights must be applied where flagged."
"den_bld_public_space_heat_pm10","bld_public_space_heat","public","space_heating","direct_combustion","PM10","TJ fuel consumed","kg PM10/TJ fuel consumed","TJ fuel","false","","both","true","true","true","Registry entry defines a legal activity-EF join; factor values are intentionally deferred. Technology and control weights must be applied where flagged."
"den_bld_public_space_heat_tsp","bld_public_space_heat","public","space_heating","direct_combustion","TSP","TJ fuel consumed","kg TSP/TJ fuel consumed","TJ fuel","false","","both","true","true","true","Registry entry defines a legal activity-EF join; factor values are intentionally deferred. Technology and control weights must be applied where flagged."
"den_bld_public_space_heat_vocs","bld_public_space_heat","public","space_heating","direct_combustion","VOCs","TJ fuel consumed","kg VOCs/TJ fuel consumed","TJ fuel","false","","both","true","true","true","Registry entry defines a legal activity-EF join; factor values are intentionally deferred. Technology and control weights must be applied where flagged."
"den_bld_public_space_heat_nh3","bld_public_space_heat","public","space_heating","direct_combustion","NH3","TJ fuel consumed","kg NH3/TJ fuel consumed","TJ fuel","false","","both","true","true","true","Registry entry defines a legal activity-EF join; factor values are intentionally deferred. Technology and control weights must be applied where flagged."
"den_bld_public_space_heat_co","bld_public_space_heat","public","space_heating","direct_combustion","CO","TJ fuel consumed","kg CO/TJ fuel consumed","TJ fuel","false","","both","true","true","true","Registry entry defines a legal activity-EF join; factor values are intentionally deferred. Technology and control weights must be applied where flagged."
"den_bld_public_space_heat_bc","bld_public_space_heat","public","space_heating","direct_combustion","BC","TJ fuel consumed","kg BC/TJ fuel consumed","TJ fuel","false","","both","true","true","true","Registry entry defines a legal activity-EF join; factor values are intentionally deferred. Technology and control weights must be applied where flagged."
"den_bld_public_water_heat_nox","bld_public_water_heat","public","water_heating","direct_combustion","NOx","TJ fuel consumed","kg NOx/TJ fuel consumed","TJ fuel","false","","both","true","true","true","Registry entry defines a legal activity-EF join; factor values are intentionally deferred. Technology and control weights must be applied where flagged."
"den_bld_public_water_heat_sox","bld_public_water_heat","public","water_heating","direct_combustion","SOx","TJ fuel consumed","kg SOx/TJ fuel consumed","TJ fuel","false","","both","true","true","true","Registry entry defines a legal activity-EF join; factor values are intentionally deferred. Technology and control weights must be applied where flagged."
"den_bld_public_water_heat_pm25","bld_public_water_heat","public","water_heating","direct_combustion","PM2.5","TJ fuel consumed","kg PM2.5/TJ fuel consumed","TJ fuel","false","","both","true","true","true","Registry entry defines a legal activity-EF join; factor values are intentionally deferred. Technology and control weights must be applied where flagged."
"den_bld_public_water_heat_pm10","bld_public_water_heat","public","water_heating","direct_combustion","PM10","TJ fuel consumed","kg PM10/TJ fuel consumed","TJ fuel","false","","both","true","true","true","Registry entry defines a legal activity-EF join; factor values are intentionally deferred. Technology and control weights must be applied where flagged."
"den_bld_public_water_heat_tsp","bld_public_water_heat","public","water_heating","direct_combustion","TSP","TJ fuel consumed","kg TSP/TJ fuel consumed","TJ fuel","false","","both","true","true","true","Registry entry defines a legal activity-EF join; factor values are intentionally deferred. Technology and control weights must be applied where flagged."
"den_bld_public_water_heat_vocs","bld_public_water_heat","public","water_heating","direct_combustion","VOCs","TJ fuel consumed","kg VOCs/TJ fuel consumed","TJ fuel","false","","both","true","true","true","Registry entry defines a legal activity-EF join; factor values are intentionally deferred. Technology and control weights must be applied where flagged."
"den_bld_public_water_heat_nh3","bld_public_water_heat","public","water_heating","direct_combustion","NH3","TJ fuel consumed","kg NH3/TJ fuel consumed","TJ fuel","false","","both","true","true","true","Registry entry defines a legal activity-EF join; factor values are intentionally deferred. Technology and control weights must be applied where flagged."
"den_bld_public_water_heat_co","bld_public_water_heat","public","water_heating","direct_combustion","CO","TJ fuel consumed","kg CO/TJ fuel consumed","TJ fuel","false","","both","true","true","true","Registry entry defines a legal activity-EF join; factor values are intentionally deferred. Technology and control weights must be applied where flagged."
"den_bld_public_water_heat_bc","bld_public_water_heat","public","water_heating","direct_combustion","BC","TJ fuel consumed","kg BC/TJ fuel consumed","TJ fuel","false","","both","true","true","true","Registry entry defines a legal activity-EF join; factor values are intentionally deferred. Technology and control weights must be applied where flagged."
"den_agr_livestock_cattle_pm25","agr_livestock_cattle","livestock","cattle","cattle","PM2.5","animal-year","kg PM2.5/animal-year","animal-year","false","","uncontrolled","true","true","false","Registry entry defines a legal activity-EF join; factor values are intentionally deferred. Housing, manure stage, animal class, and control shares create the annual effective factor."
"den_agr_livestock_cattle_pm10","agr_livestock_cattle","livestock","cattle","cattle","PM10","animal-year","kg PM10/animal-year","animal-year","false","","uncontrolled","true","true","false","Registry entry defines a legal activity-EF join; factor values are intentionally deferred. Housing, manure stage, animal class, and control shares create the annual effective factor."
"den_agr_livestock_cattle_tsp","agr_livestock_cattle","livestock","cattle","cattle","TSP","animal-year","kg TSP/animal-year","animal-year","false","","uncontrolled","true","true","false","Registry entry defines a legal activity-EF join; factor values are intentionally deferred. Housing, manure stage, animal class, and control shares create the annual effective factor."
"den_agr_livestock_cattle_nh3","agr_livestock_cattle","livestock","cattle","cattle","NH3","animal-year","kg NH3/animal-year","animal-year","false","","uncontrolled","true","true","false","Registry entry defines a legal activity-EF join; factor values are intentionally deferred. Housing, manure stage, animal class, and control shares create the annual effective factor."
"den_agr_livestock_dairy_pm25","agr_livestock_dairy","livestock","dairy_cattle","dairy_cattle","PM2.5","animal-year","kg PM2.5/animal-year","animal-year","false","","uncontrolled","true","true","false","Registry entry defines a legal activity-EF join; factor values are intentionally deferred. Housing, manure stage, animal class, and control shares create the annual effective factor."
"den_agr_livestock_dairy_pm10","agr_livestock_dairy","livestock","dairy_cattle","dairy_cattle","PM10","animal-year","kg PM10/animal-year","animal-year","false","","uncontrolled","true","true","false","Registry entry defines a legal activity-EF join; factor values are intentionally deferred. Housing, manure stage, animal class, and control shares create the annual effective factor."
"den_agr_livestock_dairy_tsp","agr_livestock_dairy","livestock","dairy_cattle","dairy_cattle","TSP","animal-year","kg TSP/animal-year","animal-year","false","","uncontrolled","true","true","false","Registry entry defines a legal activity-EF join; factor values are intentionally deferred. Housing, manure stage, animal class, and control shares create the annual effective factor."
"den_agr_livestock_dairy_nh3","agr_livestock_dairy","livestock","dairy_cattle","dairy_cattle","NH3","animal-year","kg NH3/animal-year","animal-year","false","","uncontrolled","true","true","false","Registry entry defines a legal activity-EF join; factor values are intentionally deferred. Housing, manure stage, animal class, and control shares create the annual effective factor."
"den_agr_livestock_swine_pm25","agr_livestock_swine","livestock","swine","swine","PM2.5","animal-year","kg PM2.5/animal-year","animal-year","false","","uncontrolled","true","true","false","Registry entry defines a legal activity-EF join; factor values are intentionally deferred. Housing, manure stage, animal class, and control shares create the annual effective factor."
"den_agr_livestock_swine_pm10","agr_livestock_swine","livestock","swine","swine","PM10","animal-year","kg PM10/animal-year","animal-year","false","","uncontrolled","true","true","false","Registry entry defines a legal activity-EF join; factor values are intentionally deferred. Housing, manure stage, animal class, and control shares create the annual effective factor."
"den_agr_livestock_swine_tsp","agr_livestock_swine","livestock","swine","swine","TSP","animal-year","kg TSP/animal-year","animal-year","false","","uncontrolled","true","true","false","Registry entry defines a legal activity-EF join; factor values are intentionally deferred. Housing, manure stage, animal class, and control shares create the annual effective factor."
"den_agr_livestock_swine_nh3","agr_livestock_swine","livestock","swine","swine","NH3","animal-year","kg NH3/animal-year","animal-year","false","","uncontrolled","true","true","false","Registry entry defines a legal activity-EF join; factor values are intentionally deferred. Housing, manure stage, animal class, and control shares create the annual effective factor."
"den_agr_livestock_poultry_pm25","agr_livestock_poultry","livestock","poultry","poultry","PM2.5","animal-year","kg PM2.5/animal-year","animal-year","false","","uncontrolled","true","true","false","Registry entry defines a legal activity-EF join; factor values are intentionally deferred. Housing, manure stage, animal class, and control shares create the annual effective factor."
"den_agr_livestock_poultry_pm10","agr_livestock_poultry","livestock","poultry","poultry","PM10","animal-year","kg PM10/animal-year","animal-year","false","","uncontrolled","true","true","false","Registry entry defines a legal activity-EF join; factor values are intentionally deferred. Housing, manure stage, animal class, and control shares create the annual effective factor."
"den_agr_livestock_poultry_tsp","agr_livestock_poultry","livestock","poultry","poultry","TSP","animal-year","kg TSP/animal-year","animal-year","false","","uncontrolled","true","true","false","Registry entry defines a legal activity-EF join; factor values are intentionally deferred. Housing, manure stage, animal class, and control shares create the annual effective factor."
"den_agr_livestock_poultry_nh3","agr_livestock_poultry","livestock","poultry","poultry","NH3","animal-year","kg NH3/animal-year","animal-year","false","","uncontrolled","true","true","false","Registry entry defines a legal activity-EF join; factor values are intentionally deferred. Housing, manure stage, animal class, and control shares create the annual effective factor."
"den_agr_livestock_other_pm25","agr_livestock_other","livestock","other","other_livestock","PM2.5","animal-year","kg PM2.5/animal-year","animal-year","false","","uncontrolled","true","true","false","Registry entry defines a legal activity-EF join; factor values are intentionally deferred. Housing, manure stage, animal class, and control shares create the annual effective factor."
"den_agr_livestock_other_pm10","agr_livestock_other","livestock","other","other_livestock","PM10","animal-year","kg PM10/animal-year","animal-year","false","","uncontrolled","true","true","false","Registry entry defines a legal activity-EF join; factor values are intentionally deferred. Housing, manure stage, animal class, and control shares create the annual effective factor."
"den_agr_livestock_other_tsp","agr_livestock_other","livestock","other","other_livestock","TSP","animal-year","kg TSP/animal-year","animal-year","false","","uncontrolled","true","true","false","Registry entry defines a legal activity-EF join; factor values are intentionally deferred. Housing, manure stage, animal class, and control shares create the annual effective factor."
"den_agr_livestock_other_nh3","agr_livestock_other","livestock","other","other_livestock","NH3","animal-year","kg NH3/animal-year","animal-year","false","","uncontrolled","true","true","false","Registry entry defines a legal activity-EF join; factor values are intentionally deferred. Housing, manure stage, animal class, and control shares create the annual effective factor."
"den_agr_fertilizer_nh3","agr_fertilizer","cropland","fertilizer","fertilizer_application","NH3","kg nitrogen applied","kg NH3/kg nitrogen applied","kg nitrogen applied","false","","uncontrolled","true","true","false","Registry entry defines a legal activity-EF join; factor values are intentionally deferred. Fertilizer, crop, soil, weather, and application shares create the annual effective factor."
"den_agr_crop_residue_burning_nox","agr_crop_residue_burning","cropland","residue_burning","open_burning","NOx","tonne dry matter burned","kg NOx/tonne dry matter burned","tonne dry matter burned","false","","both","true","true","true","Registry entry defines a legal activity-EF join; factor values are intentionally deferred. Technology and control weights must be applied where flagged."
"den_agr_crop_residue_burning_sox","agr_crop_residue_burning","cropland","residue_burning","open_burning","SOx","tonne dry matter burned","kg SOx/tonne dry matter burned","tonne dry matter burned","false","","both","true","true","true","Registry entry defines a legal activity-EF join; factor values are intentionally deferred. Technology and control weights must be applied where flagged."
"den_agr_crop_residue_burning_pm25","agr_crop_residue_burning","cropland","residue_burning","open_burning","PM2.5","tonne dry matter burned","kg PM2.5/tonne dry matter burned","tonne dry matter burned","false","","both","true","true","true","Registry entry defines a legal activity-EF join; factor values are intentionally deferred. Technology and control weights must be applied where flagged."
"den_agr_crop_residue_burning_pm10","agr_crop_residue_burning","cropland","residue_burning","open_burning","PM10","tonne dry matter burned","kg PM10/tonne dry matter burned","tonne dry matter burned","false","","both","true","true","true","Registry entry defines a legal activity-EF join; factor values are intentionally deferred. Technology and control weights must be applied where flagged."
"den_agr_crop_residue_burning_tsp","agr_crop_residue_burning","cropland","residue_burning","open_burning","TSP","tonne dry matter burned","kg TSP/tonne dry matter burned","tonne dry matter burned","false","","both","true","true","true","Registry entry defines a legal activity-EF join; factor values are intentionally deferred. Technology and control weights must be applied where flagged."
"den_agr_crop_residue_burning_vocs","agr_crop_residue_burning","cropland","residue_burning","open_burning","VOCs","tonne dry matter burned","kg VOCs/tonne dry matter burned","tonne dry matter burned","false","","both","true","true","true","Registry entry defines a legal activity-EF join; factor values are intentionally deferred. Technology and control weights must be applied where flagged."
"den_agr_crop_residue_burning_nh3","agr_crop_residue_burning","cropland","residue_burning","open_burning","NH3","tonne dry matter burned","kg NH3/tonne dry matter burned","tonne dry matter burned","false","","both","true","true","true","Registry entry defines a legal activity-EF join; factor values are intentionally deferred. Technology and control weights must be applied where flagged."
"den_agr_crop_residue_burning_co","agr_crop_residue_burning","cropland","residue_burning","open_burning","CO","tonne dry matter burned","kg CO/tonne dry matter burned","tonne dry matter burned","false","","both","true","true","true","Registry entry defines a legal activity-EF join; factor values are intentionally deferred. Technology and control weights must be applied where flagged."
"den_agr_crop_residue_burning_bc","agr_crop_residue_burning","cropland","residue_burning","open_burning","BC","tonne dry matter burned","kg BC/tonne dry matter burned","tonne dry matter burned","false","","both","true","true","true","Registry entry defines a legal activity-EF join; factor values are intentionally deferred. Technology and control weights must be applied where flagged."
"den_agr_machinery_nox","agr_machinery","machinery","agriculture","agricultural_machinery","NOx","litre fuel","g NOx/litre fuel","litre fuel","false","","controlled","true","true","true","Registry entry defines a legal activity-EF join; factor values are intentionally deferred. Technology and control weights must be applied where flagged."
"den_agr_machinery_sox","agr_machinery","machinery","agriculture","agricultural_machinery","SOx","litre fuel","g SOx/litre fuel","litre fuel","false","","controlled","true","true","true","Registry entry defines a legal activity-EF join; factor values are intentionally deferred. Technology and control weights must be applied where flagged."
"den_agr_machinery_pm25","agr_machinery","machinery","agriculture","agricultural_machinery","PM2.5","litre fuel","g PM2.5/litre fuel","litre fuel","false","","controlled","true","true","true","Registry entry defines a legal activity-EF join; factor values are intentionally deferred. Technology and control weights must be applied where flagged."
"den_agr_machinery_pm10","agr_machinery","machinery","agriculture","agricultural_machinery","PM10","litre fuel","g PM10/litre fuel","litre fuel","false","","controlled","true","true","true","Registry entry defines a legal activity-EF join; factor values are intentionally deferred. Technology and control weights must be applied where flagged."
"den_agr_machinery_tsp","agr_machinery","machinery","agriculture","agricultural_machinery","TSP","litre fuel","g TSP/litre fuel","litre fuel","false","","controlled","true","true","true","Registry entry defines a legal activity-EF join; factor values are intentionally deferred. Technology and control weights must be applied where flagged."
"den_agr_machinery_vocs","agr_machinery","machinery","agriculture","agricultural_machinery","VOCs","litre fuel","g VOCs/litre fuel","litre fuel","false","","controlled","true","true","true","Registry entry defines a legal activity-EF join; factor values are intentionally deferred. Technology and control weights must be applied where flagged."
"den_agr_machinery_nh3","agr_machinery","machinery","agriculture","agricultural_machinery","NH3","litre fuel","g NH3/litre fuel","litre fuel","false","","controlled","true","true","true","Registry entry defines a legal activity-EF join; factor values are intentionally deferred. Technology and control weights must be applied where flagged."
"den_agr_machinery_co","agr_machinery","machinery","agriculture","agricultural_machinery","CO","litre fuel","g CO/litre fuel","litre fuel","false","","controlled","true","true","true","Registry entry defines a legal activity-EF join; factor values are intentionally deferred. Technology and control weights must be applied where flagged."
"den_agr_machinery_bc","agr_machinery","machinery","agriculture","agricultural_machinery","BC","litre fuel","g BC/litre fuel","litre fuel","false","","controlled","true","true","true","Registry entry defines a legal activity-EF join; factor values are intentionally deferred. Technology and control weights must be applied where flagged."
"den_agr_forestry_machinery_nox","agr_forestry_machinery","machinery","forestry","forestry_machinery","NOx","litre fuel","g NOx/litre fuel","litre fuel","false","","controlled","true","true","true","Registry entry defines a legal activity-EF join; factor values are intentionally deferred. Technology and control weights must be applied where flagged."
"den_agr_forestry_machinery_sox","agr_forestry_machinery","machinery","forestry","forestry_machinery","SOx","litre fuel","g SOx/litre fuel","litre fuel","false","","controlled","true","true","true","Registry entry defines a legal activity-EF join; factor values are intentionally deferred. Technology and control weights must be applied where flagged."
"den_agr_forestry_machinery_pm25","agr_forestry_machinery","machinery","forestry","forestry_machinery","PM2.5","litre fuel","g PM2.5/litre fuel","litre fuel","false","","controlled","true","true","true","Registry entry defines a legal activity-EF join; factor values are intentionally deferred. Technology and control weights must be applied where flagged."
"den_agr_forestry_machinery_pm10","agr_forestry_machinery","machinery","forestry","forestry_machinery","PM10","litre fuel","g PM10/litre fuel","litre fuel","false","","controlled","true","true","true","Registry entry defines a legal activity-EF join; factor values are intentionally deferred. Technology and control weights must be applied where flagged."
"den_agr_forestry_machinery_tsp","agr_forestry_machinery","machinery","forestry","forestry_machinery","TSP","litre fuel","g TSP/litre fuel","litre fuel","false","","controlled","true","true","true","Registry entry defines a legal activity-EF join; factor values are intentionally deferred. Technology and control weights must be applied where flagged."
"den_agr_forestry_machinery_vocs","agr_forestry_machinery","machinery","forestry","forestry_machinery","VOCs","litre fuel","g VOCs/litre fuel","litre fuel","false","","controlled","true","true","true","Registry entry defines a legal activity-EF join; factor values are intentionally deferred. Technology and control weights must be applied where flagged."
"den_agr_forestry_machinery_co","agr_forestry_machinery","machinery","forestry","forestry_machinery","CO","litre fuel","g CO/litre fuel","litre fuel","false","","controlled","true","true","true","Registry entry defines a legal activity-EF join; factor values are intentionally deferred. Technology and control weights must be applied where flagged."
"den_agr_forestry_machinery_bc","agr_forestry_machinery","machinery","forestry","forestry_machinery","BC","litre fuel","g BC/litre fuel","litre fuel","false","","controlled","true","true","true","Registry entry defines a legal activity-EF join; factor values are intentionally deferred. Technology and control weights must be applied where flagged."
"den_agr_fisheries_combustion_nox","agr_fisheries_combustion","fisheries","fuel_combustion","fishing_operations","NOx","tonne marine fuel","kg NOx/tonne marine fuel","tonne marine fuel","false","","controlled","true","true","true","Registry entry defines a legal activity-EF join; factor values are intentionally deferred. Technology and control weights must be applied where flagged."
"den_agr_fisheries_combustion_sox","agr_fisheries_combustion","fisheries","fuel_combustion","fishing_operations","SOx","tonne marine fuel","kg SOx/tonne marine fuel","tonne marine fuel","false","","controlled","true","true","true","Registry entry defines a legal activity-EF join; factor values are intentionally deferred. Technology and control weights must be applied where flagged."
"den_agr_fisheries_combustion_pm25","agr_fisheries_combustion","fisheries","fuel_combustion","fishing_operations","PM2.5","tonne marine fuel","kg PM2.5/tonne marine fuel","tonne marine fuel","false","","controlled","true","true","true","Registry entry defines a legal activity-EF join; factor values are intentionally deferred. Technology and control weights must be applied where flagged."
"den_agr_fisheries_combustion_pm10","agr_fisheries_combustion","fisheries","fuel_combustion","fishing_operations","PM10","tonne marine fuel","kg PM10/tonne marine fuel","tonne marine fuel","false","","controlled","true","true","true","Registry entry defines a legal activity-EF join; factor values are intentionally deferred. Technology and control weights must be applied where flagged."
"den_agr_fisheries_combustion_tsp","agr_fisheries_combustion","fisheries","fuel_combustion","fishing_operations","TSP","tonne marine fuel","kg TSP/tonne marine fuel","tonne marine fuel","false","","controlled","true","true","true","Registry entry defines a legal activity-EF join; factor values are intentionally deferred. Technology and control weights must be applied where flagged."
"den_agr_fisheries_combustion_vocs","agr_fisheries_combustion","fisheries","fuel_combustion","fishing_operations","VOCs","tonne marine fuel","kg VOCs/tonne marine fuel","tonne marine fuel","false","","controlled","true","true","true","Registry entry defines a legal activity-EF join; factor values are intentionally deferred. Technology and control weights must be applied where flagged."
"den_agr_fisheries_combustion_nh3","agr_fisheries_combustion","fisheries","fuel_combustion","fishing_operations","NH3","tonne marine fuel","kg NH3/tonne marine fuel","tonne marine fuel","false","","controlled","true","true","true","Registry entry defines a legal activity-EF join; factor values are intentionally deferred. Technology and control weights must be applied where flagged."
"den_agr_fisheries_combustion_co","agr_fisheries_combustion","fisheries","fuel_combustion","fishing_operations","CO","tonne marine fuel","kg CO/tonne marine fuel","tonne marine fuel","false","","controlled","true","true","true","Registry entry defines a legal activity-EF join; factor values are intentionally deferred. Technology and control weights must be applied where flagged."
"den_agr_fisheries_combustion_bc","agr_fisheries_combustion","fisheries","fuel_combustion","fishing_operations","BC","tonne marine fuel","kg BC/tonne marine fuel","tonne marine fuel","false","","controlled","true","true","true","Registry entry defines a legal activity-EF join; factor values are intentionally deferred. Technology and control weights must be applied where flagged."
"den_wst_municipal_incineration_nox","wst_municipal_incineration","incineration","municipal","municipal_incinerator","NOx","tonne waste treated","kg NOx/tonne waste treated","tonne waste treated","false","","both","false","false","true","Registry entry defines a legal activity-EF join; factor values are intentionally deferred. Technology and control weights must be applied where flagged."
"den_wst_municipal_incineration_sox","wst_municipal_incineration","incineration","municipal","municipal_incinerator","SOx","tonne waste treated","kg SOx/tonne waste treated","tonne waste treated","false","","both","false","false","true","Registry entry defines a legal activity-EF join; factor values are intentionally deferred. Technology and control weights must be applied where flagged."
"den_wst_municipal_incineration_pm25","wst_municipal_incineration","incineration","municipal","municipal_incinerator","PM2.5","tonne waste treated","kg PM2.5/tonne waste treated","tonne waste treated","false","","both","false","false","true","Registry entry defines a legal activity-EF join; factor values are intentionally deferred. Technology and control weights must be applied where flagged."
"den_wst_municipal_incineration_pm10","wst_municipal_incineration","incineration","municipal","municipal_incinerator","PM10","tonne waste treated","kg PM10/tonne waste treated","tonne waste treated","false","","both","false","false","true","Registry entry defines a legal activity-EF join; factor values are intentionally deferred. Technology and control weights must be applied where flagged."
"den_wst_municipal_incineration_tsp","wst_municipal_incineration","incineration","municipal","municipal_incinerator","TSP","tonne waste treated","kg TSP/tonne waste treated","tonne waste treated","false","","both","false","false","true","Registry entry defines a legal activity-EF join; factor values are intentionally deferred. Technology and control weights must be applied where flagged."
"den_wst_municipal_incineration_vocs","wst_municipal_incineration","incineration","municipal","municipal_incinerator","VOCs","tonne waste treated","kg VOCs/tonne waste treated","tonne waste treated","false","","both","false","false","true","Registry entry defines a legal activity-EF join; factor values are intentionally deferred. Technology and control weights must be applied where flagged."
"den_wst_municipal_incineration_nh3","wst_municipal_incineration","incineration","municipal","municipal_incinerator","NH3","tonne waste treated","kg NH3/tonne waste treated","tonne waste treated","false","","both","false","false","true","Registry entry defines a legal activity-EF join; factor values are intentionally deferred. Technology and control weights must be applied where flagged."
"den_wst_municipal_incineration_co","wst_municipal_incineration","incineration","municipal","municipal_incinerator","CO","tonne waste treated","kg CO/tonne waste treated","tonne waste treated","false","","both","false","false","true","Registry entry defines a legal activity-EF join; factor values are intentionally deferred. Technology and control weights must be applied where flagged."
"den_wst_municipal_incineration_bc","wst_municipal_incineration","incineration","municipal","municipal_incinerator","BC","tonne waste treated","kg BC/tonne waste treated","tonne waste treated","false","","both","false","false","true","Registry entry defines a legal activity-EF join; factor values are intentionally deferred. Technology and control weights must be applied where flagged."
"den_wst_industrial_incineration_nox","wst_industrial_incineration","incineration","industrial","industrial_incinerator","NOx","tonne waste treated","kg NOx/tonne waste treated","tonne waste treated","false","","both","false","false","true","Registry entry defines a legal activity-EF join; factor values are intentionally deferred. Technology and control weights must be applied where flagged."
"den_wst_industrial_incineration_sox","wst_industrial_incineration","incineration","industrial","industrial_incinerator","SOx","tonne waste treated","kg SOx/tonne waste treated","tonne waste treated","false","","both","false","false","true","Registry entry defines a legal activity-EF join; factor values are intentionally deferred. Technology and control weights must be applied where flagged."
"den_wst_industrial_incineration_pm25","wst_industrial_incineration","incineration","industrial","industrial_incinerator","PM2.5","tonne waste treated","kg PM2.5/tonne waste treated","tonne waste treated","false","","both","false","false","true","Registry entry defines a legal activity-EF join; factor values are intentionally deferred. Technology and control weights must be applied where flagged."
"den_wst_industrial_incineration_pm10","wst_industrial_incineration","incineration","industrial","industrial_incinerator","PM10","tonne waste treated","kg PM10/tonne waste treated","tonne waste treated","false","","both","false","false","true","Registry entry defines a legal activity-EF join; factor values are intentionally deferred. Technology and control weights must be applied where flagged."
"den_wst_industrial_incineration_tsp","wst_industrial_incineration","incineration","industrial","industrial_incinerator","TSP","tonne waste treated","kg TSP/tonne waste treated","tonne waste treated","false","","both","false","false","true","Registry entry defines a legal activity-EF join; factor values are intentionally deferred. Technology and control weights must be applied where flagged."
"den_wst_industrial_incineration_vocs","wst_industrial_incineration","incineration","industrial","industrial_incinerator","VOCs","tonne waste treated","kg VOCs/tonne waste treated","tonne waste treated","false","","both","false","false","true","Registry entry defines a legal activity-EF join; factor values are intentionally deferred. Technology and control weights must be applied where flagged."
"den_wst_industrial_incineration_nh3","wst_industrial_incineration","incineration","industrial","industrial_incinerator","NH3","tonne waste treated","kg NH3/tonne waste treated","tonne waste treated","false","","both","false","false","true","Registry entry defines a legal activity-EF join; factor values are intentionally deferred. Technology and control weights must be applied where flagged."
"den_wst_industrial_incineration_co","wst_industrial_incineration","incineration","industrial","industrial_incinerator","CO","tonne waste treated","kg CO/tonne waste treated","tonne waste treated","false","","both","false","false","true","Registry entry defines a legal activity-EF join; factor values are intentionally deferred. Technology and control weights must be applied where flagged."
"den_wst_industrial_incineration_bc","wst_industrial_incineration","incineration","industrial","industrial_incinerator","BC","tonne waste treated","kg BC/tonne waste treated","tonne waste treated","false","","both","false","false","true","Registry entry defines a legal activity-EF join; factor values are intentionally deferred. Technology and control weights must be applied where flagged."
"den_wst_medical_incineration_nox","wst_medical_incineration","incineration","medical","medical_waste_incinerator","NOx","tonne waste treated","kg NOx/tonne waste treated","tonne waste treated","false","","both","false","false","true","Registry entry defines a legal activity-EF join; factor values are intentionally deferred. Technology and control weights must be applied where flagged."
"den_wst_medical_incineration_sox","wst_medical_incineration","incineration","medical","medical_waste_incinerator","SOx","tonne waste treated","kg SOx/tonne waste treated","tonne waste treated","false","","both","false","false","true","Registry entry defines a legal activity-EF join; factor values are intentionally deferred. Technology and control weights must be applied where flagged."
"den_wst_medical_incineration_pm25","wst_medical_incineration","incineration","medical","medical_waste_incinerator","PM2.5","tonne waste treated","kg PM2.5/tonne waste treated","tonne waste treated","false","","both","false","false","true","Registry entry defines a legal activity-EF join; factor values are intentionally deferred. Technology and control weights must be applied where flagged."
"den_wst_medical_incineration_pm10","wst_medical_incineration","incineration","medical","medical_waste_incinerator","PM10","tonne waste treated","kg PM10/tonne waste treated","tonne waste treated","false","","both","false","false","true","Registry entry defines a legal activity-EF join; factor values are intentionally deferred. Technology and control weights must be applied where flagged."
"den_wst_medical_incineration_tsp","wst_medical_incineration","incineration","medical","medical_waste_incinerator","TSP","tonne waste treated","kg TSP/tonne waste treated","tonne waste treated","false","","both","false","false","true","Registry entry defines a legal activity-EF join; factor values are intentionally deferred. Technology and control weights must be applied where flagged."
"den_wst_medical_incineration_vocs","wst_medical_incineration","incineration","medical","medical_waste_incinerator","VOCs","tonne waste treated","kg VOCs/tonne waste treated","tonne waste treated","false","","both","false","false","true","Registry entry defines a legal activity-EF join; factor values are intentionally deferred. Technology and control weights must be applied where flagged."
"den_wst_medical_incineration_nh3","wst_medical_incineration","incineration","medical","medical_waste_incinerator","NH3","tonne waste treated","kg NH3/tonne waste treated","tonne waste treated","false","","both","false","false","true","Registry entry defines a legal activity-EF join; factor values are intentionally deferred. Technology and control weights must be applied where flagged."
"den_wst_medical_incineration_co","wst_medical_incineration","incineration","medical","medical_waste_incinerator","CO","tonne waste treated","kg CO/tonne waste treated","tonne waste treated","false","","both","false","false","true","Registry entry defines a legal activity-EF join; factor values are intentionally deferred. Technology and control weights must be applied where flagged."
"den_wst_medical_incineration_bc","wst_medical_incineration","incineration","medical","medical_waste_incinerator","BC","tonne waste treated","kg BC/tonne waste treated","tonne waste treated","false","","both","false","false","true","Registry entry defines a legal activity-EF join; factor values are intentionally deferred. Technology and control weights must be applied where flagged."
"den_wst_landfills_vocs","wst_landfills","landfill","municipal_and_industrial","landfill","VOCs","tonne waste landfilled","kg VOCs/tonne waste landfilled","tonne waste landfilled","false","","both","false","false","true","Registry entry defines a legal activity-EF join; factor values are intentionally deferred. Technology and control weights must be applied where flagged."
"den_wst_wastewater_vocs","wst_wastewater","wastewater","all","wastewater_treatment","VOCs","cubic metre wastewater","kg VOCs/cubic metre wastewater","cubic metre wastewater","false","","both","false","false","true","Registry entry defines a legal activity-EF join; factor values are intentionally deferred. Technology and control weights must be applied where flagged."
"den_wst_wastewater_nh3","wst_wastewater","wastewater","all","wastewater_treatment","NH3","cubic metre wastewater","kg NH3/cubic metre wastewater","cubic metre wastewater","false","","both","false","false","true","Registry entry defines a legal activity-EF join; factor values are intentionally deferred. Technology and control weights must be applied where flagged."
"den_wst_open_burning_nox","wst_open_burning","open_burning","municipal","open_waste_burning","NOx","tonne dry matter burned","kg NOx/tonne dry matter burned","tonne dry matter burned","false","","both","true","false","true","Registry entry defines a legal activity-EF join; factor values are intentionally deferred. Technology and control weights must be applied where flagged."
"den_wst_open_burning_sox","wst_open_burning","open_burning","municipal","open_waste_burning","SOx","tonne dry matter burned","kg SOx/tonne dry matter burned","tonne dry matter burned","false","","both","true","false","true","Registry entry defines a legal activity-EF join; factor values are intentionally deferred. Technology and control weights must be applied where flagged."
"den_wst_open_burning_pm25","wst_open_burning","open_burning","municipal","open_waste_burning","PM2.5","tonne dry matter burned","kg PM2.5/tonne dry matter burned","tonne dry matter burned","false","","both","true","false","true","Registry entry defines a legal activity-EF join; factor values are intentionally deferred. Technology and control weights must be applied where flagged."
"den_wst_open_burning_pm10","wst_open_burning","open_burning","municipal","open_waste_burning","PM10","tonne dry matter burned","kg PM10/tonne dry matter burned","tonne dry matter burned","false","","both","true","false","true","Registry entry defines a legal activity-EF join; factor values are intentionally deferred. Technology and control weights must be applied where flagged."
"den_wst_open_burning_tsp","wst_open_burning","open_burning","municipal","open_waste_burning","TSP","tonne dry matter burned","kg TSP/tonne dry matter burned","tonne dry matter burned","false","","both","true","false","true","Registry entry defines a legal activity-EF join; factor values are intentionally deferred. Technology and control weights must be applied where flagged."
"den_wst_open_burning_vocs","wst_open_burning","open_burning","municipal","open_waste_burning","VOCs","tonne dry matter burned","kg VOCs/tonne dry matter burned","tonne dry matter burned","false","","both","true","false","true","Registry entry defines a legal activity-EF join; factor values are intentionally deferred. Technology and control weights must be applied where flagged."
"den_wst_open_burning_nh3","wst_open_burning","open_burning","municipal","open_waste_burning","NH3","tonne dry matter burned","kg NH3/tonne dry matter burned","tonne dry matter burned","false","","both","true","false","true","Registry entry defines a legal activity-EF join; factor values are intentionally deferred. Technology and control weights must be applied where flagged."
"den_wst_open_burning_co","wst_open_burning","open_burning","municipal","open_waste_burning","CO","tonne dry matter burned","kg CO/tonne dry matter burned","tonne dry matter burned","false","","both","true","false","true","Registry entry defines a legal activity-EF join; factor values are intentionally deferred. Technology and control weights must be applied where flagged."
"den_wst_open_burning_bc","wst_open_burning","open_burning","municipal","open_waste_burning","BC","tonne dry matter burned","kg BC/tonne dry matter burned","tonne dry matter burned","false","","both","true","false","true","Registry entry defines a legal activity-EF join; factor values are intentionally deferred. Technology and control weights must be applied where flagged."
"den_ene_refining_combustion_nox","ene_refining_combustion","oil_refining","combustion","refinery_combustion","NOx","TJ fuel consumed","kg NOx/TJ fuel consumed","TJ fuel","false","","both","false","false","true","Registry entry defines a legal activity-EF join; factor values are intentionally deferred. Technology and control weights must be applied where flagged."
"den_ene_refining_combustion_sox","ene_refining_combustion","oil_refining","combustion","refinery_combustion","SOx","TJ fuel consumed","kg SOx/TJ fuel consumed","TJ fuel","false","","both","false","false","true","Registry entry defines a legal activity-EF join; factor values are intentionally deferred. Technology and control weights must be applied where flagged."
"den_ene_refining_combustion_pm25","ene_refining_combustion","oil_refining","combustion","refinery_combustion","PM2.5","TJ fuel consumed","kg PM2.5/TJ fuel consumed","TJ fuel","false","","both","false","false","true","Registry entry defines a legal activity-EF join; factor values are intentionally deferred. Technology and control weights must be applied where flagged."
"den_ene_refining_combustion_pm10","ene_refining_combustion","oil_refining","combustion","refinery_combustion","PM10","TJ fuel consumed","kg PM10/TJ fuel consumed","TJ fuel","false","","both","false","false","true","Registry entry defines a legal activity-EF join; factor values are intentionally deferred. Technology and control weights must be applied where flagged."
"den_ene_refining_combustion_tsp","ene_refining_combustion","oil_refining","combustion","refinery_combustion","TSP","TJ fuel consumed","kg TSP/TJ fuel consumed","TJ fuel","false","","both","false","false","true","Registry entry defines a legal activity-EF join; factor values are intentionally deferred. Technology and control weights must be applied where flagged."
"den_ene_refining_combustion_vocs","ene_refining_combustion","oil_refining","combustion","refinery_combustion","VOCs","TJ fuel consumed","kg VOCs/TJ fuel consumed","TJ fuel","false","","both","false","false","true","Registry entry defines a legal activity-EF join; factor values are intentionally deferred. Technology and control weights must be applied where flagged."
"den_ene_refining_combustion_nh3","ene_refining_combustion","oil_refining","combustion","refinery_combustion","NH3","TJ fuel consumed","kg NH3/TJ fuel consumed","TJ fuel","false","","both","false","false","true","Registry entry defines a legal activity-EF join; factor values are intentionally deferred. Technology and control weights must be applied where flagged."
"den_ene_refining_combustion_co","ene_refining_combustion","oil_refining","combustion","refinery_combustion","CO","TJ fuel consumed","kg CO/TJ fuel consumed","TJ fuel","false","","both","false","false","true","Registry entry defines a legal activity-EF join; factor values are intentionally deferred. Technology and control weights must be applied where flagged."
"den_ene_refining_combustion_bc","ene_refining_combustion","oil_refining","combustion","refinery_combustion","BC","TJ fuel consumed","kg BC/TJ fuel consumed","TJ fuel","false","","both","false","false","true","Registry entry defines a legal activity-EF join; factor values are intentionally deferred. Technology and control weights must be applied where flagged."
"den_ene_refining_process_nox","ene_refining_process","oil_refining","process","refinery_process","NOx","tonne crude oil","kg NOx/tonne crude oil","tonne crude oil","false","","both","false","false","true","Registry entry defines a legal activity-EF join; factor values are intentionally deferred. Technology and control weights must be applied where flagged."
"den_ene_refining_process_sox","ene_refining_process","oil_refining","process","refinery_process","SOx","tonne crude oil","kg SOx/tonne crude oil","tonne crude oil","false","","both","false","false","true","Registry entry defines a legal activity-EF join; factor values are intentionally deferred. Technology and control weights must be applied where flagged."
"den_ene_refining_process_pm25","ene_refining_process","oil_refining","process","refinery_process","PM2.5","tonne crude oil","kg PM2.5/tonne crude oil","tonne crude oil","false","","both","false","false","true","Registry entry defines a legal activity-EF join; factor values are intentionally deferred. Technology and control weights must be applied where flagged."
"den_ene_refining_process_pm10","ene_refining_process","oil_refining","process","refinery_process","PM10","tonne crude oil","kg PM10/tonne crude oil","tonne crude oil","false","","both","false","false","true","Registry entry defines a legal activity-EF join; factor values are intentionally deferred. Technology and control weights must be applied where flagged."
"den_ene_refining_process_tsp","ene_refining_process","oil_refining","process","refinery_process","TSP","tonne crude oil","kg TSP/tonne crude oil","tonne crude oil","false","","both","false","false","true","Registry entry defines a legal activity-EF join; factor values are intentionally deferred. Technology and control weights must be applied where flagged."
"den_ene_refining_process_vocs","ene_refining_process","oil_refining","process","refinery_process","VOCs","tonne crude oil","kg VOCs/tonne crude oil","tonne crude oil","false","","both","false","false","true","Registry entry defines a legal activity-EF join; factor values are intentionally deferred. Technology and control weights must be applied where flagged."
"den_ene_refining_process_co","ene_refining_process","oil_refining","process","refinery_process","CO","tonne crude oil","kg CO/tonne crude oil","tonne crude oil","false","","both","false","false","true","Registry entry defines a legal activity-EF join; factor values are intentionally deferred. Technology and control weights must be applied where flagged."
"den_ene_flaring_nox","ene_flaring","oil_refining","flaring","refinery_flare","NOx","TJ flare gas","kg NOx/TJ flare gas","TJ flare gas","false","","both","true","false","true","Registry entry defines a legal activity-EF join; factor values are intentionally deferred. Technology and control weights must be applied where flagged."
"den_ene_flaring_sox","ene_flaring","oil_refining","flaring","refinery_flare","SOx","TJ flare gas","kg SOx/TJ flare gas","TJ flare gas","false","","both","true","false","true","Registry entry defines a legal activity-EF join; factor values are intentionally deferred. Technology and control weights must be applied where flagged."
"den_ene_flaring_pm25","ene_flaring","oil_refining","flaring","refinery_flare","PM2.5","TJ flare gas","kg PM2.5/TJ flare gas","TJ flare gas","false","","both","true","false","true","Registry entry defines a legal activity-EF join; factor values are intentionally deferred. Technology and control weights must be applied where flagged."
"den_ene_flaring_pm10","ene_flaring","oil_refining","flaring","refinery_flare","PM10","TJ flare gas","kg PM10/TJ flare gas","TJ flare gas","false","","both","true","false","true","Registry entry defines a legal activity-EF join; factor values are intentionally deferred. Technology and control weights must be applied where flagged."
"den_ene_flaring_tsp","ene_flaring","oil_refining","flaring","refinery_flare","TSP","TJ flare gas","kg TSP/TJ flare gas","TJ flare gas","false","","both","true","false","true","Registry entry defines a legal activity-EF join; factor values are intentionally deferred. Technology and control weights must be applied where flagged."
"den_ene_flaring_vocs","ene_flaring","oil_refining","flaring","refinery_flare","VOCs","TJ flare gas","kg VOCs/TJ flare gas","TJ flare gas","false","","both","true","false","true","Registry entry defines a legal activity-EF join; factor values are intentionally deferred. Technology and control weights must be applied where flagged."
"den_ene_flaring_nh3","ene_flaring","oil_refining","flaring","refinery_flare","NH3","TJ flare gas","kg NH3/TJ flare gas","TJ flare gas","false","","both","true","false","true","Registry entry defines a legal activity-EF join; factor values are intentionally deferred. Technology and control weights must be applied where flagged."
"den_ene_flaring_co","ene_flaring","oil_refining","flaring","refinery_flare","CO","TJ flare gas","kg CO/TJ flare gas","TJ flare gas","false","","both","true","false","true","Registry entry defines a legal activity-EF join; factor values are intentionally deferred. Technology and control weights must be applied where flagged."
"den_ene_flaring_bc","ene_flaring","oil_refining","flaring","refinery_flare","BC","TJ flare gas","kg BC/TJ flare gas","TJ flare gas","false","","both","true","false","true","Registry entry defines a legal activity-EF join; factor values are intentionally deferred. Technology and control weights must be applied where flagged."
"den_ene_fuel_storage_loading_vocs","ene_fuel_storage_loading","fuel_distribution","storage_and_loading","fuel_storage_loading","VOCs","tonne fuel handled","kg VOCs/tonne fuel handled","tonne fuel handled","false","","uncontrolled","false","false","false","Registry entry defines a legal activity-EF join; factor values are intentionally deferred. Technology and control weights must be applied where flagged."
"den_ene_hydrogen_smr_nox","ene_hydrogen_smr","hydrogen","production","steam_methane_reforming","NOx","kg hydrogen","kg NOx/kg hydrogen","kg hydrogen","false","","both","false","true","true","Registry entry defines a legal activity-EF join; factor values are intentionally deferred. Technology and control weights must be applied where flagged."
"den_ene_hydrogen_smr_sox","ene_hydrogen_smr","hydrogen","production","steam_methane_reforming","SOx","kg hydrogen","kg SOx/kg hydrogen","kg hydrogen","false","","both","false","true","true","Registry entry defines a legal activity-EF join; factor values are intentionally deferred. Technology and control weights must be applied where flagged."
"den_ene_hydrogen_smr_pm25","ene_hydrogen_smr","hydrogen","production","steam_methane_reforming","PM2.5","kg hydrogen","kg PM2.5/kg hydrogen","kg hydrogen","false","","both","false","true","true","Registry entry defines a legal activity-EF join; factor values are intentionally deferred. Technology and control weights must be applied where flagged."
"den_ene_hydrogen_smr_pm10","ene_hydrogen_smr","hydrogen","production","steam_methane_reforming","PM10","kg hydrogen","kg PM10/kg hydrogen","kg hydrogen","false","","both","false","true","true","Registry entry defines a legal activity-EF join; factor values are intentionally deferred. Technology and control weights must be applied where flagged."
"den_ene_hydrogen_smr_tsp","ene_hydrogen_smr","hydrogen","production","steam_methane_reforming","TSP","kg hydrogen","kg TSP/kg hydrogen","kg hydrogen","false","","both","false","true","true","Registry entry defines a legal activity-EF join; factor values are intentionally deferred. Technology and control weights must be applied where flagged."
"den_ene_hydrogen_smr_vocs","ene_hydrogen_smr","hydrogen","production","steam_methane_reforming","VOCs","kg hydrogen","kg VOCs/kg hydrogen","kg hydrogen","false","","both","false","true","true","Registry entry defines a legal activity-EF join; factor values are intentionally deferred. Technology and control weights must be applied where flagged."
"den_ene_hydrogen_smr_co","ene_hydrogen_smr","hydrogen","production","steam_methane_reforming","CO","kg hydrogen","kg CO/kg hydrogen","kg hydrogen","false","","both","false","true","true","Registry entry defines a legal activity-EF join; factor values are intentionally deferred. Technology and control weights must be applied where flagged."
"den_ene_hydrogen_coal_nox","ene_hydrogen_coal","hydrogen","production","coal_gasification","NOx","kg hydrogen","kg NOx/kg hydrogen","kg hydrogen","false","","both","false","true","true","Registry entry defines a legal activity-EF join; factor values are intentionally deferred. Technology and control weights must be applied where flagged."
"den_ene_hydrogen_coal_sox","ene_hydrogen_coal","hydrogen","production","coal_gasification","SOx","kg hydrogen","kg SOx/kg hydrogen","kg hydrogen","false","","both","false","true","true","Registry entry defines a legal activity-EF join; factor values are intentionally deferred. Technology and control weights must be applied where flagged."
"den_ene_hydrogen_coal_pm25","ene_hydrogen_coal","hydrogen","production","coal_gasification","PM2.5","kg hydrogen","kg PM2.5/kg hydrogen","kg hydrogen","false","","both","false","true","true","Registry entry defines a legal activity-EF join; factor values are intentionally deferred. Technology and control weights must be applied where flagged."
"den_ene_hydrogen_coal_pm10","ene_hydrogen_coal","hydrogen","production","coal_gasification","PM10","kg hydrogen","kg PM10/kg hydrogen","kg hydrogen","false","","both","false","true","true","Registry entry defines a legal activity-EF join; factor values are intentionally deferred. Technology and control weights must be applied where flagged."
"den_ene_hydrogen_coal_tsp","ene_hydrogen_coal","hydrogen","production","coal_gasification","TSP","kg hydrogen","kg TSP/kg hydrogen","kg hydrogen","false","","both","false","true","true","Registry entry defines a legal activity-EF join; factor values are intentionally deferred. Technology and control weights must be applied where flagged."
"den_ene_hydrogen_coal_vocs","ene_hydrogen_coal","hydrogen","production","coal_gasification","VOCs","kg hydrogen","kg VOCs/kg hydrogen","kg hydrogen","false","","both","false","true","true","Registry entry defines a legal activity-EF join; factor values are intentionally deferred. Technology and control weights must be applied where flagged."
"den_ene_hydrogen_coal_co","ene_hydrogen_coal","hydrogen","production","coal_gasification","CO","kg hydrogen","kg CO/kg hydrogen","kg hydrogen","false","","both","false","true","true","Registry entry defines a legal activity-EF join; factor values are intentionally deferred. Technology and control weights must be applied where flagged."
"den_ene_hydrogen_coal_bc","ene_hydrogen_coal","hydrogen","production","coal_gasification","BC","kg hydrogen","kg BC/kg hydrogen","kg hydrogen","false","","both","false","true","true","Registry entry defines a legal activity-EF join; factor values are intentionally deferred. Technology and control weights must be applied where flagged."
"den_ene_hydrogen_byproduct_nox","ene_hydrogen_byproduct","hydrogen","production","byproduct_hydrogen","NOx","kg hydrogen","kg NOx/kg hydrogen","kg hydrogen","false","","both","false","true","true","Registry entry defines a legal activity-EF join; factor values are intentionally deferred. Technology and control weights must be applied where flagged."
"den_ene_hydrogen_byproduct_sox","ene_hydrogen_byproduct","hydrogen","production","byproduct_hydrogen","SOx","kg hydrogen","kg SOx/kg hydrogen","kg hydrogen","false","","both","false","true","true","Registry entry defines a legal activity-EF join; factor values are intentionally deferred. Technology and control weights must be applied where flagged."
"den_ene_hydrogen_byproduct_pm25","ene_hydrogen_byproduct","hydrogen","production","byproduct_hydrogen","PM2.5","kg hydrogen","kg PM2.5/kg hydrogen","kg hydrogen","false","","both","false","true","true","Registry entry defines a legal activity-EF join; factor values are intentionally deferred. Technology and control weights must be applied where flagged."
"den_ene_hydrogen_byproduct_pm10","ene_hydrogen_byproduct","hydrogen","production","byproduct_hydrogen","PM10","kg hydrogen","kg PM10/kg hydrogen","kg hydrogen","false","","both","false","true","true","Registry entry defines a legal activity-EF join; factor values are intentionally deferred. Technology and control weights must be applied where flagged."
"den_ene_hydrogen_byproduct_tsp","ene_hydrogen_byproduct","hydrogen","production","byproduct_hydrogen","TSP","kg hydrogen","kg TSP/kg hydrogen","kg hydrogen","false","","both","false","true","true","Registry entry defines a legal activity-EF join; factor values are intentionally deferred. Technology and control weights must be applied where flagged."
"den_ene_hydrogen_byproduct_vocs","ene_hydrogen_byproduct","hydrogen","production","byproduct_hydrogen","VOCs","kg hydrogen","kg VOCs/kg hydrogen","kg hydrogen","false","","both","false","true","true","Registry entry defines a legal activity-EF join; factor values are intentionally deferred. Technology and control weights must be applied where flagged."
"den_ene_hydrogen_byproduct_co","ene_hydrogen_byproduct","hydrogen","production","byproduct_hydrogen","CO","kg hydrogen","kg CO/kg hydrogen","kg hydrogen","false","","both","false","true","true","Registry entry defines a legal activity-EF join; factor values are intentionally deferred. Technology and control weights must be applied where flagged."
"den_ene_hydrogen_biomass_nox","ene_hydrogen_biomass","hydrogen","production","biomass_gasification","NOx","kg hydrogen","kg NOx/kg hydrogen","kg hydrogen","false","","both","false","true","true","Registry entry defines a legal activity-EF join; factor values are intentionally deferred. Technology and control weights must be applied where flagged."
"den_ene_hydrogen_biomass_sox","ene_hydrogen_biomass","hydrogen","production","biomass_gasification","SOx","kg hydrogen","kg SOx/kg hydrogen","kg hydrogen","false","","both","false","true","true","Registry entry defines a legal activity-EF join; factor values are intentionally deferred. Technology and control weights must be applied where flagged."
"den_ene_hydrogen_biomass_pm25","ene_hydrogen_biomass","hydrogen","production","biomass_gasification","PM2.5","kg hydrogen","kg PM2.5/kg hydrogen","kg hydrogen","false","","both","false","true","true","Registry entry defines a legal activity-EF join; factor values are intentionally deferred. Technology and control weights must be applied where flagged."
"den_ene_hydrogen_biomass_pm10","ene_hydrogen_biomass","hydrogen","production","biomass_gasification","PM10","kg hydrogen","kg PM10/kg hydrogen","kg hydrogen","false","","both","false","true","true","Registry entry defines a legal activity-EF join; factor values are intentionally deferred. Technology and control weights must be applied where flagged."
"den_ene_hydrogen_biomass_tsp","ene_hydrogen_biomass","hydrogen","production","biomass_gasification","TSP","kg hydrogen","kg TSP/kg hydrogen","kg hydrogen","false","","both","false","true","true","Registry entry defines a legal activity-EF join; factor values are intentionally deferred. Technology and control weights must be applied where flagged."
"den_ene_hydrogen_biomass_vocs","ene_hydrogen_biomass","hydrogen","production","biomass_gasification","VOCs","kg hydrogen","kg VOCs/kg hydrogen","kg hydrogen","false","","both","false","true","true","Registry entry defines a legal activity-EF join; factor values are intentionally deferred. Technology and control weights must be applied where flagged."
"den_ene_hydrogen_biomass_co","ene_hydrogen_biomass","hydrogen","production","biomass_gasification","CO","kg hydrogen","kg CO/kg hydrogen","kg hydrogen","false","","both","false","true","true","Registry entry defines a legal activity-EF join; factor values are intentionally deferred. Technology and control weights must be applied where flagged."
"den_ene_hydrogen_biomass_bc","ene_hydrogen_biomass","hydrogen","production","biomass_gasification","BC","kg hydrogen","kg BC/kg hydrogen","kg hydrogen","false","","both","false","true","true","Registry entry defines a legal activity-EF join; factor values are intentionally deferred. Technology and control weights must be applied where flagged."
"den_aqs_solvent_use_vocs","aqs_solvent_use","solvent_product_use","all","solvent_use","VOCs","tonne solvent consumed","kg VOCs/tonne solvent consumed","tonne solvent consumed","false","","uncontrolled","false","false","false","Registry entry defines a legal activity-EF join; factor values are intentionally deferred. Technology and control weights must be applied where flagged."
"den_aqs_construction_dust_pm25","aqs_construction_dust","fugitive_dust","construction","construction_dust","PM2.5","square metre constructed","kg PM2.5/square metre constructed","square metre constructed","false","","uncontrolled","false","false","false","Registry entry defines a legal activity-EF join; factor values are intentionally deferred. Technology and control weights must be applied where flagged."
"den_aqs_construction_dust_pm10","aqs_construction_dust","fugitive_dust","construction","construction_dust","PM10","square metre constructed","kg PM10/square metre constructed","square metre constructed","false","","uncontrolled","false","false","false","Registry entry defines a legal activity-EF join; factor values are intentionally deferred. Technology and control weights must be applied where flagged."
"den_aqs_construction_dust_tsp","aqs_construction_dust","fugitive_dust","construction","construction_dust","TSP","square metre constructed","kg TSP/square metre constructed","square metre constructed","false","","uncontrolled","false","false","false","Registry entry defines a legal activity-EF join; factor values are intentionally deferred. Technology and control weights must be applied where flagged."
"den_aqs_paved_road_dust_pm25","aqs_paved_road_dust","fugitive_dust","paved_road","paved_road_dust","PM2.5","vehicle-km","g PM2.5/vehicle-km","vehicle-km","false","","uncontrolled","true","false","false","Registry entry defines a legal activity-EF join; factor values are intentionally deferred. Convert factor-product grams to emissions_kg; annual fleet, speed, and control shares create the effective factor."
"den_aqs_paved_road_dust_pm10","aqs_paved_road_dust","fugitive_dust","paved_road","paved_road_dust","PM10","vehicle-km","g PM10/vehicle-km","vehicle-km","false","","uncontrolled","true","false","false","Registry entry defines a legal activity-EF join; factor values are intentionally deferred. Convert factor-product grams to emissions_kg; annual fleet, speed, and control shares create the effective factor."
"den_aqs_paved_road_dust_tsp","aqs_paved_road_dust","fugitive_dust","paved_road","paved_road_dust","TSP","vehicle-km","g TSP/vehicle-km","vehicle-km","false","","uncontrolled","true","false","false","Registry entry defines a legal activity-EF join; factor values are intentionally deferred. Convert factor-product grams to emissions_kg; annual fleet, speed, and control shares create the effective factor."
"den_aqs_unpaved_road_dust_pm25","aqs_unpaved_road_dust","fugitive_dust","unpaved_road","unpaved_road_dust","PM2.5","vehicle-km","g PM2.5/vehicle-km","vehicle-km","false","","uncontrolled","true","false","false","Registry entry defines a legal activity-EF join; factor values are intentionally deferred. Convert factor-product grams to emissions_kg; annual fleet, speed, and control shares create the effective factor."
"den_aqs_unpaved_road_dust_pm10","aqs_unpaved_road_dust","fugitive_dust","unpaved_road","unpaved_road_dust","PM10","vehicle-km","g PM10/vehicle-km","vehicle-km","false","","uncontrolled","true","false","false","Registry entry defines a legal activity-EF join; factor values are intentionally deferred. Convert factor-product grams to emissions_kg; annual fleet, speed, and control shares create the effective factor."
"den_aqs_unpaved_road_dust_tsp","aqs_unpaved_road_dust","fugitive_dust","unpaved_road","unpaved_road_dust","TSP","vehicle-km","g TSP/vehicle-km","vehicle-km","false","","uncontrolled","true","false","false","Registry entry defines a legal activity-EF join; factor values are intentionally deferred. Convert factor-product grams to emissions_kg; annual fleet, speed, and control shares create the effective factor."
"den_aqs_fuel_distribution_losses_vocs","aqs_fuel_distribution_losses","fuel_distribution","losses","distribution_losses","VOCs","tonne fuel handled","kg VOCs/tonne fuel handled","tonne fuel handled","false","","uncontrolled","false","false","false","Registry entry defines a legal activity-EF join; factor values are intentionally deferred. Technology and control weights must be applied where flagged."
"den_aqs_open_biomass_burning_nox","aqs_open_biomass_burning","biomass_burning","open_burning","open_biomass_burning","NOx","tonne dry matter burned","kg NOx/tonne dry matter burned","tonne dry matter burned","false","","uncontrolled","false","false","false","Registry entry defines a legal activity-EF join; factor values are intentionally deferred. Technology and control weights must be applied where flagged."
"den_aqs_open_biomass_burning_sox","aqs_open_biomass_burning","biomass_burning","open_burning","open_biomass_burning","SOx","tonne dry matter burned","kg SOx/tonne dry matter burned","tonne dry matter burned","false","","uncontrolled","false","false","false","Registry entry defines a legal activity-EF join; factor values are intentionally deferred. Technology and control weights must be applied where flagged."
"den_aqs_open_biomass_burning_pm25","aqs_open_biomass_burning","biomass_burning","open_burning","open_biomass_burning","PM2.5","tonne dry matter burned","kg PM2.5/tonne dry matter burned","tonne dry matter burned","false","","uncontrolled","false","false","false","Registry entry defines a legal activity-EF join; factor values are intentionally deferred. Technology and control weights must be applied where flagged."
"den_aqs_open_biomass_burning_pm10","aqs_open_biomass_burning","biomass_burning","open_burning","open_biomass_burning","PM10","tonne dry matter burned","kg PM10/tonne dry matter burned","tonne dry matter burned","false","","uncontrolled","false","false","false","Registry entry defines a legal activity-EF join; factor values are intentionally deferred. Technology and control weights must be applied where flagged."
"den_aqs_open_biomass_burning_tsp","aqs_open_biomass_burning","biomass_burning","open_burning","open_biomass_burning","TSP","tonne dry matter burned","kg TSP/tonne dry matter burned","tonne dry matter burned","false","","uncontrolled","false","false","false","Registry entry defines a legal activity-EF join; factor values are intentionally deferred. Technology and control weights must be applied where flagged."
"den_aqs_open_biomass_burning_vocs","aqs_open_biomass_burning","biomass_burning","open_burning","open_biomass_burning","VOCs","tonne dry matter burned","kg VOCs/tonne dry matter burned","tonne dry matter burned","false","","uncontrolled","false","false","false","Registry entry defines a legal activity-EF join; factor values are intentionally deferred. Technology and control weights must be applied where flagged."
"den_aqs_open_biomass_burning_nh3","aqs_open_biomass_burning","biomass_burning","open_burning","open_biomass_burning","NH3","tonne dry matter burned","kg NH3/tonne dry matter burned","tonne dry matter burned","false","","uncontrolled","false","false","false","Registry entry defines a legal activity-EF join; factor values are intentionally deferred. Technology and control weights must be applied where flagged."
"den_aqs_open_biomass_burning_co","aqs_open_biomass_burning","biomass_burning","open_burning","open_biomass_burning","CO","tonne dry matter burned","kg CO/tonne dry matter burned","tonne dry matter burned","false","","uncontrolled","false","false","false","Registry entry defines a legal activity-EF join; factor values are intentionally deferred. Technology and control weights must be applied where flagged."
"den_aqs_open_biomass_burning_bc","aqs_open_biomass_burning","biomass_burning","open_burning","open_biomass_burning","BC","tonne dry matter burned","kg BC/tonne dry matter burned","tonne dry matter burned","false","","uncontrolled","false","false","false","Registry entry defines a legal activity-EF join; factor values are intentionally deferred. Technology and control weights must be applied where flagged."
"den_aqs_commercial_cooking_aerosol_nox","aqs_commercial_cooking_aerosol","biomass_burning","commercial_cooking","commercial_grilling","NOx","tonne food grilled","kg NOx/tonne food grilled","tonne food grilled","false","CAPSS g/kg food is numerically equivalent to kg/tonne food.","uncontrolled","true","true","false","Annual species, cooking-method, and restaurant/catering shares create the effective factor."
"den_aqs_commercial_cooking_aerosol_sox","aqs_commercial_cooking_aerosol","biomass_burning","commercial_cooking","commercial_grilling","SOx","tonne food grilled","kg SOx/tonne food grilled","tonne food grilled","false","CAPSS g/kg food is numerically equivalent to kg/tonne food.","uncontrolled","true","true","false","Annual species, cooking-method, and restaurant/catering shares create the effective factor."
"den_aqs_commercial_cooking_aerosol_pm25","aqs_commercial_cooking_aerosol","biomass_burning","commercial_cooking","commercial_grilling","PM2.5","tonne food grilled","kg PM2.5/tonne food grilled","tonne food grilled","false","CAPSS g/kg food is numerically equivalent to kg/tonne food.","uncontrolled","true","true","false","Annual species, cooking-method, and restaurant/catering shares create the effective factor."
"den_aqs_commercial_cooking_aerosol_pm10","aqs_commercial_cooking_aerosol","biomass_burning","commercial_cooking","commercial_grilling","PM10","tonne food grilled","kg PM10/tonne food grilled","tonne food grilled","false","CAPSS g/kg food is numerically equivalent to kg/tonne food.","uncontrolled","true","true","false","Annual species, cooking-method, and restaurant/catering shares create the effective factor."
"den_aqs_commercial_cooking_aerosol_tsp","aqs_commercial_cooking_aerosol","biomass_burning","commercial_cooking","commercial_grilling","TSP","tonne food grilled","kg TSP/tonne food grilled","tonne food grilled","false","CAPSS g/kg food is numerically equivalent to kg/tonne food.","uncontrolled","true","true","false","Annual species, cooking-method, and restaurant/catering shares create the effective factor."
"den_aqs_commercial_cooking_aerosol_vocs","aqs_commercial_cooking_aerosol","biomass_burning","commercial_cooking","commercial_grilling","VOCs","tonne food grilled","kg VOCs/tonne food grilled","tonne food grilled","false","CAPSS g/kg food is numerically equivalent to kg/tonne food.","uncontrolled","true","true","false","Annual species, cooking-method, and restaurant/catering shares create the effective factor."
"den_aqs_commercial_cooking_aerosol_nh3","aqs_commercial_cooking_aerosol","biomass_burning","commercial_cooking","commercial_grilling","NH3","tonne food grilled","kg NH3/tonne food grilled","tonne food grilled","false","CAPSS g/kg food is numerically equivalent to kg/tonne food.","uncontrolled","true","true","false","Annual species, cooking-method, and restaurant/catering shares create the effective factor."
"den_aqs_commercial_cooking_aerosol_co","aqs_commercial_cooking_aerosol","biomass_burning","commercial_cooking","commercial_grilling","CO","tonne food grilled","kg CO/tonne food grilled","tonne food grilled","false","CAPSS g/kg food is numerically equivalent to kg/tonne food.","uncontrolled","true","true","false","Annual species, cooking-method, and restaurant/catering shares create the effective factor."
"den_aqs_charcoal_kiln_nox","aqs_charcoal_kiln","biomass_burning","charcoal_production","charcoal_kiln","NOx","tonne dry wood","kg NOx/tonne dry wood","tonne dry wood","false","CAPSS g/kg wood is numerically equivalent to kg/tonne wood.","uncontrolled","false","false","false","Convert CAPSS cubic-metre feedstock activity with its documented 800 kg/m3 density."
"den_aqs_charcoal_kiln_sox","aqs_charcoal_kiln","biomass_burning","charcoal_production","charcoal_kiln","SOx","tonne dry wood","kg SOx/tonne dry wood","tonne dry wood","false","CAPSS g/kg wood is numerically equivalent to kg/tonne wood.","uncontrolled","false","false","false","Convert CAPSS cubic-metre feedstock activity with its documented 800 kg/m3 density."
"den_aqs_charcoal_kiln_pm25","aqs_charcoal_kiln","biomass_burning","charcoal_production","charcoal_kiln","PM2.5","tonne dry wood","kg PM2.5/tonne dry wood","tonne dry wood","false","CAPSS g/kg wood is numerically equivalent to kg/tonne wood.","uncontrolled","false","false","false","Convert CAPSS cubic-metre feedstock activity with its documented 800 kg/m3 density."
"den_aqs_charcoal_kiln_pm10","aqs_charcoal_kiln","biomass_burning","charcoal_production","charcoal_kiln","PM10","tonne dry wood","kg PM10/tonne dry wood","tonne dry wood","false","CAPSS g/kg wood is numerically equivalent to kg/tonne wood.","uncontrolled","false","false","false","Convert CAPSS cubic-metre feedstock activity with its documented 800 kg/m3 density."
"den_aqs_charcoal_kiln_tsp","aqs_charcoal_kiln","biomass_burning","charcoal_production","charcoal_kiln","TSP","tonne dry wood","kg TSP/tonne dry wood","tonne dry wood","false","CAPSS g/kg wood is numerically equivalent to kg/tonne wood.","uncontrolled","false","false","false","Convert CAPSS cubic-metre feedstock activity with its documented 800 kg/m3 density."
"den_aqs_charcoal_kiln_vocs","aqs_charcoal_kiln","biomass_burning","charcoal_production","charcoal_kiln","VOCs","tonne dry wood","kg VOCs/tonne dry wood","tonne dry wood","false","CAPSS g/kg wood is numerically equivalent to kg/tonne wood.","uncontrolled","false","false","false","Convert CAPSS cubic-metre feedstock activity with its documented 800 kg/m3 density."
"den_aqs_charcoal_kiln_nh3","aqs_charcoal_kiln","biomass_burning","charcoal_production","charcoal_kiln","NH3","tonne dry wood","kg NH3/tonne dry wood","tonne dry wood","false","CAPSS g/kg wood is numerically equivalent to kg/tonne wood.","uncontrolled","false","false","false","A missing CAPSS value remains missing, not zero."
"den_aqs_charcoal_kiln_co","aqs_charcoal_kiln","biomass_burning","charcoal_production","charcoal_kiln","CO","tonne dry wood","kg CO/tonne dry wood","tonne dry wood","false","CAPSS g/kg wood is numerically equivalent to kg/tonne wood.","uncontrolled","false","false","false","Convert CAPSS cubic-metre feedstock activity with its documented 800 kg/m3 density."
"den_aqs_road_tire_brake_wear_pm25","aqs_road_tire_brake_wear","fugitive_dust","road_nonexhaust","tire_brake_wear","PM2.5","vehicle-km","g PM2.5/vehicle-km","vehicle-km","false","","uncontrolled","true","true","false","Vehicle class, size, and driving-pattern weights are required once the Korean factors are published."
"den_aqs_road_tire_brake_wear_pm10","aqs_road_tire_brake_wear","fugitive_dust","road_nonexhaust","tire_brake_wear","PM10","vehicle-km","g PM10/vehicle-km","vehicle-km","false","","uncontrolled","true","true","false","Vehicle class, size, and driving-pattern weights are required once the Korean factors are published."
"den_aqs_road_tire_brake_wear_tsp","aqs_road_tire_brake_wear","fugitive_dust","road_nonexhaust","tire_brake_wear","TSP","vehicle-km","g TSP/vehicle-km","vehicle-km","false","","uncontrolled","true","true","false","Vehicle class, size, and driving-pattern weights are required once the Korean factors are published."
